
*** Running vivado
    with args -log Top_wrapper.vdi -applog -m64 -product Vivado -messageDb vivado.pb -mode batch -source Top_wrapper.tcl -notrace


****** Vivado v2023.1 (64-bit)
  **** SW Build 3865809 on Sun May  7 15:04:56 MDT 2023
  **** IP Build 3864474 on Sun May  7 20:36:21 MDT 2023
  **** SharedData Build 3865790 on Sun May 07 13:33:03 MDT 2023
    ** Copyright 1986-2022 Xilinx, Inc. All Rights Reserved.
    ** Copyright 2022-2023 Advanced Micro Devices, Inc. All Rights Reserved.

source Top_wrapper.tcl -notrace
create_project: Time (s): cpu = 00:00:06 ; elapsed = 00:00:06 . Memory (MB): peak = 1280.707 ; gain = 0.023 ; free physical = 49943 ; free virtual = 59127
INFO: [IP_Flow 19-234] Refreshing IP repositories
INFO: [IP_Flow 19-1700] Loaded user IP repository '/home/cansu/ip_repo/axi_reg_1_0'.
WARNING: [IP_Flow 19-2207] Repository '/home/cansu/ip_repo/axi_reg_1_0' already exists; ignoring attempt to add it again.
INFO: [IP_Flow 19-1700] Loaded user IP repository '/home/cansu/ip_repo/axi_reg_1_0'.
WARNING: [IP_Flow 19-2248] Failed to load user IP repository '/home/cansu/Desktop/bf2/bf_different_sizes/Desktop/NiteFury-and-LiteFury/Sample-Projects/Project-0/FPGA/Nitefury-II/ip_repo/myip_datagen_1_0'; Can't find the specified path.
If this directory should no longer be in your list of user repositories, go to the IP Settings dialog and remove it.
INFO: [IP_Flow 19-2313] Loaded Vivado IP repository '/tools/Xilinx/Vivado/2023.1/data/ip'.
Command: link_design -top Top_wrapper -part xc7a200tfbg484-2
Design is defaulting to srcset: sources_1
Design is defaulting to constrset: constrs_1
INFO: [Device 21-403] Loading part xc7a200tfbg484-2
INFO: [Project 1-454] Reading design checkpoint '/home/cansu/Desktop/bf2/bf2_hw/bf2_hw.gen/sources_1/bd/Top/ip/Top_axi_bram_ctrl_0_0/Top_axi_bram_ctrl_0_0.dcp' for cell 'Top_i/axi_bram_ctrl_0'
INFO: [Project 1-454] Reading design checkpoint '/home/cansu/Desktop/bf2/bf2_hw/bf2_hw.gen/sources_1/bd/Top/ip/Top_axi_gpio_2_0/Top_axi_gpio_2_0.dcp' for cell 'Top_i/axi_gpio_host_ready'
INFO: [Project 1-454] Reading design checkpoint '/home/cansu/Desktop/bf2/bf2_hw/bf2_hw.gen/sources_1/bd/Top/ip/Top_axi_gpio_3_1/Top_axi_gpio_3_1.dcp' for cell 'Top_i/axi_gpio_number_of_hashes'
INFO: [Project 1-454] Reading design checkpoint '/home/cansu/Desktop/bf2/bf2_hw/bf2_hw.gen/sources_1/bd/Top/ip/Top_axi_gpio_3_0/Top_axi_gpio_3_0.dcp' for cell 'Top_i/axi_gpio_prog_Data'
INFO: [Project 1-454] Reading design checkpoint '/home/cansu/Desktop/bf2/bf2_hw/bf2_hw.gen/sources_1/bd/Top/ip/Top_axi_gpio_0_0/Top_axi_gpio_0_0.dcp' for cell 'Top_i/axi_gpio_read_count'
INFO: [Project 1-454] Reading design checkpoint '/home/cansu/Desktop/bf2/bf2_hw/bf2_hw.gen/sources_1/bd/Top/ip/Top_axi_gpio_1_0/Top_axi_gpio_1_0.dcp' for cell 'Top_i/axi_gpio_write_count'
INFO: [Project 1-454] Reading design checkpoint '/home/cansu/Desktop/bf2/bf2_hw/bf2_hw.gen/sources_1/bd/Top/ip/Top_blk_mem_gen_0_1/Top_blk_mem_gen_0_1.dcp' for cell 'Top_i/blk_mem_gen_0'
INFO: [Project 1-454] Reading design checkpoint '/home/cansu/Desktop/bf2/bf2_hw/bf2_hw.gen/sources_1/bd/Top/ip/Top_clk_wiz_1/Top_clk_wiz_1.dcp' for cell 'Top_i/clk_wiz'
INFO: [Project 1-454] Reading design checkpoint '/home/cansu/Desktop/bf2/bf2_hw/bf2_hw.gen/sources_1/bd/Top/ip/Top_comparator_0_0/Top_comparator_0_0.dcp' for cell 'Top_i/comparator_0'
INFO: [Project 1-454] Reading design checkpoint '/home/cansu/Desktop/bf2/bf2_hw/bf2_hw.gen/sources_1/bd/Top/ip/Top_multi_cores_top_0_0/Top_multi_cores_top_0_0.dcp' for cell 'Top_i/multi_cores_top_0'
INFO: [Project 1-454] Reading design checkpoint '/home/cansu/Desktop/bf2/bf2_hw/bf2_hw.gen/sources_1/bd/Top/ip/Top_rst_clk_wiz_100M_0/Top_rst_clk_wiz_100M_0.dcp' for cell 'Top_i/rst_clk_wiz_100M'
INFO: [Project 1-454] Reading design checkpoint '/home/cansu/Desktop/bf2/bf2_hw/bf2_hw.gen/sources_1/bd/Top/ip/Top_util_ds_buf_0_1/Top_util_ds_buf_0.dcp' for cell 'Top_i/util_ds_buf'
INFO: [Project 1-454] Reading design checkpoint '/home/cansu/Desktop/bf2/bf2_hw/bf2_hw.gen/sources_1/bd/Top/ip/Top_util_vector_logic_0_0/Top_util_vector_logic_0_0.dcp' for cell 'Top_i/util_vector_logic_0'
INFO: [Project 1-454] Reading design checkpoint '/home/cansu/Desktop/bf2/bf2_hw/bf2_hw.gen/sources_1/bd/Top/ip/Top_xdma_0_0_1/Top_xdma_0_0.dcp' for cell 'Top_i/xdma_0'
INFO: [Project 1-454] Reading design checkpoint '/home/cansu/Desktop/bf2/bf2_hw/bf2_hw.gen/sources_1/bd/Top/ip/Top_auto_cc_0/Top_auto_cc_0.dcp' for cell 'Top_i/axi_interconnect_1/s00_couplers/auto_cc'
INFO: [Project 1-454] Reading design checkpoint '/home/cansu/Desktop/bf2/bf2_hw/bf2_hw.gen/sources_1/bd/Top/ip/Top_xbar_1/Top_xbar_1.dcp' for cell 'Top_i/xdma_0_axi_periph/xbar'
INFO: [Project 1-454] Reading design checkpoint '/home/cansu/Desktop/bf2/bf2_hw/bf2_hw.gen/sources_1/bd/Top/ip/Top_auto_cc_1/Top_auto_cc_1.dcp' for cell 'Top_i/xdma_0_axi_periph/s00_couplers/auto_cc'
Netlist sorting complete. Time (s): cpu = 00:00:01 ; elapsed = 00:00:01 . Memory (MB): peak = 2070.988 ; gain = 0.000 ; free physical = 48943 ; free virtual = 58242
INFO: [Netlist 29-17] Analyzing 11106 Unisim elements for replacement
INFO: [Netlist 29-28] Unisim Transformation completed in 0 CPU seconds
WARNING: [Netlist 29-1115] Found multi-term driver net: Top_i/util_ds_buf/U0/<const0>.
INFO: [Project 1-479] Netlist was created with Vivado 2023.1
INFO: [Project 1-570] Preparing netlist for logic optimization
WARNING: [Opt 31-32] Removing redundant IBUF since it is not being driven by a top-level port. Top_i/clk_wiz/inst/clkin1_ibufg 
Resolution: The tool has removed redundant IBUF. To resolve this warning, check for redundant IBUF in the input design.
WARNING: [Constraints 18-550] Could not create 'IBUF_LOW_PWR' constraint because net 'Top_i/clk_wiz/clk_in1' is not directly connected to top level port. Synthesis is ignored for IBUF_LOW_PWR but preserved for implementation.
Parsing XDC File [/home/cansu/Desktop/bf2/bf2_hw/bf2_hw.gen/sources_1/bd/Top/ip/Top_axi_gpio_1_0/Top_axi_gpio_1_0.xdc] for cell 'Top_i/axi_gpio_write_count/U0'
Finished Parsing XDC File [/home/cansu/Desktop/bf2/bf2_hw/bf2_hw.gen/sources_1/bd/Top/ip/Top_axi_gpio_1_0/Top_axi_gpio_1_0.xdc] for cell 'Top_i/axi_gpio_write_count/U0'
Parsing XDC File [/home/cansu/Desktop/bf2/bf2_hw/bf2_hw.gen/sources_1/bd/Top/ip/Top_axi_gpio_3_1/Top_axi_gpio_3_1.xdc] for cell 'Top_i/axi_gpio_number_of_hashes/U0'
Finished Parsing XDC File [/home/cansu/Desktop/bf2/bf2_hw/bf2_hw.gen/sources_1/bd/Top/ip/Top_axi_gpio_3_1/Top_axi_gpio_3_1.xdc] for cell 'Top_i/axi_gpio_number_of_hashes/U0'
Parsing XDC File [/home/cansu/Desktop/bf2/bf2_hw/bf2_hw.gen/sources_1/bd/Top/ip/Top_axi_gpio_3_1/Top_axi_gpio_3_1_board.xdc] for cell 'Top_i/axi_gpio_number_of_hashes/U0'
Finished Parsing XDC File [/home/cansu/Desktop/bf2/bf2_hw/bf2_hw.gen/sources_1/bd/Top/ip/Top_axi_gpio_3_1/Top_axi_gpio_3_1_board.xdc] for cell 'Top_i/axi_gpio_number_of_hashes/U0'
Parsing XDC File [/home/cansu/Desktop/bf2/bf2_hw/bf2_hw.gen/sources_1/bd/Top/ip/Top_axi_gpio_3_0/Top_axi_gpio_3_0.xdc] for cell 'Top_i/axi_gpio_prog_Data/U0'
Finished Parsing XDC File [/home/cansu/Desktop/bf2/bf2_hw/bf2_hw.gen/sources_1/bd/Top/ip/Top_axi_gpio_3_0/Top_axi_gpio_3_0.xdc] for cell 'Top_i/axi_gpio_prog_Data/U0'
Parsing XDC File [/home/cansu/Desktop/bf2/bf2_hw/bf2_hw.gen/sources_1/bd/Top/ip/Top_axi_gpio_3_0/Top_axi_gpio_3_0_board.xdc] for cell 'Top_i/axi_gpio_prog_Data/U0'
Finished Parsing XDC File [/home/cansu/Desktop/bf2/bf2_hw/bf2_hw.gen/sources_1/bd/Top/ip/Top_axi_gpio_3_0/Top_axi_gpio_3_0_board.xdc] for cell 'Top_i/axi_gpio_prog_Data/U0'
Parsing XDC File [/home/cansu/Desktop/bf2/bf2_hw/bf2_hw.gen/sources_1/bd/Top/ip/Top_axi_gpio_2_0/Top_axi_gpio_2_0.xdc] for cell 'Top_i/axi_gpio_host_ready/U0'
Finished Parsing XDC File [/home/cansu/Desktop/bf2/bf2_hw/bf2_hw.gen/sources_1/bd/Top/ip/Top_axi_gpio_2_0/Top_axi_gpio_2_0.xdc] for cell 'Top_i/axi_gpio_host_ready/U0'
Parsing XDC File [/home/cansu/Desktop/bf2/bf2_hw/bf2_hw.gen/sources_1/bd/Top/ip/Top_axi_gpio_2_0/Top_axi_gpio_2_0_board.xdc] for cell 'Top_i/axi_gpio_host_ready/U0'
Finished Parsing XDC File [/home/cansu/Desktop/bf2/bf2_hw/bf2_hw.gen/sources_1/bd/Top/ip/Top_axi_gpio_2_0/Top_axi_gpio_2_0_board.xdc] for cell 'Top_i/axi_gpio_host_ready/U0'
Parsing XDC File [/home/cansu/Desktop/bf2/bf2_hw/bf2_hw.gen/sources_1/bd/Top/ip/Top_clk_wiz_1/Top_clk_wiz_1.xdc] for cell 'Top_i/clk_wiz/inst'
INFO: [Timing 38-35] Done setting XDC timing constraints. [/home/cansu/Desktop/bf2/bf2_hw/bf2_hw.gen/sources_1/bd/Top/ip/Top_clk_wiz_1/Top_clk_wiz_1.xdc:57]
INFO: [Timing 38-2] Deriving generated clocks [/home/cansu/Desktop/bf2/bf2_hw/bf2_hw.gen/sources_1/bd/Top/ip/Top_clk_wiz_1/Top_clk_wiz_1.xdc:57]
get_clocks: Time (s): cpu = 00:00:22 ; elapsed = 00:00:09 . Memory (MB): peak = 3141.609 ; gain = 788.797 ; free physical = 48081 ; free virtual = 57431
Finished Parsing XDC File [/home/cansu/Desktop/bf2/bf2_hw/bf2_hw.gen/sources_1/bd/Top/ip/Top_clk_wiz_1/Top_clk_wiz_1.xdc] for cell 'Top_i/clk_wiz/inst'
Parsing XDC File [/home/cansu/Desktop/bf2/bf2_hw/bf2_hw.gen/sources_1/bd/Top/ip/Top_clk_wiz_1/Top_clk_wiz_1_board.xdc] for cell 'Top_i/clk_wiz/inst'
Finished Parsing XDC File [/home/cansu/Desktop/bf2/bf2_hw/bf2_hw.gen/sources_1/bd/Top/ip/Top_clk_wiz_1/Top_clk_wiz_1_board.xdc] for cell 'Top_i/clk_wiz/inst'
Parsing XDC File [/home/cansu/Desktop/bf2/bf2_hw/bf2_hw.gen/sources_1/bd/Top/ip/Top_rst_clk_wiz_100M_0/Top_rst_clk_wiz_100M_0.xdc] for cell 'Top_i/rst_clk_wiz_100M/U0'
Finished Parsing XDC File [/home/cansu/Desktop/bf2/bf2_hw/bf2_hw.gen/sources_1/bd/Top/ip/Top_rst_clk_wiz_100M_0/Top_rst_clk_wiz_100M_0.xdc] for cell 'Top_i/rst_clk_wiz_100M/U0'
Parsing XDC File [/home/cansu/Desktop/bf2/bf2_hw/bf2_hw.gen/sources_1/bd/Top/ip/Top_rst_clk_wiz_100M_0/Top_rst_clk_wiz_100M_0_board.xdc] for cell 'Top_i/rst_clk_wiz_100M/U0'
Finished Parsing XDC File [/home/cansu/Desktop/bf2/bf2_hw/bf2_hw.gen/sources_1/bd/Top/ip/Top_rst_clk_wiz_100M_0/Top_rst_clk_wiz_100M_0_board.xdc] for cell 'Top_i/rst_clk_wiz_100M/U0'
Parsing XDC File [/home/cansu/Desktop/bf2/bf2_hw/bf2_hw.srcs/constrs_1/imports/constraints/early.xdc]
Finished Parsing XDC File [/home/cansu/Desktop/bf2/bf2_hw/bf2_hw.srcs/constrs_1/imports/constraints/early.xdc]
Parsing XDC File [/home/cansu/Desktop/bf2/bf2_hw/bf2_hw.gen/sources_1/bd/Top/ip/Top_axi_gpio_1_0/Top_axi_gpio_1_0_board.xdc] for cell 'Top_i/axi_gpio_write_count/U0'
Finished Parsing XDC File [/home/cansu/Desktop/bf2/bf2_hw/bf2_hw.gen/sources_1/bd/Top/ip/Top_axi_gpio_1_0/Top_axi_gpio_1_0_board.xdc] for cell 'Top_i/axi_gpio_write_count/U0'
Parsing XDC File [/home/cansu/Desktop/bf2/bf2_hw/bf2_hw.gen/sources_1/bd/Top/ip/Top_axi_gpio_0_0/Top_axi_gpio_0_0.xdc] for cell 'Top_i/axi_gpio_read_count/U0'
Finished Parsing XDC File [/home/cansu/Desktop/bf2/bf2_hw/bf2_hw.gen/sources_1/bd/Top/ip/Top_axi_gpio_0_0/Top_axi_gpio_0_0.xdc] for cell 'Top_i/axi_gpio_read_count/U0'
Parsing XDC File [/home/cansu/Desktop/bf2/bf2_hw/bf2_hw.gen/sources_1/bd/Top/ip/Top_axi_gpio_0_0/Top_axi_gpio_0_0_board.xdc] for cell 'Top_i/axi_gpio_read_count/U0'
Finished Parsing XDC File [/home/cansu/Desktop/bf2/bf2_hw/bf2_hw.gen/sources_1/bd/Top/ip/Top_axi_gpio_0_0/Top_axi_gpio_0_0_board.xdc] for cell 'Top_i/axi_gpio_read_count/U0'
Parsing XDC File [/home/cansu/Desktop/bf2/bf2_hw/bf2_hw.gen/sources_1/bd/Top/ip/Top_xdma_0_0_1/source/Top_xdma_0_0_pcie3_7vx_ip.xdc] for cell 'Top_i/xdma_0/inst'
Finished Parsing XDC File [/home/cansu/Desktop/bf2/bf2_hw/bf2_hw.gen/sources_1/bd/Top/ip/Top_xdma_0_0_1/source/Top_xdma_0_0_pcie3_7vx_ip.xdc] for cell 'Top_i/xdma_0/inst'
Parsing XDC File [/home/cansu/Desktop/bf2/bf2_hw/bf2_hw.gen/sources_1/bd/Top/ip/Top_xdma_0_0_1/Top_xdma_0_0_board.xdc] for cell 'Top_i/xdma_0/inst'
Finished Parsing XDC File [/home/cansu/Desktop/bf2/bf2_hw/bf2_hw.gen/sources_1/bd/Top/ip/Top_xdma_0_0_1/Top_xdma_0_0_board.xdc] for cell 'Top_i/xdma_0/inst'
Parsing XDC File [/home/cansu/Desktop/bf2/bf2_hw/bf2_hw.gen/sources_1/bd/Top/ip/Top_xdma_0_0_1/ip_0/source/Top_xdma_0_0_pcie2_ip-PCIE_X0Y0.xdc] for cell 'Top_i/xdma_0/inst/Top_xdma_0_0_pcie2_to_pcie3_wrapper_i/pcie2_ip_i/inst'
CRITICAL WARNING: [Vivado 12-2285] Cannot set LOC property of instance 'Top_i/xdma_0/inst/Top_xdma_0_0_pcie2_to_pcie3_wrapper_i/pcie2_ip_i/inst/inst/gt_top_i/pipe_wrapper_i/pipe_lane[0].gt_wrapper_i/gtp_channel.gtpe2_channel_i'... Top_i/xdma_0/inst/Top_xdma_0_0_pcie2_to_pcie3_wrapper_i/pcie2_ip_i/inst/inst/gt_top_i/pipe_wrapper_i/pipe_lane[0].gt_wrapper_i/gtp_channel.gtpe2_channel_i Instance Top_i/xdma_0/inst/Top_xdma_0_0_pcie2_to_pcie3_wrapper_i/pcie2_ip_i/inst/inst/gt_top_i/pipe_wrapper_i/pipe_lane[0].gt_wrapper_i/gtp_channel.gtpe2_channel_i can not be placed in GTPE2_CHANNEL of site GTPE2_CHANNEL_X0Y7 because the bel is occupied by Top_i/xdma_0/inst/Top_xdma_0_0_pcie2_to_pcie3_wrapper_i/pcie2_ip_i/inst/inst/gt_top_i/pipe_wrapper_i/pipe_lane[3].gt_wrapper_i/gtp_channel.gtpe2_channel_i. This could be caused by bel constraint conflict [/home/cansu/Desktop/bf2/bf2_hw/bf2_hw.gen/sources_1/bd/Top/ip/Top_xdma_0_0_1/ip_0/source/Top_xdma_0_0_pcie2_ip-PCIE_X0Y0.xdc:94]
Resolution: When using BEL constraints, ensure the BEL constraints are defined before the LOC constraints to avoid conflicts at a given site.
CRITICAL WARNING: [Vivado 12-2285] Cannot set LOC property of instance 'Top_i/xdma_0/inst/Top_xdma_0_0_pcie2_to_pcie3_wrapper_i/pcie2_ip_i/inst/inst/gt_top_i/pipe_wrapper_i/pipe_lane[1].gt_wrapper_i/gtp_channel.gtpe2_channel_i'... Top_i/xdma_0/inst/Top_xdma_0_0_pcie2_to_pcie3_wrapper_i/pcie2_ip_i/inst/inst/gt_top_i/pipe_wrapper_i/pipe_lane[1].gt_wrapper_i/gtp_channel.gtpe2_channel_i Instance Top_i/xdma_0/inst/Top_xdma_0_0_pcie2_to_pcie3_wrapper_i/pcie2_ip_i/inst/inst/gt_top_i/pipe_wrapper_i/pipe_lane[1].gt_wrapper_i/gtp_channel.gtpe2_channel_i can not be placed in GTPE2_CHANNEL of site GTPE2_CHANNEL_X0Y6 because the bel is occupied by Top_i/xdma_0/inst/Top_xdma_0_0_pcie2_to_pcie3_wrapper_i/pcie2_ip_i/inst/inst/gt_top_i/pipe_wrapper_i/pipe_lane[0].gt_wrapper_i/gtp_channel.gtpe2_channel_i. This could be caused by bel constraint conflict [/home/cansu/Desktop/bf2/bf2_hw/bf2_hw.gen/sources_1/bd/Top/ip/Top_xdma_0_0_1/ip_0/source/Top_xdma_0_0_pcie2_ip-PCIE_X0Y0.xdc:96]
Resolution: When using BEL constraints, ensure the BEL constraints are defined before the LOC constraints to avoid conflicts at a given site.
CRITICAL WARNING: [Vivado 12-2285] Cannot set LOC property of instance 'Top_i/xdma_0/inst/Top_xdma_0_0_pcie2_to_pcie3_wrapper_i/pcie2_ip_i/inst/inst/gt_top_i/pipe_wrapper_i/pipe_lane[3].gt_wrapper_i/gtp_channel.gtpe2_channel_i'... Top_i/xdma_0/inst/Top_xdma_0_0_pcie2_to_pcie3_wrapper_i/pcie2_ip_i/inst/inst/gt_top_i/pipe_wrapper_i/pipe_lane[3].gt_wrapper_i/gtp_channel.gtpe2_channel_i Instance Top_i/xdma_0/inst/Top_xdma_0_0_pcie2_to_pcie3_wrapper_i/pcie2_ip_i/inst/inst/gt_top_i/pipe_wrapper_i/pipe_lane[3].gt_wrapper_i/gtp_channel.gtpe2_channel_i can not be placed in GTPE2_CHANNEL of site GTPE2_CHANNEL_X0Y4 because the bel is occupied by Top_i/xdma_0/inst/Top_xdma_0_0_pcie2_to_pcie3_wrapper_i/pcie2_ip_i/inst/inst/gt_top_i/pipe_wrapper_i/pipe_lane[1].gt_wrapper_i/gtp_channel.gtpe2_channel_i. This could be caused by bel constraint conflict [/home/cansu/Desktop/bf2/bf2_hw/bf2_hw.gen/sources_1/bd/Top/ip/Top_xdma_0_0_1/ip_0/source/Top_xdma_0_0_pcie2_ip-PCIE_X0Y0.xdc:100]
Resolution: When using BEL constraints, ensure the BEL constraints are defined before the LOC constraints to avoid conflicts at a given site.
INFO: [Timing 38-2] Deriving generated clocks [/home/cansu/Desktop/bf2/bf2_hw/bf2_hw.gen/sources_1/bd/Top/ip/Top_xdma_0_0_1/ip_0/source/Top_xdma_0_0_pcie2_ip-PCIE_X0Y0.xdc:138]
Finished Parsing XDC File [/home/cansu/Desktop/bf2/bf2_hw/bf2_hw.gen/sources_1/bd/Top/ip/Top_xdma_0_0_1/ip_0/source/Top_xdma_0_0_pcie2_ip-PCIE_X0Y0.xdc] for cell 'Top_i/xdma_0/inst/Top_xdma_0_0_pcie2_to_pcie3_wrapper_i/pcie2_ip_i/inst'
Parsing XDC File [/home/cansu/Desktop/bf2/bf2_hw/bf2_hw.gen/sources_1/bd/Top/ip/Top_xdma_0_0_1/ip_3/pcie2_fifo_generator_dma_cpl.xdc] for cell 'Top_i/xdma_0/inst/Top_xdma_0_0_pcie2_to_pcie3_wrapper_i/Top_xdma_0_0_axi_stream_intf_i/Top_xdma_0_0_rx_demux_i/dma_cpl_fifo_inst/U0'
Finished Parsing XDC File [/home/cansu/Desktop/bf2/bf2_hw/bf2_hw.gen/sources_1/bd/Top/ip/Top_xdma_0_0_1/ip_3/pcie2_fifo_generator_dma_cpl.xdc] for cell 'Top_i/xdma_0/inst/Top_xdma_0_0_pcie2_to_pcie3_wrapper_i/Top_xdma_0_0_axi_stream_intf_i/Top_xdma_0_0_rx_demux_i/dma_cpl_fifo_inst/U0'
Parsing XDC File [/home/cansu/Desktop/bf2/bf2_hw/bf2_hw.gen/sources_1/bd/Top/ip/Top_xdma_0_0_1/ip_4/pcie2_fifo_generator_tgt_brdg.xdc] for cell 'Top_i/xdma_0/inst/Top_xdma_0_0_pcie2_to_pcie3_wrapper_i/Top_xdma_0_0_axi_stream_intf_i/Top_xdma_0_0_rx_demux_i/tgt_brdg_fifo_inst/U0'
Finished Parsing XDC File [/home/cansu/Desktop/bf2/bf2_hw/bf2_hw.gen/sources_1/bd/Top/ip/Top_xdma_0_0_1/ip_4/pcie2_fifo_generator_tgt_brdg.xdc] for cell 'Top_i/xdma_0/inst/Top_xdma_0_0_pcie2_to_pcie3_wrapper_i/Top_xdma_0_0_axi_stream_intf_i/Top_xdma_0_0_rx_demux_i/tgt_brdg_fifo_inst/U0'
Parsing XDC File [/home/cansu/Desktop/bf2/bf2_hw/bf2_hw.gen/sources_1/bd/Top/ip/Top_util_ds_buf_0_1/Top_util_ds_buf_0_board.xdc] for cell 'Top_i/util_ds_buf/U0'
Finished Parsing XDC File [/home/cansu/Desktop/bf2/bf2_hw/bf2_hw.gen/sources_1/bd/Top/ip/Top_util_ds_buf_0_1/Top_util_ds_buf_0_board.xdc] for cell 'Top_i/util_ds_buf/U0'
Parsing XDC File [/home/cansu/Desktop/bf2/bf2_hw/bf2_hw.srcs/constrs_1/imports/constraints/normal.xdc]
WARNING: [Vivado 12-584] No ports matched 'sys_clk_clk_p'. [/home/cansu/Desktop/bf2/bf2_hw/bf2_hw.srcs/constrs_1/imports/constraints/normal.xdc:11]
CRITICAL WARNING: [Common 17-55] 'set_property' expects at least one object. [/home/cansu/Desktop/bf2/bf2_hw/bf2_hw.srcs/constrs_1/imports/constraints/normal.xdc:11]
Resolution: If [get_<value>] was used to populate the object, check to make sure this command returns at least one valid object.
WARNING: [Vivado 12-584] No ports matched 'sys_clk_clk_n'. [/home/cansu/Desktop/bf2/bf2_hw/bf2_hw.srcs/constrs_1/imports/constraints/normal.xdc:12]
CRITICAL WARNING: [Common 17-55] 'set_property' expects at least one object. [/home/cansu/Desktop/bf2/bf2_hw/bf2_hw.srcs/constrs_1/imports/constraints/normal.xdc:12]
Resolution: If [get_<value>] was used to populate the object, check to make sure this command returns at least one valid object.
WARNING: [Vivado 12-584] No ports matched 'LED_A1[0]'. [/home/cansu/Desktop/bf2/bf2_hw/bf2_hw.srcs/constrs_1/imports/constraints/normal.xdc:21]
CRITICAL WARNING: [Common 17-55] 'set_property' expects at least one object. [/home/cansu/Desktop/bf2/bf2_hw/bf2_hw.srcs/constrs_1/imports/constraints/normal.xdc:21]
Resolution: If [get_<value>] was used to populate the object, check to make sure this command returns at least one valid object.
WARNING: [Vivado 12-584] No ports matched 'LED_A1[0]'. [/home/cansu/Desktop/bf2/bf2_hw/bf2_hw.srcs/constrs_1/imports/constraints/normal.xdc:22]
CRITICAL WARNING: [Common 17-55] 'set_property' expects at least one object. [/home/cansu/Desktop/bf2/bf2_hw/bf2_hw.srcs/constrs_1/imports/constraints/normal.xdc:22]
Resolution: If [get_<value>] was used to populate the object, check to make sure this command returns at least one valid object.
WARNING: [Vivado 12-584] No ports matched 'LED_A1[0]'. [/home/cansu/Desktop/bf2/bf2_hw/bf2_hw.srcs/constrs_1/imports/constraints/normal.xdc:23]
CRITICAL WARNING: [Common 17-55] 'set_property' expects at least one object. [/home/cansu/Desktop/bf2/bf2_hw/bf2_hw.srcs/constrs_1/imports/constraints/normal.xdc:23]
Resolution: If [get_<value>] was used to populate the object, check to make sure this command returns at least one valid object.
WARNING: [Vivado 12-584] No ports matched 'LED_A1[0]'. [/home/cansu/Desktop/bf2/bf2_hw/bf2_hw.srcs/constrs_1/imports/constraints/normal.xdc:24]
CRITICAL WARNING: [Common 17-55] 'set_property' expects at least one object. [/home/cansu/Desktop/bf2/bf2_hw/bf2_hw.srcs/constrs_1/imports/constraints/normal.xdc:24]
Resolution: If [get_<value>] was used to populate the object, check to make sure this command returns at least one valid object.
WARNING: [Vivado 12-584] No ports matched 'LED_A4[0]'. [/home/cansu/Desktop/bf2/bf2_hw/bf2_hw.srcs/constrs_1/imports/constraints/normal.xdc:36]
CRITICAL WARNING: [Common 17-55] 'set_property' expects at least one object. [/home/cansu/Desktop/bf2/bf2_hw/bf2_hw.srcs/constrs_1/imports/constraints/normal.xdc:36]
Resolution: If [get_<value>] was used to populate the object, check to make sure this command returns at least one valid object.
WARNING: [Vivado 12-584] No ports matched 'LED_A4[0]'. [/home/cansu/Desktop/bf2/bf2_hw/bf2_hw.srcs/constrs_1/imports/constraints/normal.xdc:37]
CRITICAL WARNING: [Common 17-55] 'set_property' expects at least one object. [/home/cansu/Desktop/bf2/bf2_hw/bf2_hw.srcs/constrs_1/imports/constraints/normal.xdc:37]
Resolution: If [get_<value>] was used to populate the object, check to make sure this command returns at least one valid object.
WARNING: [Vivado 12-584] No ports matched 'LED_A4[0]'. [/home/cansu/Desktop/bf2/bf2_hw/bf2_hw.srcs/constrs_1/imports/constraints/normal.xdc:38]
CRITICAL WARNING: [Common 17-55] 'set_property' expects at least one object. [/home/cansu/Desktop/bf2/bf2_hw/bf2_hw.srcs/constrs_1/imports/constraints/normal.xdc:38]
Resolution: If [get_<value>] was used to populate the object, check to make sure this command returns at least one valid object.
WARNING: [Vivado 12-584] No ports matched 'LED_A4[0]'. [/home/cansu/Desktop/bf2/bf2_hw/bf2_hw.srcs/constrs_1/imports/constraints/normal.xdc:39]
CRITICAL WARNING: [Common 17-55] 'set_property' expects at least one object. [/home/cansu/Desktop/bf2/bf2_hw/bf2_hw.srcs/constrs_1/imports/constraints/normal.xdc:39]
Resolution: If [get_<value>] was used to populate the object, check to make sure this command returns at least one valid object.
WARNING: [Vivado 12-584] No ports matched 'LED_M2'. [/home/cansu/Desktop/bf2/bf2_hw/bf2_hw.srcs/constrs_1/imports/constraints/normal.xdc:44]
CRITICAL WARNING: [Common 17-55] 'set_property' expects at least one object. [/home/cansu/Desktop/bf2/bf2_hw/bf2_hw.srcs/constrs_1/imports/constraints/normal.xdc:44]
Resolution: If [get_<value>] was used to populate the object, check to make sure this command returns at least one valid object.
WARNING: [Vivado 12-584] No ports matched 'LED_M2'. [/home/cansu/Desktop/bf2/bf2_hw/bf2_hw.srcs/constrs_1/imports/constraints/normal.xdc:45]
CRITICAL WARNING: [Common 17-55] 'set_property' expects at least one object. [/home/cansu/Desktop/bf2/bf2_hw/bf2_hw.srcs/constrs_1/imports/constraints/normal.xdc:45]
Resolution: If [get_<value>] was used to populate the object, check to make sure this command returns at least one valid object.
WARNING: [Vivado 12-584] No ports matched 'LED_M2'. [/home/cansu/Desktop/bf2/bf2_hw/bf2_hw.srcs/constrs_1/imports/constraints/normal.xdc:46]
CRITICAL WARNING: [Common 17-55] 'set_property' expects at least one object. [/home/cansu/Desktop/bf2/bf2_hw/bf2_hw.srcs/constrs_1/imports/constraints/normal.xdc:46]
Resolution: If [get_<value>] was used to populate the object, check to make sure this command returns at least one valid object.
WARNING: [Vivado 12-584] No ports matched 'LED_M2'. [/home/cansu/Desktop/bf2/bf2_hw/bf2_hw.srcs/constrs_1/imports/constraints/normal.xdc:47]
CRITICAL WARNING: [Common 17-55] 'set_property' expects at least one object. [/home/cansu/Desktop/bf2/bf2_hw/bf2_hw.srcs/constrs_1/imports/constraints/normal.xdc:47]
Resolution: If [get_<value>] was used to populate the object, check to make sure this command returns at least one valid object.
WARNING: [Vivado 12-584] No ports matched 'SPI_0_io0_io'. [/home/cansu/Desktop/bf2/bf2_hw/bf2_hw.srcs/constrs_1/imports/constraints/normal.xdc:53]
CRITICAL WARNING: [Common 17-55] 'set_property' expects at least one object. [/home/cansu/Desktop/bf2/bf2_hw/bf2_hw.srcs/constrs_1/imports/constraints/normal.xdc:53]
Resolution: If [get_<value>] was used to populate the object, check to make sure this command returns at least one valid object.
WARNING: [Vivado 12-584] No ports matched 'SPI_0_io1_io'. [/home/cansu/Desktop/bf2/bf2_hw/bf2_hw.srcs/constrs_1/imports/constraints/normal.xdc:54]
CRITICAL WARNING: [Common 17-55] 'set_property' expects at least one object. [/home/cansu/Desktop/bf2/bf2_hw/bf2_hw.srcs/constrs_1/imports/constraints/normal.xdc:54]
Resolution: If [get_<value>] was used to populate the object, check to make sure this command returns at least one valid object.
WARNING: [Vivado 12-584] No ports matched 'SPI_0_io2_io'. [/home/cansu/Desktop/bf2/bf2_hw/bf2_hw.srcs/constrs_1/imports/constraints/normal.xdc:55]
CRITICAL WARNING: [Common 17-55] 'set_property' expects at least one object. [/home/cansu/Desktop/bf2/bf2_hw/bf2_hw.srcs/constrs_1/imports/constraints/normal.xdc:55]
Resolution: If [get_<value>] was used to populate the object, check to make sure this command returns at least one valid object.
WARNING: [Vivado 12-584] No ports matched 'SPI_0_io3_io'. [/home/cansu/Desktop/bf2/bf2_hw/bf2_hw.srcs/constrs_1/imports/constraints/normal.xdc:56]
CRITICAL WARNING: [Common 17-55] 'set_property' expects at least one object. [/home/cansu/Desktop/bf2/bf2_hw/bf2_hw.srcs/constrs_1/imports/constraints/normal.xdc:56]
Resolution: If [get_<value>] was used to populate the object, check to make sure this command returns at least one valid object.
WARNING: [Vivado 12-584] No ports matched 'SPI_0_io0_io'. [/home/cansu/Desktop/bf2/bf2_hw/bf2_hw.srcs/constrs_1/imports/constraints/normal.xdc:58]
CRITICAL WARNING: [Common 17-55] 'set_property' expects at least one object. [/home/cansu/Desktop/bf2/bf2_hw/bf2_hw.srcs/constrs_1/imports/constraints/normal.xdc:58]
Resolution: If [get_<value>] was used to populate the object, check to make sure this command returns at least one valid object.
WARNING: [Vivado 12-584] No ports matched 'SPI_0_io1_io'. [/home/cansu/Desktop/bf2/bf2_hw/bf2_hw.srcs/constrs_1/imports/constraints/normal.xdc:59]
CRITICAL WARNING: [Common 17-55] 'set_property' expects at least one object. [/home/cansu/Desktop/bf2/bf2_hw/bf2_hw.srcs/constrs_1/imports/constraints/normal.xdc:59]
Resolution: If [get_<value>] was used to populate the object, check to make sure this command returns at least one valid object.
WARNING: [Vivado 12-584] No ports matched 'SPI_0_io2_io'. [/home/cansu/Desktop/bf2/bf2_hw/bf2_hw.srcs/constrs_1/imports/constraints/normal.xdc:60]
CRITICAL WARNING: [Common 17-55] 'set_property' expects at least one object. [/home/cansu/Desktop/bf2/bf2_hw/bf2_hw.srcs/constrs_1/imports/constraints/normal.xdc:60]
Resolution: If [get_<value>] was used to populate the object, check to make sure this command returns at least one valid object.
WARNING: [Vivado 12-584] No ports matched 'SPI_0_io3_io'. [/home/cansu/Desktop/bf2/bf2_hw/bf2_hw.srcs/constrs_1/imports/constraints/normal.xdc:61]
CRITICAL WARNING: [Common 17-55] 'set_property' expects at least one object. [/home/cansu/Desktop/bf2/bf2_hw/bf2_hw.srcs/constrs_1/imports/constraints/normal.xdc:61]
Resolution: If [get_<value>] was used to populate the object, check to make sure this command returns at least one valid object.
WARNING: [Vivado 12-584] No ports matched 'real_spi_ss'. [/home/cansu/Desktop/bf2/bf2_hw/bf2_hw.srcs/constrs_1/imports/constraints/normal.xdc:63]
CRITICAL WARNING: [Common 17-55] 'set_property' expects at least one object. [/home/cansu/Desktop/bf2/bf2_hw/bf2_hw.srcs/constrs_1/imports/constraints/normal.xdc:63]
Resolution: If [get_<value>] was used to populate the object, check to make sure this command returns at least one valid object.
WARNING: [Vivado 12-584] No ports matched 'real_spi_ss'. [/home/cansu/Desktop/bf2/bf2_hw/bf2_hw.srcs/constrs_1/imports/constraints/normal.xdc:64]
CRITICAL WARNING: [Common 17-55] 'set_property' expects at least one object. [/home/cansu/Desktop/bf2/bf2_hw/bf2_hw.srcs/constrs_1/imports/constraints/normal.xdc:64]
Resolution: If [get_<value>] was used to populate the object, check to make sure this command returns at least one valid object.
WARNING: [Vivado 12-584] No ports matched 'SPI_0_ss_t'. [/home/cansu/Desktop/bf2/bf2_hw/bf2_hw.srcs/constrs_1/imports/constraints/normal.xdc:66]
CRITICAL WARNING: [Common 17-55] 'set_property' expects at least one object. [/home/cansu/Desktop/bf2/bf2_hw/bf2_hw.srcs/constrs_1/imports/constraints/normal.xdc:66]
Resolution: If [get_<value>] was used to populate the object, check to make sure this command returns at least one valid object.
WARNING: [Vivado 12-584] No ports matched 'SPI_0_ss_t'. [/home/cansu/Desktop/bf2/bf2_hw/bf2_hw.srcs/constrs_1/imports/constraints/normal.xdc:67]
CRITICAL WARNING: [Common 17-55] 'set_property' expects at least one object. [/home/cansu/Desktop/bf2/bf2_hw/bf2_hw.srcs/constrs_1/imports/constraints/normal.xdc:67]
Resolution: If [get_<value>] was used to populate the object, check to make sure this command returns at least one valid object.
Finished Parsing XDC File [/home/cansu/Desktop/bf2/bf2_hw/bf2_hw.srcs/constrs_1/imports/constraints/normal.xdc]
Parsing XDC File [/home/cansu/Desktop/bf2/bf2_hw/bf2_hw.gen/sources_1/bd/Top/ip/Top_auto_cc_0/Top_auto_cc_0_clocks.xdc] for cell 'Top_i/axi_interconnect_1/s00_couplers/auto_cc/inst'
Finished Parsing XDC File [/home/cansu/Desktop/bf2/bf2_hw/bf2_hw.gen/sources_1/bd/Top/ip/Top_auto_cc_0/Top_auto_cc_0_clocks.xdc] for cell 'Top_i/axi_interconnect_1/s00_couplers/auto_cc/inst'
Parsing XDC File [/home/cansu/Desktop/bf2/bf2_hw/bf2_hw.gen/sources_1/bd/Top/ip/Top_auto_cc_1/Top_auto_cc_1_clocks.xdc] for cell 'Top_i/xdma_0_axi_periph/s00_couplers/auto_cc/inst'
WARNING: [Vivado_Tcl 4-921] Waiver ID 'CDC-10' -to list should not be empty. [/home/cansu/Desktop/bf2/bf2_hw/bf2_hw.gen/sources_1/bd/Top/ip/Top_auto_cc_1/Top_auto_cc_1_clocks.xdc:7]
WARNING: [Vivado_Tcl 4-921] Waiver ID 'CDC-11' -to list should not be empty. [/home/cansu/Desktop/bf2/bf2_hw/bf2_hw.gen/sources_1/bd/Top/ip/Top_auto_cc_1/Top_auto_cc_1_clocks.xdc:10]
WARNING: [Vivado_Tcl 4-921] Waiver ID 'CDC-15' -to list should not be empty. [/home/cansu/Desktop/bf2/bf2_hw/bf2_hw.gen/sources_1/bd/Top/ip/Top_auto_cc_1/Top_auto_cc_1_clocks.xdc:13]
WARNING: [Vivado_Tcl 4-939] Waiver ID 'LUTAR-1' object list should not be empty (perhaps an invalid wildcard was used or only unsupported objects). [/home/cansu/Desktop/bf2/bf2_hw/bf2_hw.gen/sources_1/bd/Top/ip/Top_auto_cc_1/Top_auto_cc_1_clocks.xdc:17]
Finished Parsing XDC File [/home/cansu/Desktop/bf2/bf2_hw/bf2_hw.gen/sources_1/bd/Top/ip/Top_auto_cc_1/Top_auto_cc_1_clocks.xdc] for cell 'Top_i/xdma_0_axi_periph/s00_couplers/auto_cc/inst'
INFO: [Project 1-1714] 57 XPM XDC files have been applied to the design.
INFO: [Opt 31-138] Pushed 0 inverter(s) to 0 load pin(s).
INFO: [Project 1-1687] 2 scoped IP constraints or related sub-commands were skipped due to synthesis logic optimizations usually triggered by constant connectivity or unconnected output pins. To review the skipped constraints and messages, run the command 'set_param netlist.IPMsgFiltering false' before opening the design.
Netlist sorting complete. Time (s): cpu = 00:00:00.01 ; elapsed = 00:00:00.01 . Memory (MB): peak = 3153.609 ; gain = 0.000 ; free physical = 48004 ; free virtual = 57367
INFO: [Project 1-111] Unisim Transformation Summary:
  A total of 582 instances were transformed.
  RAM16X1D => RAM32X1D (RAMD32(x2)): 20 instances
  RAM32M => RAM32M (RAMD32(x6), RAMS32(x2)): 528 instances
  RAM32X1D => RAM32X1D (RAMD32(x2)): 25 instances
  RAM64X1S => RAM64X1S (RAMS64E): 9 instances

33 Infos, 35 Warnings, 29 Critical Warnings and 0 Errors encountered.
link_design completed successfully
link_design: Time (s): cpu = 00:01:12 ; elapsed = 00:00:43 . Memory (MB): peak = 3153.609 ; gain = 1604.695 ; free physical = 48004 ; free virtual = 57367
Command: opt_design -directive ExploreArea
INFO: [Vivado_Tcl 4-136] Directive used for opt_design is: ExploreArea
Attempting to get a license for feature 'Implementation' and/or device 'xc7a200t'
INFO: [Common 17-349] Got license for feature 'Implementation' and/or device 'xc7a200t'
Running DRC as a precondition to command opt_design

Starting DRC Task
INFO: [DRC 23-27] Running DRC with 8 threads
INFO: [Project 1-461] DRC finished with 0 Errors
INFO: [Project 1-462] Please refer to the DRC report (report_drc) for more information.

Time (s): cpu = 00:00:02 ; elapsed = 00:00:00.82 . Memory (MB): peak = 3217.641 ; gain = 64.031 ; free physical = 48066 ; free virtual = 57406

Starting Logic Optimization Task
INFO: [Timing 38-35] Done setting XDC timing constraints.

Phase 1 Retarget
INFO: [Opt 31-1566] Pulled 13 inverters resulting in an inversion of 79 pins
INFO: [Opt 31-138] Pushed 8 inverter(s) to 520 load pin(s).
INFO: [Opt 31-49] Retargeted 0 cell(s).
Phase 1 Retarget | Checksum: 181b87605

Time (s): cpu = 00:00:27 ; elapsed = 00:00:08 . Memory (MB): peak = 3422.742 ; gain = 205.102 ; free physical = 47853 ; free virtual = 57171
INFO: [Opt 31-389] Phase Retarget created 168 cells and removed 1136 cells
INFO: [Opt 31-1021] In phase Retarget, 52 netlist objects are constrained preventing optimization. Please run opt_design with -debug_log to get more detail. 

Phase 2 Constant propagation
INFO: [Opt 31-138] Pushed 25 inverter(s) to 32 load pin(s).
Phase 2 Constant propagation | Checksum: 15b3580b1

Time (s): cpu = 00:00:28 ; elapsed = 00:00:09 . Memory (MB): peak = 3422.742 ; gain = 205.102 ; free physical = 47805 ; free virtual = 57175
INFO: [Opt 31-389] Phase Constant propagation created 505 cells and removed 703 cells
INFO: [Opt 31-1021] In phase Constant propagation, 38 netlist objects are constrained preventing optimization. Please run opt_design with -debug_log to get more detail. 

Phase 3 Sweep
Phase 3 Sweep | Checksum: 113d67aab

Time (s): cpu = 00:00:30 ; elapsed = 00:00:11 . Memory (MB): peak = 3422.742 ; gain = 205.102 ; free physical = 47799 ; free virtual = 57169
INFO: [Opt 31-389] Phase Sweep created 0 cells and removed 3033 cells
INFO: [Opt 31-1021] In phase Sweep, 227 netlist objects are constrained preventing optimization. Please run opt_design with -debug_log to get more detail. 

Phase 4 BUFG optimization
INFO: [Opt 31-129] Inserted BUFG to drive high-fanout reset|set|enable net. BUFG cell: Top_i/multi_cores_top_0/inst/hash_pipeline_0/md4_inst/pe_gen[19].pe_inst/rst_n_0_BUFG_inst, Net: Top_i/multi_cores_top_0/inst/hash_pipeline_0/md4_inst/pe_gen[19].pe_inst/rst_n_0
INFO: [Opt 31-129] Inserted BUFG to drive high-fanout reset|set|enable net. BUFG cell: Top_i/multi_cores_top_0/inst/hash_pipeline_0/md4_inst/pe_gen[47].pe_inst/prog_done_o_reg_BUFG_inst, Net: Top_i/multi_cores_top_0/inst/hash_pipeline_0/md4_inst/pe_gen[47].pe_inst/prog_done_o_reg
Phase 4 BUFG optimization | Checksum: e4c156a2

Time (s): cpu = 00:00:34 ; elapsed = 00:00:14 . Memory (MB): peak = 3422.742 ; gain = 205.102 ; free physical = 47784 ; free virtual = 57142
INFO: [Opt 31-662] Phase BUFG optimization created 3 cells of which 2 are BUFGs and removed 0 cells.

Phase 5 Shift Register Optimization
INFO: [Opt 31-1064] SRL Remap converted 0 SRLs to 0 registers and converted 0 registers of register chains to 0 SRLs
Phase 5 Shift Register Optimization | Checksum: 1acf2caa2

Time (s): cpu = 00:00:39 ; elapsed = 00:00:18 . Memory (MB): peak = 3422.742 ; gain = 205.102 ; free physical = 47794 ; free virtual = 57116
INFO: [Opt 31-389] Phase Shift Register Optimization created 0 cells and removed 0 cells
INFO: [Opt 31-1555] control_set_opt supports Versal devices only, and device 7a200t is unsupported

Phase 6 Resynthesis
INFO: [Timing 38-35] Done setting XDC timing constraints.
INFO: [Opt 31-74] Optimized 831 modules.
INFO: [Opt 31-75] Optimized module 'Top_axi_bram_ctrl_0_0_rd_chnl'.
INFO: [Opt 31-75] Optimized module 'Top_axi_bram_ctrl_0_0_sng_port_arb'.
INFO: [Opt 31-75] Optimized module 'Top_axi_gpio_0_0_slave_attachment'.
INFO: [Opt 31-75] Optimized module 'Top_axi_gpio_1_0_slave_attachment'.
INFO: [Opt 31-75] Optimized module 'Top_axi_gpio_2_0_slave_attachment'.
INFO: [Opt 31-75] Optimized module 'Top_axi_gpio_3_0_slave_attachment'.
INFO: [Opt 31-75] Optimized module 'Top_axi_gpio_3_1_slave_attachment'.
INFO: [Opt 31-75] Optimized module 'Top_multi_cores_top_0_0_bloom_bram_lookup'.
INFO: [Opt 31-75] Optimized module 'Top_multi_cores_top_0_0_bloom_bram_lookup_11'.
INFO: [Opt 31-75] Optimized module 'Top_multi_cores_top_0_0_bloom_bram_lookup_13'.
INFO: [Opt 31-75] Optimized module 'Top_multi_cores_top_0_0_bloom_bram_lookup_15'.
INFO: [Opt 31-75] Optimized module 'Top_multi_cores_top_0_0_bloom_bram_lookup_17'.
INFO: [Opt 31-75] Optimized module 'Top_multi_cores_top_0_0_bloom_bram_lookup_27'.
INFO: [Opt 31-75] Optimized module 'Top_multi_cores_top_0_0_bloom_bram_lookup_3'.
INFO: [Opt 31-75] Optimized module 'Top_multi_cores_top_0_0_bloom_bram_lookup_7'.
INFO: [Opt 31-75] Optimized module 'Top_multi_cores_top_0_0_bloom_bram_lookup_9'.
INFO: [Opt 31-75] Optimized module 'Top_multi_cores_top_0_0_hash_pipeline'.
INFO: [Opt 31-75] Optimized module 'Top_multi_cores_top_0_0_hash_pipeline_10'.
INFO: [Opt 31-75] Optimized module 'Top_multi_cores_top_0_0_hash_pipeline_12'.
INFO: [Opt 31-75] Optimized module 'Top_multi_cores_top_0_0_hash_pipeline_2'.
INFO: [Opt 31-75] Optimized module 'Top_multi_cores_top_0_0_hash_pipeline_22'.
INFO: [Opt 31-75] Optimized module 'Top_multi_cores_top_0_0_hash_pipeline_24'.
INFO: [Opt 31-75] Optimized module 'Top_multi_cores_top_0_0_hash_pipeline_26'.
INFO: [Opt 31-75] Optimized module 'Top_multi_cores_top_0_0_hash_pipeline_28'.
INFO: [Opt 31-75] Optimized module 'Top_multi_cores_top_0_0_hash_pipeline_29'.
INFO: [Opt 31-75] Optimized module 'Top_multi_cores_top_0_0_hash_pipeline_4'.
INFO: [Opt 31-75] Optimized module 'Top_multi_cores_top_0_0_hash_pipeline_6'.
INFO: [Opt 31-75] Optimized module 'Top_multi_cores_top_0_0_hash_pipeline_8'.
INFO: [Opt 31-75] Optimized module 'Top_multi_cores_top_0_0_md4_PE_100'.
INFO: [Opt 31-75] Optimized module 'Top_multi_cores_top_0_0_md4_PE_101'.
INFO: [Opt 31-75] Optimized module 'Top_multi_cores_top_0_0_md4_PE_102'.
INFO: [Opt 31-75] Optimized module 'Top_multi_cores_top_0_0_md4_PE_103'.
INFO: [Opt 31-75] Optimized module 'Top_multi_cores_top_0_0_md4_PE_104'.
INFO: [Opt 31-75] Optimized module 'Top_multi_cores_top_0_0_md4_PE_105'.
INFO: [Opt 31-75] Optimized module 'Top_multi_cores_top_0_0_md4_PE_106'.
INFO: [Opt 31-75] Optimized module 'Top_multi_cores_top_0_0_md4_PE_107'.
INFO: [Opt 31-75] Optimized module 'Top_multi_cores_top_0_0_md4_PE_108'.
INFO: [Opt 31-75] Optimized module 'Top_multi_cores_top_0_0_md4_PE_109'.
INFO: [Opt 31-75] Optimized module 'Top_multi_cores_top_0_0_md4_PE_110'.
INFO: [Opt 31-75] Optimized module 'Top_multi_cores_top_0_0_md4_PE_111'.
INFO: [Opt 31-75] Optimized module 'Top_multi_cores_top_0_0_md4_PE_112'.
INFO: [Opt 31-75] Optimized module 'Top_multi_cores_top_0_0_md4_PE_113'.
INFO: [Opt 31-75] Optimized module 'Top_multi_cores_top_0_0_md4_PE_114'.
INFO: [Opt 31-75] Optimized module 'Top_multi_cores_top_0_0_md4_PE_115'.
INFO: [Opt 31-75] Optimized module 'Top_multi_cores_top_0_0_md4_PE_116'.
INFO: [Opt 31-75] Optimized module 'Top_multi_cores_top_0_0_md4_PE_117'.
INFO: [Opt 31-75] Optimized module 'Top_multi_cores_top_0_0_md4_PE_118'.
INFO: [Opt 31-75] Optimized module 'Top_multi_cores_top_0_0_md4_PE_119'.
INFO: [Opt 31-75] Optimized module 'Top_multi_cores_top_0_0_md4_PE_121'.
INFO: [Opt 31-75] Optimized module 'Top_multi_cores_top_0_0_md4_PE_122'.
INFO: [Opt 31-75] Optimized module 'Top_multi_cores_top_0_0_md4_PE_123'.
INFO: [Opt 31-75] Optimized module 'Top_multi_cores_top_0_0_md4_PE_124'.
INFO: [Opt 31-75] Optimized module 'Top_multi_cores_top_0_0_md4_PE_125'.
INFO: [Opt 31-75] Optimized module 'Top_multi_cores_top_0_0_md4_PE_126'.
INFO: [Opt 31-75] Optimized module 'Top_multi_cores_top_0_0_md4_PE_130'.
INFO: [Opt 31-75] Optimized module 'Top_multi_cores_top_0_0_md4_PE_131'.
INFO: [Opt 31-75] Optimized module 'Top_multi_cores_top_0_0_md4_PE_132'.
INFO: [Opt 31-75] Optimized module 'Top_multi_cores_top_0_0_md4_PE_133'.
INFO: [Opt 31-75] Optimized module 'Top_multi_cores_top_0_0_md4_PE_134'.
INFO: [Opt 31-75] Optimized module 'Top_multi_cores_top_0_0_md4_PE_135'.
INFO: [Opt 31-75] Optimized module 'Top_multi_cores_top_0_0_md4_PE_136'.
INFO: [Opt 31-75] Optimized module 'Top_multi_cores_top_0_0_md4_PE_137'.
INFO: [Opt 31-75] Optimized module 'Top_multi_cores_top_0_0_md4_PE_138'.
INFO: [Opt 31-75] Optimized module 'Top_multi_cores_top_0_0_md4_PE_139'.
INFO: [Opt 31-75] Optimized module 'Top_multi_cores_top_0_0_md4_PE_140'.
INFO: [Opt 31-75] Optimized module 'Top_multi_cores_top_0_0_md4_PE_141'.
INFO: [Opt 31-75] Optimized module 'Top_multi_cores_top_0_0_md4_PE_142'.
INFO: [Opt 31-75] Optimized module 'Top_multi_cores_top_0_0_md4_PE_143'.
INFO: [Opt 31-75] Optimized module 'Top_multi_cores_top_0_0_md4_PE_144'.
INFO: [Opt 31-75] Optimized module 'Top_multi_cores_top_0_0_md4_PE_145'.
INFO: [Opt 31-75] Optimized module 'Top_multi_cores_top_0_0_md4_PE_146'.
INFO: [Opt 31-75] Optimized module 'Top_multi_cores_top_0_0_md4_PE_147'.
INFO: [Opt 31-75] Optimized module 'Top_multi_cores_top_0_0_md4_PE_148'.
INFO: [Opt 31-75] Optimized module 'Top_multi_cores_top_0_0_md4_PE_149'.
INFO: [Opt 31-75] Optimized module 'Top_multi_cores_top_0_0_md4_PE_150'.
INFO: [Opt 31-75] Optimized module 'Top_multi_cores_top_0_0_md4_PE_151'.
INFO: [Opt 31-75] Optimized module 'Top_multi_cores_top_0_0_md4_PE_152'.
INFO: [Opt 31-75] Optimized module 'Top_multi_cores_top_0_0_md4_PE_153'.
INFO: [Opt 31-75] Optimized module 'Top_multi_cores_top_0_0_md4_PE_154'.
INFO: [Opt 31-75] Optimized module 'Top_multi_cores_top_0_0_md4_PE_155'.
INFO: [Opt 31-75] Optimized module 'Top_multi_cores_top_0_0_md4_PE_156'.
INFO: [Opt 31-75] Optimized module 'Top_multi_cores_top_0_0_md4_PE_157'.
INFO: [Opt 31-75] Optimized module 'Top_multi_cores_top_0_0_md4_PE_158'.
INFO: [Opt 31-75] Optimized module 'Top_multi_cores_top_0_0_md4_PE_159'.
INFO: [Opt 31-75] Optimized module 'Top_multi_cores_top_0_0_md4_PE_160'.
INFO: [Opt 31-75] Optimized module 'Top_multi_cores_top_0_0_md4_PE_161'.
INFO: [Opt 31-75] Optimized module 'Top_multi_cores_top_0_0_md4_PE_162'.
INFO: [Opt 31-75] Optimized module 'Top_multi_cores_top_0_0_md4_PE_163'.
INFO: [Opt 31-75] Optimized module 'Top_multi_cores_top_0_0_md4_PE_164'.
INFO: [Opt 31-75] Optimized module 'Top_multi_cores_top_0_0_md4_PE_165'.
INFO: [Opt 31-75] Optimized module 'Top_multi_cores_top_0_0_md4_PE_166'.
INFO: [Opt 31-75] Optimized module 'Top_multi_cores_top_0_0_md4_PE_167'.
INFO: [Opt 31-75] Optimized module 'Top_multi_cores_top_0_0_md4_PE_168'.
INFO: [Opt 31-75] Optimized module 'Top_multi_cores_top_0_0_md4_PE_169'.
INFO: [Opt 31-75] Optimized module 'Top_multi_cores_top_0_0_md4_PE_171'.
INFO: [Opt 31-75] Optimized module 'Top_multi_cores_top_0_0_md4_PE_172'.
INFO: [Opt 31-75] Optimized module 'Top_multi_cores_top_0_0_md4_PE_173'.
INFO: [Opt 31-75] Optimized module 'Top_multi_cores_top_0_0_md4_PE_174'.
INFO: [Opt 31-75] Optimized module 'Top_multi_cores_top_0_0_md4_PE_175'.
INFO: [Opt 31-75] Optimized module 'Top_multi_cores_top_0_0_md4_PE_176'.
INFO: [Common 17-14] Message 'Opt 31-75' appears 100 times and further instances of the messages will be disabled. Use the Tcl command set_msg_config to change the current settings.
INFO: [Opt 31-1566] Pulled 17688 inverters resulting in an inversion of 24655 pins
INFO: [Opt 31-138] Pushed 9 inverter(s) to 9 load pin(s).
INFO: [Opt 31-138] Pushed 0 inverter(s) to 0 load pin(s).
Phase 6 Resynthesis | Checksum: 1f46b2771

Time (s): cpu = 00:09:31 ; elapsed = 00:02:01 . Memory (MB): peak = 3563.410 ; gain = 345.770 ; free physical = 47655 ; free virtual = 57072
INFO: [Opt 31-389] Phase Resynthesis created 110188 cells and removed 117136 cells
INFO: [Opt 31-1021] In phase Resynthesis, 246 netlist objects are constrained preventing optimization. Please run opt_design with -debug_log to get more detail. 

Phase 7 Post Processing Netlist
Phase 7 Post Processing Netlist | Checksum: 1f46b2771

Time (s): cpu = 00:09:32 ; elapsed = 00:02:01 . Memory (MB): peak = 3563.410 ; gain = 345.770 ; free physical = 47654 ; free virtual = 57072
INFO: [Opt 31-389] Phase Post Processing Netlist created 0 cells and removed 0 cells
INFO: [Opt 31-1021] In phase Post Processing Netlist, 63 netlist objects are constrained preventing optimization. Please run opt_design with -debug_log to get more detail. 
Opt_design Change Summary
=========================


-------------------------------------------------------------------------------------------------------------------------
|  Phase                        |  #Cells created  |  #Cells Removed  |  #Constrained objects preventing optimizations  |
-------------------------------------------------------------------------------------------------------------------------
|  Retarget                     |             168  |            1136  |                                             52  |
|  Constant propagation         |             505  |             703  |                                             38  |
|  Sweep                        |               0  |            3033  |                                            227  |
|  BUFG optimization            |               3  |               0  |                                              0  |
|  Shift Register Optimization  |               0  |               0  |                                              0  |
|  Resynthesis                  |          110188  |          117136  |                                            246  |
|  Post Processing Netlist      |               0  |               0  |                                             63  |
-------------------------------------------------------------------------------------------------------------------------



Starting Connectivity Check Task

Time (s): cpu = 00:00:00.19 ; elapsed = 00:00:00.19 . Memory (MB): peak = 3563.410 ; gain = 0.000 ; free physical = 47645 ; free virtual = 57073
Ending Logic Optimization Task | Checksum: 18165dbab

Time (s): cpu = 00:09:36 ; elapsed = 00:02:05 . Memory (MB): peak = 3563.410 ; gain = 345.770 ; free physical = 47645 ; free virtual = 57073

Starting Netlist Obfuscation Task
Netlist sorting complete. Time (s): cpu = 00:00:00.02 ; elapsed = 00:00:00.02 . Memory (MB): peak = 3563.410 ; gain = 0.000 ; free physical = 47621 ; free virtual = 57069
Ending Netlist Obfuscation Task | Checksum: 18165dbab

Time (s): cpu = 00:00:00.03 ; elapsed = 00:00:00.03 . Memory (MB): peak = 3563.410 ; gain = 0.000 ; free physical = 47621 ; free virtual = 57069
INFO: [Common 17-83] Releasing license: Implementation
166 Infos, 35 Warnings, 29 Critical Warnings and 0 Errors encountered.
opt_design completed successfully
opt_design: Time (s): cpu = 00:09:40 ; elapsed = 00:02:07 . Memory (MB): peak = 3563.410 ; gain = 409.801 ; free physical = 47621 ; free virtual = 57069
INFO: [runtcl-4] Executing : report_drc -file Top_wrapper_drc_opted.rpt -pb Top_wrapper_drc_opted.pb -rpx Top_wrapper_drc_opted.rpx
Command: report_drc -file Top_wrapper_drc_opted.rpt -pb Top_wrapper_drc_opted.pb -rpx Top_wrapper_drc_opted.rpx
INFO: [IP_Flow 19-1839] IP Catalog is up to date.
INFO: [DRC 23-27] Running DRC with 8 threads
INFO: [Vivado_Tcl 2-168] The results of DRC are in file /home/cansu/Desktop/bf2/bf2_hw/bf2_hw.runs/impl_1/Top_wrapper_drc_opted.rpt.
report_drc completed successfully
INFO: [Timing 38-35] Done setting XDC timing constraints.
INFO: [Timing 38-480] Writing timing data to binary archive.
Writing XDEF routing.
Writing XDEF routing logical nets.
Writing XDEF routing special nets.
Write XDEF Complete: Time (s): cpu = 00:00:02 ; elapsed = 00:00:00.43 . Memory (MB): peak = 3707.988 ; gain = 64.363 ; free physical = 47554 ; free virtual = 57001
INFO: [Common 17-1381] The checkpoint '/home/cansu/Desktop/bf2/bf2_hw/bf2_hw.runs/impl_1/Top_wrapper_opt.dcp' has been generated.
write_checkpoint: Time (s): cpu = 00:00:30 ; elapsed = 00:00:13 . Memory (MB): peak = 3707.988 ; gain = 64.363 ; free physical = 47520 ; free virtual = 56994
Command: place_design
Attempting to get a license for feature 'Implementation' and/or device 'xc7a200t'
INFO: [Common 17-349] Got license for feature 'Implementation' and/or device 'xc7a200t'
INFO: [DRC 23-27] Running DRC with 8 threads
INFO: [Vivado_Tcl 4-198] DRC finished with 0 Errors
INFO: [Vivado_Tcl 4-199] Please refer to the DRC report (report_drc) for more information.
Running DRC as a precondition to command place_design
INFO: [DRC 23-27] Running DRC with 8 threads
INFO: [Vivado_Tcl 4-198] DRC finished with 0 Errors, 22 Warnings
INFO: [Vivado_Tcl 4-199] Please refer to the DRC report (report_drc) for more information.

Starting Placer Task
INFO: [Place 30-611] Multithreading enabled for place_design using a maximum of 8 CPUs

Phase 1 Placer Initialization

Phase 1.1 Placer Initialization Netlist Sorting
Netlist sorting complete. Time (s): cpu = 00:00:00.02 ; elapsed = 00:00:00.02 . Memory (MB): peak = 3754.684 ; gain = 0.000 ; free physical = 47533 ; free virtual = 57004
Phase 1.1 Placer Initialization Netlist Sorting | Checksum: 17b182198

Time (s): cpu = 00:00:00.03 ; elapsed = 00:00:00.05 . Memory (MB): peak = 3754.684 ; gain = 0.000 ; free physical = 47533 ; free virtual = 57004
Netlist sorting complete. Time (s): cpu = 00:00:00.01 ; elapsed = 00:00:00.01 . Memory (MB): peak = 3754.684 ; gain = 0.000 ; free physical = 47533 ; free virtual = 57004

Phase 1.2 IO Placement/ Clock Placement/ Build Placer Device
Phase 1.2 IO Placement/ Clock Placement/ Build Placer Device | Checksum: 164662f17

Time (s): cpu = 00:00:09 ; elapsed = 00:00:05 . Memory (MB): peak = 3754.684 ; gain = 0.000 ; free physical = 47569 ; free virtual = 57033

Phase 1.3 Build Placer Netlist Model
Phase 1.3 Build Placer Netlist Model | Checksum: 134853ea1

Time (s): cpu = 00:01:22 ; elapsed = 00:00:27 . Memory (MB): peak = 4236.137 ; gain = 481.453 ; free physical = 46867 ; free virtual = 56383

Phase 1.4 Constrain Clocks/Macros
Phase 1.4 Constrain Clocks/Macros | Checksum: 134853ea1

Time (s): cpu = 00:01:22 ; elapsed = 00:00:27 . Memory (MB): peak = 4236.137 ; gain = 481.453 ; free physical = 46865 ; free virtual = 56382
Phase 1 Placer Initialization | Checksum: 134853ea1

Time (s): cpu = 00:01:22 ; elapsed = 00:00:28 . Memory (MB): peak = 4236.137 ; gain = 481.453 ; free physical = 46861 ; free virtual = 56382

Phase 2 Global Placement

Phase 2.1 Floorplanning
Phase 2.1 Floorplanning | Checksum: 1b75d210c

Time (s): cpu = 00:01:55 ; elapsed = 00:00:35 . Memory (MB): peak = 4316.176 ; gain = 561.492 ; free physical = 46883 ; free virtual = 56361

Phase 2.2 Update Timing before SLR Path Opt
Phase 2.2 Update Timing before SLR Path Opt | Checksum: 1825d1082

Time (s): cpu = 00:02:25 ; elapsed = 00:00:43 . Memory (MB): peak = 4316.176 ; gain = 561.492 ; free physical = 46866 ; free virtual = 56330

Phase 2.3 Post-Processing in Floorplanning
Phase 2.3 Post-Processing in Floorplanning | Checksum: 136dc2ca5

Time (s): cpu = 00:02:25 ; elapsed = 00:00:43 . Memory (MB): peak = 4316.176 ; gain = 561.492 ; free physical = 46866 ; free virtual = 56329

Phase 2.4 Global Placement Core

Phase 2.4.1 UpdateTiming Before Physical Synthesis
Phase 2.4.1 UpdateTiming Before Physical Synthesis | Checksum: a72c84fd

Time (s): cpu = 00:06:07 ; elapsed = 00:01:54 . Memory (MB): peak = 4415.848 ; gain = 661.164 ; free physical = 46448 ; free virtual = 56232

Phase 2.4.2 Physical Synthesis In Placer
INFO: [Physopt 32-1035] Found 9 LUTNM shape to break, 12352 LUT instances to create LUTNM shape
INFO: [Physopt 32-1044] Break lutnm for timing: one critical 5, two critical 4, total 9, new lutff created 0
INFO: [Physopt 32-1138] End 1 Pass. Optimized 5745 nets or LUTs. Breaked 9 LUTs, combined 5736 existing LUTs and moved 0 existing LUT
WARNING: [Physopt 32-894] Found a constraint with the -through option on pin Top_i/xdma_0/inst/Top_xdma_0_0_pcie2_to_pcie3_wrapper_i/Top_xdma_0_0_axi_stream_intf_i/Top_xdma_0_0_rx_demux_i/tgt_brdg_fifo_inst/U0/s_aresetn or the net immediately connecting to the pin. This constraint will block optimizations for this and all downstream leaf pins.
INFO: [Physopt 32-76] Pass 1. Identified 1 candidate net for fanout optimization.
INFO: [Physopt 32-81] Processed net Top_i/xdma_0/inst/Top_xdma_0_0_pcie2_to_pcie3_wrapper_i/pcie2_ip_i/inst/inst/user_reset_out. Replicated 10 times.
WARNING: [Physopt 32-894] Found a constraint with the -through option on pin Top_i/xdma_0/inst/Top_xdma_0_0_pcie2_to_pcie3_wrapper_i/Top_xdma_0_0_axi_stream_intf_i/Top_xdma_0_0_rx_demux_i/tgt_brdg_fifo_inst/U0/s_aresetn or the net immediately connecting to the pin. This constraint will block optimizations for this and all downstream leaf pins.
INFO: [Physopt 32-232] Optimized 1 net. Created 10 new instances.
INFO: [Physopt 32-775] End 1 Pass. Optimized 1 net or cell. Created 10 new cells, deleted 0 existing cell and moved 0 existing cell
Netlist sorting complete. Time (s): cpu = 00:00:00.09 ; elapsed = 00:00:00.09 . Memory (MB): peak = 4415.848 ; gain = 0.000 ; free physical = 46408 ; free virtual = 56248
INFO: [Physopt 32-456] No candidate cells for DSP register optimization found in the design.
INFO: [Physopt 32-775] End 2 Pass. Optimized 0 net or cell. Created 0 new cell, deleted 0 existing cell and moved 0 existing cell
INFO: [Physopt 32-1123] No candidate cells found for Shift Register to Pipeline optimization
INFO: [Physopt 32-775] End 2 Pass. Optimized 0 net or cell. Created 0 new cell, deleted 0 existing cell and moved 0 existing cell
INFO: [Physopt 32-677] No candidate cells for Shift Register optimization found in the design
INFO: [Physopt 32-775] End 1 Pass. Optimized 0 net or cell. Created 0 new cell, deleted 0 existing cell and moved 0 existing cell
INFO: [Physopt 32-526] No candidate cells for BRAM register optimization found in the design
INFO: [Physopt 32-775] End 1 Pass. Optimized 0 net or cell. Created 0 new cell, deleted 0 existing cell and moved 0 existing cell
INFO: [Physopt 32-846] No candidate cells for URAM register optimization found in the design
INFO: [Physopt 32-775] End 1 Pass. Optimized 0 net or cell. Created 0 new cell, deleted 0 existing cell and moved 0 existing cell
INFO: [Physopt 32-846] No candidate cells for URAM register optimization found in the design
INFO: [Physopt 32-775] End 1 Pass. Optimized 0 net or cell. Created 0 new cell, deleted 0 existing cell and moved 0 existing cell
INFO: [Physopt 32-949] No candidate nets found for dynamic/static region interface net replication
INFO: [Physopt 32-775] End 1 Pass. Optimized 0 net or cell. Created 0 new cell, deleted 0 existing cell and moved 0 existing cell
Netlist sorting complete. Time (s): cpu = 00:00:00.02 ; elapsed = 00:00:00.02 . Memory (MB): peak = 4415.848 ; gain = 0.000 ; free physical = 46409 ; free virtual = 56250

Summary of Physical Synthesis Optimizations
============================================


-----------------------------------------------------------------------------------------------------------------------------------------------------------
|  Optimization                                     |  Added Cells  |  Removed Cells  |  Optimized Cells/Nets  |  Dont Touch  |  Iterations  |  Elapsed   |
-----------------------------------------------------------------------------------------------------------------------------------------------------------
|  LUT Combining                                    |            9  |           5736  |                  5745  |           0  |           1  |  00:00:04  |
|  Retime                                           |            0  |              0  |                     0  |           0  |           1  |  00:00:00  |
|  Very High Fanout                                 |           10  |              0  |                     1  |           0  |           1  |  00:00:01  |
|  DSP Register                                     |            0  |              0  |                     0  |           0  |           1  |  00:00:00  |
|  Shift Register to Pipeline                       |            0  |              0  |                     0  |           0  |           1  |  00:00:00  |
|  Shift Register                                   |            0  |              0  |                     0  |           0  |           1  |  00:00:00  |
|  BRAM Register                                    |            0  |              0  |                     0  |           0  |           1  |  00:00:00  |
|  URAM Register                                    |            0  |              0  |                     0  |           0  |           1  |  00:00:00  |
|  Dynamic/Static Region Interface Net Replication  |            0  |              0  |                     0  |           0  |           1  |  00:00:00  |
|  Total                                            |           19  |           5736  |                  5746  |           0  |           9  |  00:00:06  |
-----------------------------------------------------------------------------------------------------------------------------------------------------------


Phase 2.4.2 Physical Synthesis In Placer | Checksum: 42b75b1b

Time (s): cpu = 00:06:40 ; elapsed = 00:02:07 . Memory (MB): peak = 4415.848 ; gain = 661.164 ; free physical = 46371 ; free virtual = 56245
Phase 2.4 Global Placement Core | Checksum: 9257ce94

Time (s): cpu = 00:07:03 ; elapsed = 00:02:17 . Memory (MB): peak = 4415.848 ; gain = 661.164 ; free physical = 46270 ; free virtual = 56252
Phase 2 Global Placement | Checksum: 9257ce94

Time (s): cpu = 00:07:04 ; elapsed = 00:02:17 . Memory (MB): peak = 4415.848 ; gain = 661.164 ; free physical = 46270 ; free virtual = 56253

Phase 3 Detail Placement

Phase 3.1 Commit Multi Column Macros
Phase 3.1 Commit Multi Column Macros | Checksum: 10cd62bd3

Time (s): cpu = 00:07:37 ; elapsed = 00:02:25 . Memory (MB): peak = 4415.848 ; gain = 661.164 ; free physical = 46163 ; free virtual = 56256

Phase 3.2 Commit Most Macros & LUTRAMs
Phase 3.2 Commit Most Macros & LUTRAMs | Checksum: 11770044c

Time (s): cpu = 00:08:24 ; elapsed = 00:02:39 . Memory (MB): peak = 4415.848 ; gain = 661.164 ; free physical = 46013 ; free virtual = 56213

Phase 3.3 Area Swap Optimization
Phase 3.3 Area Swap Optimization | Checksum: 1680d6d45

Time (s): cpu = 00:08:27 ; elapsed = 00:02:41 . Memory (MB): peak = 4415.848 ; gain = 661.164 ; free physical = 45989 ; free virtual = 56219

Phase 3.4 Pipeline Register Optimization
Phase 3.4 Pipeline Register Optimization | Checksum: 18bbd0cef

Time (s): cpu = 00:08:28 ; elapsed = 00:02:42 . Memory (MB): peak = 4415.848 ; gain = 661.164 ; free physical = 45984 ; free virtual = 56219

Phase 3.5 Fast Optimization
Phase 3.5 Fast Optimization | Checksum: 100a31b1d

Time (s): cpu = 00:09:44 ; elapsed = 00:02:56 . Memory (MB): peak = 4415.848 ; gain = 661.164 ; free physical = 45807 ; free virtual = 56176

Phase 3.6 Small Shape Detail Placement
Phase 3.6 Small Shape Detail Placement | Checksum: 16a8a70cf

Time (s): cpu = 00:10:20 ; elapsed = 00:03:31 . Memory (MB): peak = 4415.848 ; gain = 661.164 ; free physical = 45294 ; free virtual = 56078

Phase 3.7 Re-assign LUT pins
Phase 3.7 Re-assign LUT pins | Checksum: 1cca7ac55

Time (s): cpu = 00:10:25 ; elapsed = 00:03:35 . Memory (MB): peak = 4415.848 ; gain = 661.164 ; free physical = 45231 ; free virtual = 56092

Phase 3.8 Pipeline Register Optimization
Phase 3.8 Pipeline Register Optimization | Checksum: 436e7b61

Time (s): cpu = 00:10:26 ; elapsed = 00:03:36 . Memory (MB): peak = 4415.848 ; gain = 661.164 ; free physical = 45222 ; free virtual = 56094

Phase 3.9 Fast Optimization
Phase 3.9 Fast Optimization | Checksum: 1a1931d86

Time (s): cpu = 00:12:01 ; elapsed = 00:03:53 . Memory (MB): peak = 4536.551 ; gain = 781.867 ; free physical = 45026 ; free virtual = 55998
Phase 3 Detail Placement | Checksum: 1a1931d86

Time (s): cpu = 00:12:02 ; elapsed = 00:03:53 . Memory (MB): peak = 4536.551 ; gain = 781.867 ; free physical = 45028 ; free virtual = 55999

Phase 4 Post Placement Optimization and Clean-Up

Phase 4.1 Post Commit Optimization
INFO: [Timing 38-35] Done setting XDC timing constraints.

Phase 4.1.1 Post Placement Optimization
Post Placement Optimization Initialization | Checksum: 11c76bf5d

Phase 4.1.1.1 BUFG Insertion

Starting Physical Synthesis Task

Phase 1 Physical Synthesis Initialization
INFO: [Physopt 32-721] Multithreading enabled for phys_opt_design using a maximum of 8 CPUs
INFO: [Physopt 32-619] Estimated Timing Summary | WNS=-0.808 | TNS=-1.731 |
Phase 1 Physical Synthesis Initialization | Checksum: 17a2b042e

Time (s): cpu = 00:00:27 ; elapsed = 00:00:08 . Memory (MB): peak = 4595.348 ; gain = 0.000 ; free physical = 44972 ; free virtual = 55941
INFO: [Place 46-33] Processed net Top_i/xdma_0/inst/udma_wrapper/dma_top/dma_pcie_req/dma_pcie_rc/u_dma_rc_mem_pfch/user_rst_n_3ff_reg[0], BUFG insertion was skipped due to placement/routing conflicts.
INFO: [Place 46-33] Processed net Top_i/multi_cores_top_0/inst/prog_active1_out, BUFG insertion was skipped due to placement/routing conflicts.
INFO: [Place 46-33] Processed net Top_i/multi_cores_top_0/inst/p_2_out[15], BUFG insertion was skipped due to placement/routing conflicts.
INFO: [Place 46-33] Processed net Top_i/multi_cores_top_0/inst/p_2_out[31], BUFG insertion was skipped due to placement/routing conflicts.
INFO: [Place 46-33] Processed net Top_i/multi_cores_top_0/inst/p_2_out[47], BUFG insertion was skipped due to placement/routing conflicts.
INFO: [Place 46-56] BUFG insertion identified 5 candidate nets. Inserted BUFG: 0, Replicated BUFG Driver: 0, Skipped due to Placement/Routing Conflicts: 5, Skipped due to Timing Degradation: 0, Skipped due to netlist editing failed: 0.
Ending Physical Synthesis Task | Checksum: 17a2b042e

Time (s): cpu = 00:00:31 ; elapsed = 00:00:10 . Memory (MB): peak = 4595.348 ; gain = 0.000 ; free physical = 44982 ; free virtual = 55951
Phase 4.1.1.1 BUFG Insertion | Checksum: 11c76bf5d

Time (s): cpu = 00:14:08 ; elapsed = 00:04:28 . Memory (MB): peak = 4595.348 ; gain = 840.664 ; free physical = 44982 ; free virtual = 55948

Phase 4.1.1.2 Post Placement Timing Optimization
INFO: [Place 30-746] Post Placement Timing Summary WNS=0.079. For the most accurate timing information please run report_timing.
Phase 4.1.1.2 Post Placement Timing Optimization | Checksum: 181fdefa2

Time (s): cpu = 00:16:04 ; elapsed = 00:05:02 . Memory (MB): peak = 4611.348 ; gain = 856.664 ; free physical = 45077 ; free virtual = 55951

Time (s): cpu = 00:16:04 ; elapsed = 00:05:02 . Memory (MB): peak = 4611.348 ; gain = 856.664 ; free physical = 45077 ; free virtual = 55951
Phase 4.1 Post Commit Optimization | Checksum: 181fdefa2

Time (s): cpu = 00:16:05 ; elapsed = 00:05:02 . Memory (MB): peak = 4611.348 ; gain = 856.664 ; free physical = 45077 ; free virtual = 55950

Phase 4.2 Post Placement Cleanup
Phase 4.2 Post Placement Cleanup | Checksum: 181fdefa2

Time (s): cpu = 00:16:06 ; elapsed = 00:05:03 . Memory (MB): peak = 4611.348 ; gain = 856.664 ; free physical = 45076 ; free virtual = 55950

Phase 4.3 Placer Reporting

Phase 4.3.1 Print Estimated Congestion
INFO: [Place 30-612] Post-Placement Estimated Congestion 
 ____________________________________________________
|           | Global Congestion | Short Congestion  |
| Direction | Region Size       | Region Size       |
|___________|___________________|___________________|
|      North|                2x2|                8x8|
|___________|___________________|___________________|
|      South|                2x2|                8x8|
|___________|___________________|___________________|
|       East|              16x16|                4x4|
|___________|___________________|___________________|
|       West|                1x1|                4x4|
|___________|___________________|___________________|

Phase 4.3.1 Print Estimated Congestion | Checksum: 181fdefa2

Time (s): cpu = 00:16:07 ; elapsed = 00:05:04 . Memory (MB): peak = 4611.348 ; gain = 856.664 ; free physical = 45092 ; free virtual = 55955
Phase 4.3 Placer Reporting | Checksum: 181fdefa2

Time (s): cpu = 00:16:08 ; elapsed = 00:05:05 . Memory (MB): peak = 4611.348 ; gain = 856.664 ; free physical = 45091 ; free virtual = 55955

Phase 4.4 Final Placement Cleanup
Netlist sorting complete. Time (s): cpu = 00:00:00.03 ; elapsed = 00:00:00.03 . Memory (MB): peak = 4611.348 ; gain = 0.000 ; free physical = 45091 ; free virtual = 55955

Time (s): cpu = 00:16:08 ; elapsed = 00:05:05 . Memory (MB): peak = 4611.348 ; gain = 856.664 ; free physical = 45091 ; free virtual = 55955
Phase 4 Post Placement Optimization and Clean-Up | Checksum: 1957f96a7

Time (s): cpu = 00:16:08 ; elapsed = 00:05:06 . Memory (MB): peak = 4611.348 ; gain = 856.664 ; free physical = 45091 ; free virtual = 55955
Ending Placer Task | Checksum: a1951b91

Time (s): cpu = 00:16:09 ; elapsed = 00:05:06 . Memory (MB): peak = 4611.348 ; gain = 856.664 ; free physical = 45091 ; free virtual = 55955
INFO: [Common 17-83] Releasing license: Implementation
214 Infos, 37 Warnings, 29 Critical Warnings and 0 Errors encountered.
place_design completed successfully
place_design: Time (s): cpu = 00:16:17 ; elapsed = 00:05:10 . Memory (MB): peak = 4611.348 ; gain = 903.359 ; free physical = 45091 ; free virtual = 55955
INFO: [runtcl-4] Executing : report_io -file Top_wrapper_io_placed.rpt
report_io: Time (s): cpu = 00:00:00.09 ; elapsed = 00:00:00.13 . Memory (MB): peak = 4611.348 ; gain = 0.000 ; free physical = 45083 ; free virtual = 55947
INFO: [runtcl-4] Executing : report_utilization -file Top_wrapper_utilization_placed.rpt -pb Top_wrapper_utilization_placed.pb
INFO: [runtcl-4] Executing : report_control_sets -verbose -file Top_wrapper_control_sets_placed.rpt
report_control_sets: Time (s): cpu = 00:00:00.3 ; elapsed = 00:00:00.34 . Memory (MB): peak = 4611.348 ; gain = 0.000 ; free physical = 45081 ; free virtual = 55945
INFO: [Timing 38-480] Writing timing data to binary archive.
Writing XDEF routing.
Writing XDEF routing logical nets.
Writing XDEF routing special nets.
Write XDEF Complete: Time (s): cpu = 00:00:32 ; elapsed = 00:00:13 . Memory (MB): peak = 4627.355 ; gain = 8.004 ; free physical = 44482 ; free virtual = 55935
report_design_analysis: Time (s): cpu = 00:00:26 ; elapsed = 00:00:08 . Memory (MB): peak = 4635.359 ; gain = 8.004 ; free physical = 44455 ; free virtual = 55909
INFO: [Common 17-1381] The checkpoint '/home/cansu/Desktop/bf2/bf2_hw/bf2_hw.runs/impl_1/Top_wrapper_placed.dcp' has been generated.
write_checkpoint: Time (s): cpu = 00:01:02 ; elapsed = 00:00:26 . Memory (MB): peak = 4635.359 ; gain = 24.012 ; free physical = 44599 ; free virtual = 55900
Command: route_design
Attempting to get a license for feature 'Implementation' and/or device 'xc7a200t'
INFO: [Common 17-349] Got license for feature 'Implementation' and/or device 'xc7a200t'
Running DRC as a precondition to command route_design
INFO: [DRC 23-27] Running DRC with 8 threads
INFO: [Vivado_Tcl 4-198] DRC finished with 0 Errors
INFO: [Vivado_Tcl 4-199] Please refer to the DRC report (report_drc) for more information.


Starting Routing Task
INFO: [Route 35-254] Multithreading enabled for route_design using a maximum of 8 CPUs

Phase 1 Build RT Design
Checksum: PlaceDB: 61e85e0b ConstDB: 0 ShapeSum: 3facbd86 RouteDB: 0
Post Restoration Checksum: NetGraph: 25ec3a93 | NumContArr: aa5f165f | Constraints: 190a55ad | Timing: 0
Phase 1 Build RT Design | Checksum: e955a69f

Time (s): cpu = 00:01:58 ; elapsed = 00:00:40 . Memory (MB): peak = 4643.363 ; gain = 0.000 ; free physical = 44612 ; free virtual = 55914

Phase 2 Router Initialization

Phase 2.1 Fix Topology Constraints
Phase 2.1 Fix Topology Constraints | Checksum: e955a69f

Time (s): cpu = 00:01:59 ; elapsed = 00:00:41 . Memory (MB): peak = 4643.363 ; gain = 0.000 ; free physical = 44612 ; free virtual = 55914

Phase 2.2 Pre Route Cleanup
Phase 2.2 Pre Route Cleanup | Checksum: e955a69f

Time (s): cpu = 00:02:00 ; elapsed = 00:00:41 . Memory (MB): peak = 4643.363 ; gain = 0.000 ; free physical = 44612 ; free virtual = 55914
 Number of Nodes with overlaps = 0

Phase 2.3 Update Timing
Phase 2.3 Update Timing | Checksum: 24f1fc861

Time (s): cpu = 00:04:02 ; elapsed = 00:01:14 . Memory (MB): peak = 4643.363 ; gain = 0.000 ; free physical = 44548 ; free virtual = 55852
INFO: [Route 35-416] Intermediate Timing Summary | WNS=0.095  | TNS=0.000  | WHS=-0.585 | THS=-5605.135|


Phase 2.4 Update Timing for Bus Skew

Phase 2.4.1 Update Timing
Phase 2.4.1 Update Timing | Checksum: 265fd9156

Time (s): cpu = 00:05:36 ; elapsed = 00:01:35 . Memory (MB): peak = 4643.363 ; gain = 0.000 ; free physical = 44573 ; free virtual = 55859
INFO: [Route 35-416] Intermediate Timing Summary | WNS=0.095  | TNS=0.000  | WHS=N/A    | THS=N/A    |

Phase 2.4 Update Timing for Bus Skew | Checksum: 27cb0e2e9

Time (s): cpu = 00:05:36 ; elapsed = 00:01:35 . Memory (MB): peak = 4643.363 ; gain = 0.000 ; free physical = 44571 ; free virtual = 55860

Router Utilization Summary
  Global Vertical Routing Utilization    = 0.00208523 %
  Global Horizontal Routing Utilization  = 0.000892267 %
  Routable Net Status*
  *Does not include unroutable nets such as driverless and loadless.
  Run report_route_status for detailed report.
  Number of Failed Nets               = 198350
    (Failed Nets is the sum of unrouted and partially routed nets)
  Number of Unrouted Nets             = 198348
  Number of Partially Routed Nets     = 2
  Number of Node Overlaps             = 0

Phase 2 Router Initialization | Checksum: 1e76b869f

Time (s): cpu = 00:05:39 ; elapsed = 00:01:36 . Memory (MB): peak = 4643.363 ; gain = 0.000 ; free physical = 44552 ; free virtual = 55842

Phase 3 Initial Routing

Phase 3.1 Global Routing
Phase 3.1 Global Routing | Checksum: 1e76b869f

Time (s): cpu = 00:05:39 ; elapsed = 00:01:36 . Memory (MB): peak = 4643.363 ; gain = 0.000 ; free physical = 44552 ; free virtual = 55841
Phase 3 Initial Routing | Checksum: 16f72e735

Time (s): cpu = 00:08:14 ; elapsed = 00:02:05 . Memory (MB): peak = 4912.883 ; gain = 269.520 ; free physical = 44320 ; free virtual = 55610

Phase 4 Rip-up And Reroute

Phase 4.1 Global Iteration 0
 Number of Nodes with overlaps = 29722
 Number of Nodes with overlaps = 7182
 Number of Nodes with overlaps = 4191
 Number of Nodes with overlaps = 121
 Number of Nodes with overlaps = 3
 Number of Nodes with overlaps = 2
 Number of Nodes with overlaps = 0
INFO: [Route 35-416] Intermediate Timing Summary | WNS=-0.085 | TNS=-0.085 | WHS=N/A    | THS=N/A    |

Phase 4.1 Global Iteration 0 | Checksum: 173fdca9d

Time (s): cpu = 00:15:04 ; elapsed = 00:04:58 . Memory (MB): peak = 5005.500 ; gain = 362.137 ; free physical = 44343 ; free virtual = 55633

Phase 4.2 Global Iteration 1
 Number of Nodes with overlaps = 302
 Number of Nodes with overlaps = 124
 Number of Nodes with overlaps = 26
 Number of Nodes with overlaps = 16
 Number of Nodes with overlaps = 8
 Number of Nodes with overlaps = 4
 Number of Nodes with overlaps = 2
 Number of Nodes with overlaps = 0
INFO: [Route 35-416] Intermediate Timing Summary | WNS=0.284  | TNS=0.000  | WHS=N/A    | THS=N/A    |

Phase 4.2 Global Iteration 1 | Checksum: 27bb4d277

Time (s): cpu = 00:15:45 ; elapsed = 00:05:20 . Memory (MB): peak = 5005.500 ; gain = 362.137 ; free physical = 44300 ; free virtual = 55590
Phase 4 Rip-up And Reroute | Checksum: 27bb4d277

Time (s): cpu = 00:15:45 ; elapsed = 00:05:20 . Memory (MB): peak = 5005.500 ; gain = 362.137 ; free physical = 44300 ; free virtual = 55590

Phase 5 Delay and Skew Optimization

Phase 5.1 Delay CleanUp
Phase 5.1 Delay CleanUp | Checksum: 27bb4d277

Time (s): cpu = 00:15:46 ; elapsed = 00:05:20 . Memory (MB): peak = 5005.500 ; gain = 362.137 ; free physical = 44281 ; free virtual = 55571

Phase 5.2 Clock Skew Optimization
Phase 5.2 Clock Skew Optimization | Checksum: 27bb4d277

Time (s): cpu = 00:15:46 ; elapsed = 00:05:20 . Memory (MB): peak = 5005.500 ; gain = 362.137 ; free physical = 44281 ; free virtual = 55570
Phase 5 Delay and Skew Optimization | Checksum: 27bb4d277

Time (s): cpu = 00:15:47 ; elapsed = 00:05:21 . Memory (MB): peak = 5005.500 ; gain = 362.137 ; free physical = 44281 ; free virtual = 55570

Phase 6 Post Hold Fix

Phase 6.1 Hold Fix Iter

Phase 6.1.1 Update Timing
Phase 6.1.1 Update Timing | Checksum: 1fed2237e

Time (s): cpu = 00:16:22 ; elapsed = 00:05:30 . Memory (MB): peak = 5005.500 ; gain = 362.137 ; free physical = 44273 ; free virtual = 55564
INFO: [Route 35-416] Intermediate Timing Summary | WNS=0.284  | TNS=0.000  | WHS=0.015  | THS=0.000  |

Phase 6.1 Hold Fix Iter | Checksum: 2c37b28df

Time (s): cpu = 00:16:22 ; elapsed = 00:05:30 . Memory (MB): peak = 5005.500 ; gain = 362.137 ; free physical = 44273 ; free virtual = 55564
Phase 6 Post Hold Fix | Checksum: 2c37b28df

Time (s): cpu = 00:16:22 ; elapsed = 00:05:30 . Memory (MB): peak = 5005.500 ; gain = 362.137 ; free physical = 44273 ; free virtual = 55564

Phase 7 Route finalize

Router Utilization Summary
  Global Vertical Routing Utilization    = 22.1293 %
  Global Horizontal Routing Utilization  = 26.8947 %
  Routable Net Status*
  *Does not include unroutable nets such as driverless and loadless.
  Run report_route_status for detailed report.
  Number of Failed Nets               = 0
    (Failed Nets is the sum of unrouted and partially routed nets)
  Number of Unrouted Nets             = 0
  Number of Partially Routed Nets     = 0
  Number of Node Overlaps             = 0

Phase 7 Route finalize | Checksum: 29939056d

Time (s): cpu = 00:16:25 ; elapsed = 00:05:31 . Memory (MB): peak = 5005.500 ; gain = 362.137 ; free physical = 44271 ; free virtual = 55561

Phase 8 Verifying routed nets

 Verification completed successfully
Phase 8 Verifying routed nets | Checksum: 29939056d

Time (s): cpu = 00:16:25 ; elapsed = 00:05:32 . Memory (MB): peak = 5005.500 ; gain = 362.137 ; free physical = 44271 ; free virtual = 55561

Phase 9 Depositing Routes
Phase 9 Depositing Routes | Checksum: 2643f144e

Time (s): cpu = 00:16:41 ; elapsed = 00:05:38 . Memory (MB): peak = 5005.500 ; gain = 362.137 ; free physical = 44256 ; free virtual = 55546

Phase 10 Post Router Timing
INFO: [Route 35-57] Estimated Timing Summary | WNS=0.284  | TNS=0.000  | WHS=0.015  | THS=0.000  |

INFO: [Route 35-327] The final timing numbers are based on the router estimated timing analysis. For a complete and accurate timing signoff, please run report_timing_summary.
Phase 10 Post Router Timing | Checksum: 2643f144e

Time (s): cpu = 00:17:15 ; elapsed = 00:05:47 . Memory (MB): peak = 5005.500 ; gain = 362.137 ; free physical = 44259 ; free virtual = 55549
INFO: [Route 35-16] Router Completed Successfully

Phase 11 Post-Route Event Processing
Phase 11 Post-Route Event Processing | Checksum: 951e4f14

Time (s): cpu = 00:17:18 ; elapsed = 00:05:49 . Memory (MB): peak = 5005.500 ; gain = 362.137 ; free physical = 44273 ; free virtual = 55563

Time (s): cpu = 00:17:18 ; elapsed = 00:05:49 . Memory (MB): peak = 5005.500 ; gain = 362.137 ; free physical = 44273 ; free virtual = 55563

Routing Is Done.
INFO: [Common 17-83] Releasing license: Implementation
233 Infos, 37 Warnings, 29 Critical Warnings and 0 Errors encountered.
route_design completed successfully
route_design: Time (s): cpu = 00:17:30 ; elapsed = 00:05:54 . Memory (MB): peak = 5005.500 ; gain = 370.141 ; free physical = 44273 ; free virtual = 55563
INFO: [runtcl-4] Executing : report_drc -file Top_wrapper_drc_routed.rpt -pb Top_wrapper_drc_routed.pb -rpx Top_wrapper_drc_routed.rpx
Command: report_drc -file Top_wrapper_drc_routed.rpt -pb Top_wrapper_drc_routed.pb -rpx Top_wrapper_drc_routed.rpx
INFO: [IP_Flow 19-1839] IP Catalog is up to date.
INFO: [DRC 23-27] Running DRC with 8 threads
INFO: [Vivado_Tcl 2-168] The results of DRC are in file /home/cansu/Desktop/bf2/bf2_hw/bf2_hw.runs/impl_1/Top_wrapper_drc_routed.rpt.
report_drc completed successfully
report_drc: Time (s): cpu = 00:00:44 ; elapsed = 00:00:11 . Memory (MB): peak = 5077.535 ; gain = 72.035 ; free physical = 44159 ; free virtual = 55508
INFO: [runtcl-4] Executing : report_methodology -file Top_wrapper_methodology_drc_routed.rpt -pb Top_wrapper_methodology_drc_routed.pb -rpx Top_wrapper_methodology_drc_routed.rpx
Command: report_methodology -file Top_wrapper_methodology_drc_routed.rpt -pb Top_wrapper_methodology_drc_routed.pb -rpx Top_wrapper_methodology_drc_routed.rpx
INFO: [Timing 38-35] Done setting XDC timing constraints.
INFO: [DRC 23-133] Running Methodology with 8 threads
INFO: [Vivado_Tcl 2-1520] The results of Report Methodology are in file /home/cansu/Desktop/bf2/bf2_hw/bf2_hw.runs/impl_1/Top_wrapper_methodology_drc_routed.rpt.
report_methodology completed successfully
report_methodology: Time (s): cpu = 00:03:14 ; elapsed = 00:00:37 . Memory (MB): peak = 5077.535 ; gain = 0.000 ; free physical = 45316 ; free virtual = 56658
INFO: [runtcl-4] Executing : report_power -file Top_wrapper_power_routed.rpt -pb Top_wrapper_power_summary_routed.pb -rpx Top_wrapper_power_routed.rpx
Command: report_power -file Top_wrapper_power_routed.rpt -pb Top_wrapper_power_summary_routed.pb -rpx Top_wrapper_power_routed.rpx
INFO: [Timing 38-35] Done setting XDC timing constraints.
Running Vector-less Activity Propagation...

Finished Running Vector-less Activity Propagation
WARNING: [Power 33-332] Found switching activity that implies high-fanout reset nets being asserted for excessive periods of time which may result in inaccurate power analysis.
Resolution: To review and fix problems, please run Power Constraints Advisor in the GUI from Tools > Power Constraints Advisor or run report_power with the -advisory option to generate a text report.
243 Infos, 38 Warnings, 29 Critical Warnings and 0 Errors encountered.
report_power completed successfully
report_power: Time (s): cpu = 00:01:35 ; elapsed = 00:00:23 . Memory (MB): peak = 5077.535 ; gain = 0.000 ; free physical = 45342 ; free virtual = 56678
INFO: [runtcl-4] Executing : report_route_status -file Top_wrapper_route_status.rpt -pb Top_wrapper_route_status.pb
INFO: [runtcl-4] Executing : report_timing_summary -max_paths 10 -report_unconstrained -file Top_wrapper_timing_summary_routed.rpt -pb Top_wrapper_timing_summary_routed.pb -rpx Top_wrapper_timing_summary_routed.rpx -warn_on_violation 
INFO: [Timing 38-91] UpdateTimingParams: Speed grade: -2, Delay Type: min_max.
INFO: [Timing 38-191] Multithreading enabled for timing update using a maximum of 8 CPUs
WARNING: [Timing 38-436] There are set_bus_skew constraint(s) in this design. Please run report_bus_skew to ensure that bus skew requirements are met.
report_timing_summary: Time (s): cpu = 00:00:31 ; elapsed = 00:00:06 . Memory (MB): peak = 5077.535 ; gain = 0.000 ; free physical = 45265 ; free virtual = 56605
INFO: [runtcl-4] Executing : report_incremental_reuse -file Top_wrapper_incremental_reuse_routed.rpt
INFO: [Vivado_Tcl 4-1062] Incremental flow is disabled. No incremental reuse Info to report.
INFO: [runtcl-4] Executing : report_clock_utilization -file Top_wrapper_clock_utilization_routed.rpt
report_clock_utilization: Time (s): cpu = 00:00:05 ; elapsed = 00:00:05 . Memory (MB): peak = 5077.535 ; gain = 0.000 ; free physical = 45255 ; free virtual = 56595
INFO: [runtcl-4] Executing : report_bus_skew -warn_on_violation -file Top_wrapper_bus_skew_routed.rpt -pb Top_wrapper_bus_skew_routed.pb -rpx Top_wrapper_bus_skew_routed.rpx
INFO: [Timing 38-91] UpdateTimingParams: Speed grade: -2, Delay Type: min_max.
INFO: [Timing 38-191] Multithreading enabled for timing update using a maximum of 8 CPUs
INFO: [Timing 38-480] Writing timing data to binary archive.
Writing XDEF routing.
Writing XDEF routing logical nets.
Writing XDEF routing special nets.
Write XDEF Complete: Time (s): cpu = 00:00:26 ; elapsed = 00:00:11 . Memory (MB): peak = 5088.512 ; gain = 8.004 ; free physical = 45040 ; free virtual = 56628
INFO: [Common 17-1381] The checkpoint '/home/cansu/Desktop/bf2/bf2_hw/bf2_hw.runs/impl_1/Top_wrapper_routed.dcp' has been generated.
write_checkpoint: Time (s): cpu = 00:00:31 ; elapsed = 00:00:16 . Memory (MB): peak = 5088.512 ; gain = 10.977 ; free physical = 45177 ; free virtual = 56609
INFO: [Memdata 28-208] The XPM instance: <Top_i/xdma_0/inst/ram_top/mas_bridge_ram_write_512.MASTER_WRITE_FIFO/xpm_memory_sdpram_inst_loop[0].xpm_memory_sdpram_inst/xpm_memory_base_inst> is part of IP: <Top_i/xdma_0>. This XPM instance will be excluded from the .mmi because updatemem is prohibited from making changes to an XPM that is part of an IP.
INFO: [Memdata 28-208] The XPM instance: <Top_i/xdma_0/inst/ram_top/gen_h2c_bram.H2C_DAT0_FIFO/xpm_memory_sdpram_inst_loop[1].xpm_memory_sdpram_inst/xpm_memory_base_inst> is part of IP: <Top_i/xdma_0>. This XPM instance will be excluded from the .mmi because updatemem is prohibited from making changes to an XPM that is part of an IP.
INFO: [Memdata 28-208] The XPM instance: <Top_i/xdma_0/inst/ram_top/gen_h2c_bram.H2C_DAT0_FIFO/xpm_memory_sdpram_inst_loop[0].xpm_memory_sdpram_inst/xpm_memory_base_inst> is part of IP: <Top_i/xdma_0>. This XPM instance will be excluded from the .mmi because updatemem is prohibited from making changes to an XPM that is part of an IP.
INFO: [Memdata 28-208] The XPM instance: <Top_i/xdma_0/inst/ram_top/gen_c2h_bram.C2H_DAT0_FIFO/xpm_memory_sdpram_inst_loop[1].xpm_memory_sdpram_inst/xpm_memory_base_inst> is part of IP: <Top_i/xdma_0>. This XPM instance will be excluded from the .mmi because updatemem is prohibited from making changes to an XPM that is part of an IP.
INFO: [Memdata 28-208] The XPM instance: <Top_i/xdma_0/inst/ram_top/gen_c2h_bram.C2H_DAT0_FIFO/xpm_memory_sdpram_inst_loop[0].xpm_memory_sdpram_inst/xpm_memory_base_inst> is part of IP: <Top_i/xdma_0>. This XPM instance will be excluded from the .mmi because updatemem is prohibited from making changes to an XPM that is part of an IP.
INFO: [Memdata 28-208] The XPM instance: <Top_i/xdma_0/inst/ram_top/MASTER_READ_BRAM/xpm_memory_sdpram_inst_loop[0].xpm_memory_sdpram_inst/xpm_memory_base_inst> is part of IP: <Top_i/xdma_0>. This XPM instance will be excluded from the .mmi because updatemem is prohibited from making changes to an XPM that is part of an IP.
Command: write_bitstream -force Top_wrapper.bit
Attempting to get a license for feature 'Implementation' and/or device 'xc7a200t'
INFO: [Common 17-349] Got license for feature 'Implementation' and/or device 'xc7a200t'
Running DRC as a precondition to command write_bitstream
INFO: [IP_Flow 19-1839] IP Catalog is up to date.
INFO: [DRC 23-27] Running DRC with 8 threads
WARNING: [DRC CHECK-3] Report rule limit reached: REQP-1839 rule limit reached: 20 violations have been found.
WARNING: [DRC PDCN-1569] LUT equation term check: Used physical LUT pin 'A1' of cell Top_i/xdma_0/inst/Top_xdma_0_0_pcie2_to_pcie3_wrapper_i/Top_xdma_0_0_axi_stream_intf_i/Top_xdma_0_0_rx_demux_i/dma_cpl_fifo_inst/U0/inst_fifo_gen/gaxis_fifo.gaxisf.axisf/grf.rf/gntv_or_sync_fifo.gl0.rd/gr1.gr1_int.rfwft/gpregsm1.user_valid_i_1 (pin Top_i/xdma_0/inst/Top_xdma_0_0_pcie2_to_pcie3_wrapper_i/Top_xdma_0_0_axi_stream_intf_i/Top_xdma_0_0_rx_demux_i/dma_cpl_fifo_inst/U0/inst_fifo_gen/gaxis_fifo.gaxisf.axisf/grf.rf/gntv_or_sync_fifo.gl0.rd/gr1.gr1_int.rfwft/gpregsm1.user_valid_i_1/I1) is not included in the LUT equation: 'O6=(A2)+((~A2)*(~A6)*A3)'. If this cell is a user instantiated LUT in the design, please remove connectivity to the pin or change the equation and/or INIT string of the LUT to prevent this issue. If the cell is inferred or IP created LUT, please regenerate the IP and/or resynthesize the design to attempt to correct the issue.
WARNING: [DRC PDCN-1569] LUT equation term check: Used physical LUT pin 'A4' of cell Top_i/xdma_0/inst/Top_xdma_0_0_pcie2_to_pcie3_wrapper_i/Top_xdma_0_0_axi_stream_intf_i/Top_xdma_0_0_rx_demux_i/tgt_brdg_fifo_inst/U0/inst_fifo_gen/gaxis_fifo.gaxisf.axisf/grf.rf/gntv_or_sync_fifo.gl0.rd/gr1.gr1_int.rfwft/gpregsm1.user_valid_i_1 (pin Top_i/xdma_0/inst/Top_xdma_0_0_pcie2_to_pcie3_wrapper_i/Top_xdma_0_0_axi_stream_intf_i/Top_xdma_0_0_rx_demux_i/tgt_brdg_fifo_inst/U0/inst_fifo_gen/gaxis_fifo.gaxisf.axisf/grf.rf/gntv_or_sync_fifo.gl0.rd/gr1.gr1_int.rfwft/gpregsm1.user_valid_i_1/I1) is not included in the LUT equation: 'O6=(A5)+((~A5)*(~A1)*A3)'. If this cell is a user instantiated LUT in the design, please remove connectivity to the pin or change the equation and/or INIT string of the LUT to prevent this issue. If the cell is inferred or IP created LUT, please regenerate the IP and/or resynthesize the design to attempt to correct the issue.
WARNING: [DRC REQP-1839] RAMB36 async control check: The RAMB36E1 Top_i/xdma_0/inst/Top_xdma_0_0_pcie2_to_pcie3_wrapper_i/Top_xdma_0_0_axi_stream_intf_i/Top_xdma_0_0_rx_demux_i/dma_cpl_fifo_inst/U0/inst_fifo_gen/gaxis_fifo.gaxisf.axisf/grf.rf/gntv_or_sync_fifo.mem/gbm.gbmg.gbmga.ngecc.bmg/inst_blk_mem_gen/gnbram.gnativebmg.native_blk_mem_gen/valid.cstr/ramloop[1].ram.r/prim_noinit.ram/DEVICE_7SERIES.NO_BMM_INFO.SDP.WIDE_PRIM36_NO_ECC.ram has an input control pin Top_i/xdma_0/inst/Top_xdma_0_0_pcie2_to_pcie3_wrapper_i/Top_xdma_0_0_axi_stream_intf_i/Top_xdma_0_0_rx_demux_i/dma_cpl_fifo_inst/U0/inst_fifo_gen/gaxis_fifo.gaxisf.axisf/grf.rf/gntv_or_sync_fifo.mem/gbm.gbmg.gbmga.ngecc.bmg/inst_blk_mem_gen/gnbram.gnativebmg.native_blk_mem_gen/valid.cstr/ramloop[1].ram.r/prim_noinit.ram/DEVICE_7SERIES.NO_BMM_INFO.SDP.WIDE_PRIM36_NO_ECC.ram/ENARDEN (net: Top_i/xdma_0/inst/Top_xdma_0_0_pcie2_to_pcie3_wrapper_i/Top_xdma_0_0_axi_stream_intf_i/Top_xdma_0_0_rx_demux_i/dma_cpl_fifo_inst/U0/inst_fifo_gen/gaxis_fifo.gaxisf.axisf/grf.rf/gntv_or_sync_fifo.mem/gbm.gbmg.gbmga.ngecc.bmg/inst_blk_mem_gen/gnbram.gnativebmg.native_blk_mem_gen/valid.cstr/ramloop[1].ram.r/prim_noinit.ram/ram_rd_en_i) which is driven by a register (Top_i/xdma_0/inst/Top_xdma_0_0_pcie2_to_pcie3_wrapper_i/pcie2_ip_i/inst/inst/user_reset_out_reg_replica) that has an active asychronous set or reset. This may cause corruption of the memory contents and/or read values when the set/reset is asserted and is not analyzed by the default static timing analysis. It is suggested to eliminate the use of a set/reset to registers driving this RAMB pin or else use a synchronous reset in which the assertion of the reset is timed by default.
WARNING: [DRC REQP-1839] RAMB36 async control check: The RAMB36E1 Top_i/xdma_0/inst/ram_top/MASTER_READ_BRAM/xpm_memory_sdpram_inst_loop[0].xpm_memory_sdpram_inst/xpm_memory_base_inst/gen_wr_a.gen_word_narrow.mem_reg_0 has an input control pin Top_i/xdma_0/inst/ram_top/MASTER_READ_BRAM/xpm_memory_sdpram_inst_loop[0].xpm_memory_sdpram_inst/xpm_memory_base_inst/gen_wr_a.gen_word_narrow.mem_reg_0/ADDRARDADDR[10] (net: Top_i/xdma_0/inst/ram_top/MASTER_READ_BRAM/xpm_memory_sdpram_inst_loop[0].xpm_memory_sdpram_inst/xpm_memory_base_inst/addrb[4]) which is driven by a register (Top_i/xdma_0/inst/Top_xdma_0_0_pcie2_to_pcie3_wrapper_i/pcie2_ip_i/inst/inst/user_reset_out_reg_replica_1) that has an active asychronous set or reset. This may cause corruption of the memory contents and/or read values when the set/reset is asserted and is not analyzed by the default static timing analysis. It is suggested to eliminate the use of a set/reset to registers driving this RAMB pin or else use a synchronous reset in which the assertion of the reset is timed by default.
WARNING: [DRC REQP-1839] RAMB36 async control check: The RAMB36E1 Top_i/xdma_0/inst/ram_top/MASTER_READ_BRAM/xpm_memory_sdpram_inst_loop[0].xpm_memory_sdpram_inst/xpm_memory_base_inst/gen_wr_a.gen_word_narrow.mem_reg_0 has an input control pin Top_i/xdma_0/inst/ram_top/MASTER_READ_BRAM/xpm_memory_sdpram_inst_loop[0].xpm_memory_sdpram_inst/xpm_memory_base_inst/gen_wr_a.gen_word_narrow.mem_reg_0/ADDRARDADDR[11] (net: Top_i/xdma_0/inst/ram_top/MASTER_READ_BRAM/xpm_memory_sdpram_inst_loop[0].xpm_memory_sdpram_inst/xpm_memory_base_inst/addrb[5]) which is driven by a register (Top_i/xdma_0/inst/Top_xdma_0_0_pcie2_to_pcie3_wrapper_i/pcie2_ip_i/inst/inst/user_reset_out_reg_replica_1) that has an active asychronous set or reset. This may cause corruption of the memory contents and/or read values when the set/reset is asserted and is not analyzed by the default static timing analysis. It is suggested to eliminate the use of a set/reset to registers driving this RAMB pin or else use a synchronous reset in which the assertion of the reset is timed by default.
WARNING: [DRC REQP-1839] RAMB36 async control check: The RAMB36E1 Top_i/xdma_0/inst/ram_top/MASTER_READ_BRAM/xpm_memory_sdpram_inst_loop[0].xpm_memory_sdpram_inst/xpm_memory_base_inst/gen_wr_a.gen_word_narrow.mem_reg_0 has an input control pin Top_i/xdma_0/inst/ram_top/MASTER_READ_BRAM/xpm_memory_sdpram_inst_loop[0].xpm_memory_sdpram_inst/xpm_memory_base_inst/gen_wr_a.gen_word_narrow.mem_reg_0/ADDRARDADDR[12] (net: Top_i/xdma_0/inst/ram_top/MASTER_READ_BRAM/xpm_memory_sdpram_inst_loop[0].xpm_memory_sdpram_inst/xpm_memory_base_inst/addrb[6]) which is driven by a register (Top_i/xdma_0/inst/Top_xdma_0_0_pcie2_to_pcie3_wrapper_i/pcie2_ip_i/inst/inst/user_reset_out_reg_replica_1) that has an active asychronous set or reset. This may cause corruption of the memory contents and/or read values when the set/reset is asserted and is not analyzed by the default static timing analysis. It is suggested to eliminate the use of a set/reset to registers driving this RAMB pin or else use a synchronous reset in which the assertion of the reset is timed by default.
WARNING: [DRC REQP-1839] RAMB36 async control check: The RAMB36E1 Top_i/xdma_0/inst/ram_top/MASTER_READ_BRAM/xpm_memory_sdpram_inst_loop[0].xpm_memory_sdpram_inst/xpm_memory_base_inst/gen_wr_a.gen_word_narrow.mem_reg_0 has an input control pin Top_i/xdma_0/inst/ram_top/MASTER_READ_BRAM/xpm_memory_sdpram_inst_loop[0].xpm_memory_sdpram_inst/xpm_memory_base_inst/gen_wr_a.gen_word_narrow.mem_reg_0/ADDRARDADDR[13] (net: Top_i/xdma_0/inst/ram_top/MASTER_READ_BRAM/xpm_memory_sdpram_inst_loop[0].xpm_memory_sdpram_inst/xpm_memory_base_inst/addrb[7]) which is driven by a register (Top_i/xdma_0/inst/Top_xdma_0_0_pcie2_to_pcie3_wrapper_i/pcie2_ip_i/inst/inst/user_reset_out_reg_replica_1) that has an active asychronous set or reset. This may cause corruption of the memory contents and/or read values when the set/reset is asserted and is not analyzed by the default static timing analysis. It is suggested to eliminate the use of a set/reset to registers driving this RAMB pin or else use a synchronous reset in which the assertion of the reset is timed by default.
WARNING: [DRC REQP-1839] RAMB36 async control check: The RAMB36E1 Top_i/xdma_0/inst/ram_top/MASTER_READ_BRAM/xpm_memory_sdpram_inst_loop[0].xpm_memory_sdpram_inst/xpm_memory_base_inst/gen_wr_a.gen_word_narrow.mem_reg_0 has an input control pin Top_i/xdma_0/inst/ram_top/MASTER_READ_BRAM/xpm_memory_sdpram_inst_loop[0].xpm_memory_sdpram_inst/xpm_memory_base_inst/gen_wr_a.gen_word_narrow.mem_reg_0/ADDRARDADDR[14] (net: Top_i/xdma_0/inst/ram_top/MASTER_READ_BRAM/xpm_memory_sdpram_inst_loop[0].xpm_memory_sdpram_inst/xpm_memory_base_inst/addrb[8]) which is driven by a register (Top_i/xdma_0/inst/Top_xdma_0_0_pcie2_to_pcie3_wrapper_i/pcie2_ip_i/inst/inst/user_reset_out_reg_replica_1) that has an active asychronous set or reset. This may cause corruption of the memory contents and/or read values when the set/reset is asserted and is not analyzed by the default static timing analysis. It is suggested to eliminate the use of a set/reset to registers driving this RAMB pin or else use a synchronous reset in which the assertion of the reset is timed by default.
WARNING: [DRC REQP-1839] RAMB36 async control check: The RAMB36E1 Top_i/xdma_0/inst/ram_top/MASTER_READ_BRAM/xpm_memory_sdpram_inst_loop[0].xpm_memory_sdpram_inst/xpm_memory_base_inst/gen_wr_a.gen_word_narrow.mem_reg_0 has an input control pin Top_i/xdma_0/inst/ram_top/MASTER_READ_BRAM/xpm_memory_sdpram_inst_loop[0].xpm_memory_sdpram_inst/xpm_memory_base_inst/gen_wr_a.gen_word_narrow.mem_reg_0/ADDRARDADDR[6] (net: Top_i/xdma_0/inst/ram_top/MASTER_READ_BRAM/xpm_memory_sdpram_inst_loop[0].xpm_memory_sdpram_inst/xpm_memory_base_inst/addrb[0]) which is driven by a register (Top_i/xdma_0/inst/Top_xdma_0_0_pcie2_to_pcie3_wrapper_i/pcie2_ip_i/inst/inst/user_reset_out_reg_replica_1) that has an active asychronous set or reset. This may cause corruption of the memory contents and/or read values when the set/reset is asserted and is not analyzed by the default static timing analysis. It is suggested to eliminate the use of a set/reset to registers driving this RAMB pin or else use a synchronous reset in which the assertion of the reset is timed by default.
WARNING: [DRC REQP-1839] RAMB36 async control check: The RAMB36E1 Top_i/xdma_0/inst/ram_top/MASTER_READ_BRAM/xpm_memory_sdpram_inst_loop[0].xpm_memory_sdpram_inst/xpm_memory_base_inst/gen_wr_a.gen_word_narrow.mem_reg_0 has an input control pin Top_i/xdma_0/inst/ram_top/MASTER_READ_BRAM/xpm_memory_sdpram_inst_loop[0].xpm_memory_sdpram_inst/xpm_memory_base_inst/gen_wr_a.gen_word_narrow.mem_reg_0/ADDRARDADDR[7] (net: Top_i/xdma_0/inst/ram_top/MASTER_READ_BRAM/xpm_memory_sdpram_inst_loop[0].xpm_memory_sdpram_inst/xpm_memory_base_inst/addrb[1]) which is driven by a register (Top_i/xdma_0/inst/Top_xdma_0_0_pcie2_to_pcie3_wrapper_i/pcie2_ip_i/inst/inst/user_reset_out_reg_replica_1) that has an active asychronous set or reset. This may cause corruption of the memory contents and/or read values when the set/reset is asserted and is not analyzed by the default static timing analysis. It is suggested to eliminate the use of a set/reset to registers driving this RAMB pin or else use a synchronous reset in which the assertion of the reset is timed by default.
WARNING: [DRC REQP-1839] RAMB36 async control check: The RAMB36E1 Top_i/xdma_0/inst/ram_top/MASTER_READ_BRAM/xpm_memory_sdpram_inst_loop[0].xpm_memory_sdpram_inst/xpm_memory_base_inst/gen_wr_a.gen_word_narrow.mem_reg_0 has an input control pin Top_i/xdma_0/inst/ram_top/MASTER_READ_BRAM/xpm_memory_sdpram_inst_loop[0].xpm_memory_sdpram_inst/xpm_memory_base_inst/gen_wr_a.gen_word_narrow.mem_reg_0/ADDRARDADDR[8] (net: Top_i/xdma_0/inst/ram_top/MASTER_READ_BRAM/xpm_memory_sdpram_inst_loop[0].xpm_memory_sdpram_inst/xpm_memory_base_inst/addrb[2]) which is driven by a register (Top_i/xdma_0/inst/Top_xdma_0_0_pcie2_to_pcie3_wrapper_i/pcie2_ip_i/inst/inst/user_reset_out_reg_replica_1) that has an active asychronous set or reset. This may cause corruption of the memory contents and/or read values when the set/reset is asserted and is not analyzed by the default static timing analysis. It is suggested to eliminate the use of a set/reset to registers driving this RAMB pin or else use a synchronous reset in which the assertion of the reset is timed by default.
WARNING: [DRC REQP-1839] RAMB36 async control check: The RAMB36E1 Top_i/xdma_0/inst/ram_top/MASTER_READ_BRAM/xpm_memory_sdpram_inst_loop[0].xpm_memory_sdpram_inst/xpm_memory_base_inst/gen_wr_a.gen_word_narrow.mem_reg_0 has an input control pin Top_i/xdma_0/inst/ram_top/MASTER_READ_BRAM/xpm_memory_sdpram_inst_loop[0].xpm_memory_sdpram_inst/xpm_memory_base_inst/gen_wr_a.gen_word_narrow.mem_reg_0/ADDRARDADDR[9] (net: Top_i/xdma_0/inst/ram_top/MASTER_READ_BRAM/xpm_memory_sdpram_inst_loop[0].xpm_memory_sdpram_inst/xpm_memory_base_inst/addrb[3]) which is driven by a register (Top_i/xdma_0/inst/Top_xdma_0_0_pcie2_to_pcie3_wrapper_i/pcie2_ip_i/inst/inst/user_reset_out_reg_replica_1) that has an active asychronous set or reset. This may cause corruption of the memory contents and/or read values when the set/reset is asserted and is not analyzed by the default static timing analysis. It is suggested to eliminate the use of a set/reset to registers driving this RAMB pin or else use a synchronous reset in which the assertion of the reset is timed by default.
WARNING: [DRC REQP-1839] RAMB36 async control check: The RAMB36E1 Top_i/xdma_0/inst/ram_top/MASTER_READ_BRAM/xpm_memory_sdpram_inst_loop[0].xpm_memory_sdpram_inst/xpm_memory_base_inst/gen_wr_a.gen_word_narrow.mem_reg_1 has an input control pin Top_i/xdma_0/inst/ram_top/MASTER_READ_BRAM/xpm_memory_sdpram_inst_loop[0].xpm_memory_sdpram_inst/xpm_memory_base_inst/gen_wr_a.gen_word_narrow.mem_reg_1/ADDRARDADDR[10] (net: Top_i/xdma_0/inst/ram_top/MASTER_READ_BRAM/xpm_memory_sdpram_inst_loop[0].xpm_memory_sdpram_inst/xpm_memory_base_inst/addrb[4]) which is driven by a register (Top_i/xdma_0/inst/Top_xdma_0_0_pcie2_to_pcie3_wrapper_i/pcie2_ip_i/inst/inst/user_reset_out_reg_replica_1) that has an active asychronous set or reset. This may cause corruption of the memory contents and/or read values when the set/reset is asserted and is not analyzed by the default static timing analysis. It is suggested to eliminate the use of a set/reset to registers driving this RAMB pin or else use a synchronous reset in which the assertion of the reset is timed by default.
WARNING: [DRC REQP-1839] RAMB36 async control check: The RAMB36E1 Top_i/xdma_0/inst/ram_top/MASTER_READ_BRAM/xpm_memory_sdpram_inst_loop[0].xpm_memory_sdpram_inst/xpm_memory_base_inst/gen_wr_a.gen_word_narrow.mem_reg_1 has an input control pin Top_i/xdma_0/inst/ram_top/MASTER_READ_BRAM/xpm_memory_sdpram_inst_loop[0].xpm_memory_sdpram_inst/xpm_memory_base_inst/gen_wr_a.gen_word_narrow.mem_reg_1/ADDRARDADDR[11] (net: Top_i/xdma_0/inst/ram_top/MASTER_READ_BRAM/xpm_memory_sdpram_inst_loop[0].xpm_memory_sdpram_inst/xpm_memory_base_inst/addrb[5]) which is driven by a register (Top_i/xdma_0/inst/Top_xdma_0_0_pcie2_to_pcie3_wrapper_i/pcie2_ip_i/inst/inst/user_reset_out_reg_replica_1) that has an active asychronous set or reset. This may cause corruption of the memory contents and/or read values when the set/reset is asserted and is not analyzed by the default static timing analysis. It is suggested to eliminate the use of a set/reset to registers driving this RAMB pin or else use a synchronous reset in which the assertion of the reset is timed by default.
WARNING: [DRC REQP-1839] RAMB36 async control check: The RAMB36E1 Top_i/xdma_0/inst/ram_top/MASTER_READ_BRAM/xpm_memory_sdpram_inst_loop[0].xpm_memory_sdpram_inst/xpm_memory_base_inst/gen_wr_a.gen_word_narrow.mem_reg_1 has an input control pin Top_i/xdma_0/inst/ram_top/MASTER_READ_BRAM/xpm_memory_sdpram_inst_loop[0].xpm_memory_sdpram_inst/xpm_memory_base_inst/gen_wr_a.gen_word_narrow.mem_reg_1/ADDRARDADDR[12] (net: Top_i/xdma_0/inst/ram_top/MASTER_READ_BRAM/xpm_memory_sdpram_inst_loop[0].xpm_memory_sdpram_inst/xpm_memory_base_inst/addrb[6]) which is driven by a register (Top_i/xdma_0/inst/Top_xdma_0_0_pcie2_to_pcie3_wrapper_i/pcie2_ip_i/inst/inst/user_reset_out_reg_replica_1) that has an active asychronous set or reset. This may cause corruption of the memory contents and/or read values when the set/reset is asserted and is not analyzed by the default static timing analysis. It is suggested to eliminate the use of a set/reset to registers driving this RAMB pin or else use a synchronous reset in which the assertion of the reset is timed by default.
WARNING: [DRC REQP-1839] RAMB36 async control check: The RAMB36E1 Top_i/xdma_0/inst/ram_top/MASTER_READ_BRAM/xpm_memory_sdpram_inst_loop[0].xpm_memory_sdpram_inst/xpm_memory_base_inst/gen_wr_a.gen_word_narrow.mem_reg_1 has an input control pin Top_i/xdma_0/inst/ram_top/MASTER_READ_BRAM/xpm_memory_sdpram_inst_loop[0].xpm_memory_sdpram_inst/xpm_memory_base_inst/gen_wr_a.gen_word_narrow.mem_reg_1/ADDRARDADDR[13] (net: Top_i/xdma_0/inst/ram_top/MASTER_READ_BRAM/xpm_memory_sdpram_inst_loop[0].xpm_memory_sdpram_inst/xpm_memory_base_inst/addrb[7]) which is driven by a register (Top_i/xdma_0/inst/Top_xdma_0_0_pcie2_to_pcie3_wrapper_i/pcie2_ip_i/inst/inst/user_reset_out_reg_replica_1) that has an active asychronous set or reset. This may cause corruption of the memory contents and/or read values when the set/reset is asserted and is not analyzed by the default static timing analysis. It is suggested to eliminate the use of a set/reset to registers driving this RAMB pin or else use a synchronous reset in which the assertion of the reset is timed by default.
WARNING: [DRC REQP-1839] RAMB36 async control check: The RAMB36E1 Top_i/xdma_0/inst/ram_top/MASTER_READ_BRAM/xpm_memory_sdpram_inst_loop[0].xpm_memory_sdpram_inst/xpm_memory_base_inst/gen_wr_a.gen_word_narrow.mem_reg_1 has an input control pin Top_i/xdma_0/inst/ram_top/MASTER_READ_BRAM/xpm_memory_sdpram_inst_loop[0].xpm_memory_sdpram_inst/xpm_memory_base_inst/gen_wr_a.gen_word_narrow.mem_reg_1/ADDRARDADDR[14] (net: Top_i/xdma_0/inst/ram_top/MASTER_READ_BRAM/xpm_memory_sdpram_inst_loop[0].xpm_memory_sdpram_inst/xpm_memory_base_inst/addrb[8]) which is driven by a register (Top_i/xdma_0/inst/Top_xdma_0_0_pcie2_to_pcie3_wrapper_i/pcie2_ip_i/inst/inst/user_reset_out_reg_replica_1) that has an active asychronous set or reset. This may cause corruption of the memory contents and/or read values when the set/reset is asserted and is not analyzed by the default static timing analysis. It is suggested to eliminate the use of a set/reset to registers driving this RAMB pin or else use a synchronous reset in which the assertion of the reset is timed by default.
WARNING: [DRC REQP-1839] RAMB36 async control check: The RAMB36E1 Top_i/xdma_0/inst/ram_top/MASTER_READ_BRAM/xpm_memory_sdpram_inst_loop[0].xpm_memory_sdpram_inst/xpm_memory_base_inst/gen_wr_a.gen_word_narrow.mem_reg_1 has an input control pin Top_i/xdma_0/inst/ram_top/MASTER_READ_BRAM/xpm_memory_sdpram_inst_loop[0].xpm_memory_sdpram_inst/xpm_memory_base_inst/gen_wr_a.gen_word_narrow.mem_reg_1/ADDRARDADDR[6] (net: Top_i/xdma_0/inst/ram_top/MASTER_READ_BRAM/xpm_memory_sdpram_inst_loop[0].xpm_memory_sdpram_inst/xpm_memory_base_inst/addrb[0]) which is driven by a register (Top_i/xdma_0/inst/Top_xdma_0_0_pcie2_to_pcie3_wrapper_i/pcie2_ip_i/inst/inst/user_reset_out_reg_replica_1) that has an active asychronous set or reset. This may cause corruption of the memory contents and/or read values when the set/reset is asserted and is not analyzed by the default static timing analysis. It is suggested to eliminate the use of a set/reset to registers driving this RAMB pin or else use a synchronous reset in which the assertion of the reset is timed by default.
WARNING: [DRC REQP-1839] RAMB36 async control check: The RAMB36E1 Top_i/xdma_0/inst/ram_top/MASTER_READ_BRAM/xpm_memory_sdpram_inst_loop[0].xpm_memory_sdpram_inst/xpm_memory_base_inst/gen_wr_a.gen_word_narrow.mem_reg_1 has an input control pin Top_i/xdma_0/inst/ram_top/MASTER_READ_BRAM/xpm_memory_sdpram_inst_loop[0].xpm_memory_sdpram_inst/xpm_memory_base_inst/gen_wr_a.gen_word_narrow.mem_reg_1/ADDRARDADDR[7] (net: Top_i/xdma_0/inst/ram_top/MASTER_READ_BRAM/xpm_memory_sdpram_inst_loop[0].xpm_memory_sdpram_inst/xpm_memory_base_inst/addrb[1]) which is driven by a register (Top_i/xdma_0/inst/Top_xdma_0_0_pcie2_to_pcie3_wrapper_i/pcie2_ip_i/inst/inst/user_reset_out_reg_replica_1) that has an active asychronous set or reset. This may cause corruption of the memory contents and/or read values when the set/reset is asserted and is not analyzed by the default static timing analysis. It is suggested to eliminate the use of a set/reset to registers driving this RAMB pin or else use a synchronous reset in which the assertion of the reset is timed by default.
WARNING: [DRC REQP-1839] RAMB36 async control check: The RAMB36E1 Top_i/xdma_0/inst/ram_top/MASTER_READ_BRAM/xpm_memory_sdpram_inst_loop[0].xpm_memory_sdpram_inst/xpm_memory_base_inst/gen_wr_a.gen_word_narrow.mem_reg_1 has an input control pin Top_i/xdma_0/inst/ram_top/MASTER_READ_BRAM/xpm_memory_sdpram_inst_loop[0].xpm_memory_sdpram_inst/xpm_memory_base_inst/gen_wr_a.gen_word_narrow.mem_reg_1/ADDRARDADDR[8] (net: Top_i/xdma_0/inst/ram_top/MASTER_READ_BRAM/xpm_memory_sdpram_inst_loop[0].xpm_memory_sdpram_inst/xpm_memory_base_inst/addrb[2]) which is driven by a register (Top_i/xdma_0/inst/Top_xdma_0_0_pcie2_to_pcie3_wrapper_i/pcie2_ip_i/inst/inst/user_reset_out_reg_replica_1) that has an active asychronous set or reset. This may cause corruption of the memory contents and/or read values when the set/reset is asserted and is not analyzed by the default static timing analysis. It is suggested to eliminate the use of a set/reset to registers driving this RAMB pin or else use a synchronous reset in which the assertion of the reset is timed by default.
WARNING: [DRC REQP-1839] RAMB36 async control check: The RAMB36E1 Top_i/xdma_0/inst/ram_top/MASTER_READ_BRAM/xpm_memory_sdpram_inst_loop[0].xpm_memory_sdpram_inst/xpm_memory_base_inst/gen_wr_a.gen_word_narrow.mem_reg_1 has an input control pin Top_i/xdma_0/inst/ram_top/MASTER_READ_BRAM/xpm_memory_sdpram_inst_loop[0].xpm_memory_sdpram_inst/xpm_memory_base_inst/gen_wr_a.gen_word_narrow.mem_reg_1/ADDRARDADDR[9] (net: Top_i/xdma_0/inst/ram_top/MASTER_READ_BRAM/xpm_memory_sdpram_inst_loop[0].xpm_memory_sdpram_inst/xpm_memory_base_inst/addrb[3]) which is driven by a register (Top_i/xdma_0/inst/Top_xdma_0_0_pcie2_to_pcie3_wrapper_i/pcie2_ip_i/inst/inst/user_reset_out_reg_replica_1) that has an active asychronous set or reset. This may cause corruption of the memory contents and/or read values when the set/reset is asserted and is not analyzed by the default static timing analysis. It is suggested to eliminate the use of a set/reset to registers driving this RAMB pin or else use a synchronous reset in which the assertion of the reset is timed by default.
WARNING: [DRC REQP-1839] RAMB36 async control check: The RAMB36E1 Top_i/xdma_0/inst/udma_wrapper/dma_top/dma_enable.vul_dma/WR/gen_rdwr_loop[0].gen_rdwr_eng.RDWR_INST/rrq_wadr_nn1_reg has an input control pin Top_i/xdma_0/inst/udma_wrapper/dma_top/dma_enable.vul_dma/WR/gen_rdwr_loop[0].gen_rdwr_eng.RDWR_INST/rrq_wadr_nn1_reg/RSTRAMARSTRAM (net: Top_i/xdma_0/inst/udma_wrapper/dma_top/dma_enable.vul_dma/WR/gen_rdwr_loop[0].gen_rdwr_eng.RDWR_INST/rrq_wadr_nn1_reg_0) which is driven by a register (Top_i/xdma_0/inst/udma_wrapper/dma_top/dma_enable.vul_dma/pcie_c2h_rst_3ff_reg[0]_rep__5) that has an active asychronous set or reset. This may cause corruption of the memory contents and/or read values when the set/reset is asserted and is not analyzed by the default static timing analysis. It is suggested to eliminate the use of a set/reset to registers driving this RAMB pin or else use a synchronous reset in which the assertion of the reset is timed by default.
WARNING: [DRC REQP-1840] RAMB18 async control check: The RAMB18E1 Top_i/xdma_0/inst/Top_xdma_0_0_pcie2_to_pcie3_wrapper_i/Top_xdma_0_0_axi_stream_intf_i/Top_xdma_0_0_rx_demux_i/dma_cpl_fifo_inst/U0/inst_fifo_gen/gaxis_fifo.gaxisf.axisf/grf.rf/gntv_or_sync_fifo.mem/gbm.gbmg.gbmga.ngecc.bmg/inst_blk_mem_gen/gnbram.gnativebmg.native_blk_mem_gen/valid.cstr/ramloop[0].ram.r/prim_noinit.ram/DEVICE_7SERIES.NO_BMM_INFO.SDP.WIDE_PRIM18.ram has an input control pin Top_i/xdma_0/inst/Top_xdma_0_0_pcie2_to_pcie3_wrapper_i/Top_xdma_0_0_axi_stream_intf_i/Top_xdma_0_0_rx_demux_i/dma_cpl_fifo_inst/U0/inst_fifo_gen/gaxis_fifo.gaxisf.axisf/grf.rf/gntv_or_sync_fifo.mem/gbm.gbmg.gbmga.ngecc.bmg/inst_blk_mem_gen/gnbram.gnativebmg.native_blk_mem_gen/valid.cstr/ramloop[0].ram.r/prim_noinit.ram/DEVICE_7SERIES.NO_BMM_INFO.SDP.WIDE_PRIM18.ram/ENARDEN (net: Top_i/xdma_0/inst/Top_xdma_0_0_pcie2_to_pcie3_wrapper_i/Top_xdma_0_0_axi_stream_intf_i/Top_xdma_0_0_rx_demux_i/dma_cpl_fifo_inst/U0/inst_fifo_gen/gaxis_fifo.gaxisf.axisf/grf.rf/gntv_or_sync_fifo.mem/gbm.gbmg.gbmga.ngecc.bmg/inst_blk_mem_gen/gnbram.gnativebmg.native_blk_mem_gen/valid.cstr/ramloop[0].ram.r/prim_noinit.ram/ram_rd_en_i) which is driven by a register (Top_i/xdma_0/inst/Top_xdma_0_0_pcie2_to_pcie3_wrapper_i/pcie2_ip_i/inst/inst/user_reset_out_reg_replica) that has an active asychronous set or reset. This may cause corruption of the memory contents and/or read values when the set/reset is asserted and is not analyzed by the default static timing analysis. It is suggested to eliminate the use of a set/reset to registers driving this RAMB pin or else use a synchronous reset in which the assertion of the reset is timed by default.
WARNING: [DRC RTSTAT-10] No routable loads: 63 net(s) have no routable loads. The problem bus(es) and/or net(s) are Top_i/xdma_0/inst/Top_xdma_0_0_pcie2_to_pcie3_wrapper_i/Top_xdma_0_0_axi_stream_intf_i/Top_xdma_0_0_rx_demux_i/tgt_brdg_fifo_inst/U0/inst_fifo_gen/gaxis_fifo.gaxisf.axisf/grf.rf/gntv_or_sync_fifo.gl0.rd/gr1.gr1_int.rfwft/aempty_fwft_i, Top_i/axi_interconnect_1/s00_couplers/auto_cc/inst/gen_clock_conv.gen_async_conv.asyncfifo_axi/inst_fifo_gen/gaxi_full_lite.gwrite_ch.gwdch2.axi_wdch/grf.rf/gntv_or_sync_fifo.gl0.rd/gr1.gr1_int.rfwft/aempty_fwft_i, Top_i/axi_interconnect_1/s00_couplers/auto_cc/inst/gen_clock_conv.gen_async_conv.asyncfifo_axi/inst_fifo_gen/gaxi_full_lite.gread_ch.grach2.axi_rach/grf.rf/gntv_or_sync_fifo.gl0.rd/gr1.gr1_int.rfwft/aempty_fwft_i, Top_i/xdma_0/inst/Top_xdma_0_0_pcie2_to_pcie3_wrapper_i/Top_xdma_0_0_axi_stream_intf_i/Top_xdma_0_0_rx_demux_i/dma_cpl_fifo_inst/U0/inst_fifo_gen/gaxis_fifo.gaxisf.axisf/grf.rf/gntv_or_sync_fifo.gl0.rd/gr1.gr1_int.rfwft/aempty_fwft_i, Top_i/axi_interconnect_1/s00_couplers/auto_cc/inst/gen_clock_conv.gen_async_conv.asyncfifo_axi/inst_fifo_gen/gaxi_full_lite.gread_ch.grdch2.axi_rdch/grf.rf/gntv_or_sync_fifo.gl0.rd/gr1.gr1_int.rfwft/aempty_fwft_i, Top_i/axi_interconnect_1/s00_couplers/auto_cc/inst/gen_clock_conv.gen_async_conv.asyncfifo_axi/inst_fifo_gen/gaxi_full_lite.gwrite_ch.gwrch2.axi_wrch/grf.rf/gntv_or_sync_fifo.gl0.rd/gr1.gr1_int.rfwft/aempty_fwft_i, Top_i/axi_interconnect_1/s00_couplers/auto_cc/inst/gen_clock_conv.gen_async_conv.asyncfifo_axi/inst_fifo_gen/gaxi_full_lite.gwrite_ch.gwach2.axi_wach/grf.rf/gntv_or_sync_fifo.gl0.rd/gr1.gr1_int.rfwft/aempty_fwft_i, Top_i/axi_interconnect_1/s00_couplers/auto_cc/inst/gen_clock_conv.gen_async_conv.asyncfifo_axi/inst_fifo_gen/gaxi_full_lite.gwrite_ch.gwach2.axi_wach/grf.rf/rstblk/ngwrdrst.grst.rd_rst_reg[2:0], Top_i/axi_interconnect_1/s00_couplers/auto_cc/inst/gen_clock_conv.gen_async_conv.asyncfifo_axi/inst_fifo_gen/gaxi_full_lite.gread_ch.grdch2.axi_rdch/grf.rf/rstblk/ngwrdrst.grst.rd_rst_reg[2:0], Top_i/axi_interconnect_1/s00_couplers/auto_cc/inst/gen_clock_conv.gen_async_conv.asyncfifo_axi/inst_fifo_gen/gaxi_full_lite.gwrite_ch.gwrch2.axi_wrch/grf.rf/rstblk/ngwrdrst.grst.rd_rst_reg[2:0], Top_i/axi_interconnect_1/s00_couplers/auto_cc/inst/gen_clock_conv.gen_async_conv.asyncfifo_axi/inst_fifo_gen/gaxi_full_lite.gwrite_ch.gwdch2.axi_wdch/grf.rf/rstblk/ngwrdrst.grst.rd_rst_reg[2:0], Top_i/axi_interconnect_1/s00_couplers/auto_cc/inst/gen_clock_conv.gen_async_conv.asyncfifo_axi/inst_fifo_gen/gaxi_full_lite.gread_ch.grach2.axi_rach/grf.rf/rstblk/ngwrdrst.grst.rd_rst_reg[2:0], Top_i/xdma_0/inst/Top_xdma_0_0_pcie2_to_pcie3_wrapper_i/Top_xdma_0_0_axi_stream_intf_i/Top_xdma_0_0_rx_demux_i/tgt_brdg_fifo_inst/U0/inst_fifo_gen/gaxis_fifo.gaxisf.axisf/grf.rf/rstblk/ngwrdrst.grst.rd_rst_reg[1], Top_i/xdma_0/inst/Top_xdma_0_0_pcie2_to_pcie3_wrapper_i/Top_xdma_0_0_axi_stream_intf_i/Top_xdma_0_0_rx_demux_i/dma_cpl_fifo_inst/U0/inst_fifo_gen/gaxis_fifo.gaxisf.axisf/grf.rf/rstblk/ngwrdrst.grst.rd_rst_reg[1], Top_i/axi_interconnect_1/s00_couplers/auto_cc/inst/gen_clock_conv.gen_async_conv.asyncfifo_axi/inst_fifo_gen/gaxi_full_lite.gread_ch.grdch2.axi_rdch/grf.rf/rstblk/ngwrdrst.grst.wr_rst_reg[2:0]... and (the first 15 of 41 listed).
INFO: [Vivado 12-3199] DRC finished with 0 Errors, 25 Warnings
INFO: [Vivado 12-3200] Please refer to the DRC report (report_drc) for more information.
INFO: [Designutils 20-2272] Running write_bitstream with 8 threads.
Loading data files...
Loading site data...
Loading route data...
Processing options...
Creating bitmap...
Creating bitstream...
Bitstream compression saved 28605888 bits.
Writing bitstream ./Top_wrapper.bit...
INFO: [Vivado 12-1842] Bitgen Completed Successfully.
INFO: [Common 17-83] Releasing license: Implementation
19 Infos, 25 Warnings, 0 Critical Warnings and 0 Errors encountered.
write_bitstream completed successfully
write_bitstream: Time (s): cpu = 00:02:31 ; elapsed = 00:00:39 . Memory (MB): peak = 5881.691 ; gain = 553.062 ; free physical = 44377 ; free virtual = 55791
INFO: [Common 17-206] Exiting Vivado at Wed Sep 23 17:23:49 2026...
