Copyright 1986-2022 Xilinx, Inc. All Rights Reserved. Copyright 2022-2023 Advanced Micro Devices, Inc. All Rights Reserved.
------------------------------------------------------------------------------------------------------------------------------------------------------------------
| Tool Version : Vivado v.2023.1 (lin64) Build 3865809 Sun May  7 15:04:56 MDT 2023
| Date         : Wed Jan 14 23:03:22 2026
| Host         : cansu-pc running 64-bit Ubuntu 20.04.6 LTS
| Command      : report_bus_skew -warn_on_violation -file Top_wrapper_bus_skew_routed.rpt -pb Top_wrapper_bus_skew_routed.pb -rpx Top_wrapper_bus_skew_routed.rpx
| Design       : Top_wrapper
| Device       : 7a200t-fbg484
| Speed File   : -2  PRODUCTION 1.23 2018-06-13
| Design State : Routed
------------------------------------------------------------------------------------------------------------------------------------------------------------------

Bus Skew Report

Table of Contents
-----------------
1. Bus Skew Report Summary
2. Bus Skew Report Per Constraint

1. Bus Skew Report Summary
--------------------------

Id  Position  From                            To                              Corner  Requirement(ns)  Actual(ns)  Slack(ns)
--  --------  ------------------------------  ------------------------------  ------  ---------------  ----------  ---------
1   43        [get_cells [list {Top_i/axi_interconnect_1/s00_couplers/auto_cc/inst/gen_clock_conv.gen_async_conv.asyncfifo_axi/inst_fifo_gen/gaxi_full_lite.gread_ch.grdch2.axi_rdch/grf.rf/gntv_or_sync_fifo.gcx.clkx/rd_pntr_cdc_inst/src_gray_ff_reg[0]} {Top_i/axi_interconnect_1/s00_couplers/auto_cc/inst/gen_clock_conv.gen_async_conv.asyncfifo_axi/inst_fifo_gen/gaxi_full_lite.gread_ch.grdch2.axi_rdch/grf.rf/gntv_or_sync_fifo.gcx.clkx/rd_pntr_cdc_inst/src_gray_ff_reg[1]} {Top_i/axi_interconnect_1/s00_couplers/auto_cc/inst/gen_clock_conv.gen_async_conv.asyncfifo_axi/inst_fifo_gen/gaxi_full_lite.gread_ch.grdch2.axi_rdch/grf.rf/gntv_or_sync_fifo.gcx.clkx/rd_pntr_cdc_inst/src_gray_ff_reg[2]} {Top_i/axi_interconnect_1/s00_couplers/auto_cc/inst/gen_clock_conv.gen_async_conv.asyncfifo_axi/inst_fifo_gen/gaxi_full_lite.gread_ch.grdch2.axi_rdch/grf.rf/gntv_or_sync_fifo.gcx.clkx/rd_pntr_cdc_inst/src_gray_ff_reg[3]}]]
                                              [get_cells [list {Top_i/axi_interconnect_1/s00_couplers/auto_cc/inst/gen_clock_conv.gen_async_conv.asyncfifo_axi/inst_fifo_gen/gaxi_full_lite.gread_ch.grdch2.axi_rdch/grf.rf/gntv_or_sync_fifo.gcx.clkx/rd_pntr_cdc_inst/dest_graysync_ff_reg[0][0]} {Top_i/axi_interconnect_1/s00_couplers/auto_cc/inst/gen_clock_conv.gen_async_conv.asyncfifo_axi/inst_fifo_gen/gaxi_full_lite.gread_ch.grdch2.axi_rdch/grf.rf/gntv_or_sync_fifo.gcx.clkx/rd_pntr_cdc_inst/dest_graysync_ff_reg[0][1]} {Top_i/axi_interconnect_1/s00_couplers/auto_cc/inst/gen_clock_conv.gen_async_conv.asyncfifo_axi/inst_fifo_gen/gaxi_full_lite.gread_ch.grdch2.axi_rdch/grf.rf/gntv_or_sync_fifo.gcx.clkx/rd_pntr_cdc_inst/dest_graysync_ff_reg[0][2]} {Top_i/axi_interconnect_1/s00_couplers/auto_cc/inst/gen_clock_conv.gen_async_conv.asyncfifo_axi/inst_fifo_gen/gaxi_full_lite.gread_ch.grdch2.axi_rdch/grf.rf/gntv_or_sync_fifo.gcx.clkx/rd_pntr_cdc_inst/dest_graysync_ff_reg[0][3]}]]
                                                                              Slow              8.000       0.667      7.333
2   45        [get_cells [list {Top_i/axi_interconnect_1/s00_couplers/auto_cc/inst/gen_clock_conv.gen_async_conv.asyncfifo_axi/inst_fifo_gen/gaxi_full_lite.gwrite_ch.gwach2.axi_wach/grf.rf/gntv_or_sync_fifo.gcx.clkx/wr_pntr_cdc_inst/src_gray_ff_reg[0]} {Top_i/axi_interconnect_1/s00_couplers/auto_cc/inst/gen_clock_conv.gen_async_conv.asyncfifo_axi/inst_fifo_gen/gaxi_full_lite.gwrite_ch.gwach2.axi_wach/grf.rf/gntv_or_sync_fifo.gcx.clkx/wr_pntr_cdc_inst/src_gray_ff_reg[1]} {Top_i/axi_interconnect_1/s00_couplers/auto_cc/inst/gen_clock_conv.gen_async_conv.asyncfifo_axi/inst_fifo_gen/gaxi_full_lite.gwrite_ch.gwach2.axi_wach/grf.rf/gntv_or_sync_fifo.gcx.clkx/wr_pntr_cdc_inst/src_gray_ff_reg[2]} {Top_i/axi_interconnect_1/s00_couplers/auto_cc/inst/gen_clock_conv.gen_async_conv.asyncfifo_axi/inst_fifo_gen/gaxi_full_lite.gwrite_ch.gwach2.axi_wach/grf.rf/gntv_or_sync_fifo.gcx.clkx/wr_pntr_cdc_inst/src_gray_ff_reg[3]}]]
                                              [get_cells [list {Top_i/axi_interconnect_1/s00_couplers/auto_cc/inst/gen_clock_conv.gen_async_conv.asyncfifo_axi/inst_fifo_gen/gaxi_full_lite.gwrite_ch.gwach2.axi_wach/grf.rf/gntv_or_sync_fifo.gcx.clkx/wr_pntr_cdc_inst/dest_graysync_ff_reg[0][0]} {Top_i/axi_interconnect_1/s00_couplers/auto_cc/inst/gen_clock_conv.gen_async_conv.asyncfifo_axi/inst_fifo_gen/gaxi_full_lite.gwrite_ch.gwach2.axi_wach/grf.rf/gntv_or_sync_fifo.gcx.clkx/wr_pntr_cdc_inst/dest_graysync_ff_reg[0][1]} {Top_i/axi_interconnect_1/s00_couplers/auto_cc/inst/gen_clock_conv.gen_async_conv.asyncfifo_axi/inst_fifo_gen/gaxi_full_lite.gwrite_ch.gwach2.axi_wach/grf.rf/gntv_or_sync_fifo.gcx.clkx/wr_pntr_cdc_inst/dest_graysync_ff_reg[0][2]} {Top_i/axi_interconnect_1/s00_couplers/auto_cc/inst/gen_clock_conv.gen_async_conv.asyncfifo_axi/inst_fifo_gen/gaxi_full_lite.gwrite_ch.gwach2.axi_wach/grf.rf/gntv_or_sync_fifo.gcx.clkx/wr_pntr_cdc_inst/dest_graysync_ff_reg[0][3]}]]
                                                                              Slow              8.000       0.949      7.051
3   47        [get_cells [list {Top_i/axi_interconnect_1/s00_couplers/auto_cc/inst/gen_clock_conv.gen_async_conv.asyncfifo_axi/inst_fifo_gen/gaxi_full_lite.gwrite_ch.gwach2.axi_wach/grf.rf/gntv_or_sync_fifo.gcx.clkx/rd_pntr_cdc_inst/src_gray_ff_reg[0]} {Top_i/axi_interconnect_1/s00_couplers/auto_cc/inst/gen_clock_conv.gen_async_conv.asyncfifo_axi/inst_fifo_gen/gaxi_full_lite.gwrite_ch.gwach2.axi_wach/grf.rf/gntv_or_sync_fifo.gcx.clkx/rd_pntr_cdc_inst/src_gray_ff_reg[1]} {Top_i/axi_interconnect_1/s00_couplers/auto_cc/inst/gen_clock_conv.gen_async_conv.asyncfifo_axi/inst_fifo_gen/gaxi_full_lite.gwrite_ch.gwach2.axi_wach/grf.rf/gntv_or_sync_fifo.gcx.clkx/rd_pntr_cdc_inst/src_gray_ff_reg[2]} {Top_i/axi_interconnect_1/s00_couplers/auto_cc/inst/gen_clock_conv.gen_async_conv.asyncfifo_axi/inst_fifo_gen/gaxi_full_lite.gwrite_ch.gwach2.axi_wach/grf.rf/gntv_or_sync_fifo.gcx.clkx/rd_pntr_cdc_inst/src_gray_ff_reg[3]}]]
                                              [get_cells [list {Top_i/axi_interconnect_1/s00_couplers/auto_cc/inst/gen_clock_conv.gen_async_conv.asyncfifo_axi/inst_fifo_gen/gaxi_full_lite.gwrite_ch.gwach2.axi_wach/grf.rf/gntv_or_sync_fifo.gcx.clkx/rd_pntr_cdc_inst/dest_graysync_ff_reg[0][0]} {Top_i/axi_interconnect_1/s00_couplers/auto_cc/inst/gen_clock_conv.gen_async_conv.asyncfifo_axi/inst_fifo_gen/gaxi_full_lite.gwrite_ch.gwach2.axi_wach/grf.rf/gntv_or_sync_fifo.gcx.clkx/rd_pntr_cdc_inst/dest_graysync_ff_reg[0][1]} {Top_i/axi_interconnect_1/s00_couplers/auto_cc/inst/gen_clock_conv.gen_async_conv.asyncfifo_axi/inst_fifo_gen/gaxi_full_lite.gwrite_ch.gwach2.axi_wach/grf.rf/gntv_or_sync_fifo.gcx.clkx/rd_pntr_cdc_inst/dest_graysync_ff_reg[0][2]} {Top_i/axi_interconnect_1/s00_couplers/auto_cc/inst/gen_clock_conv.gen_async_conv.asyncfifo_axi/inst_fifo_gen/gaxi_full_lite.gwrite_ch.gwach2.axi_wach/grf.rf/gntv_or_sync_fifo.gcx.clkx/rd_pntr_cdc_inst/dest_graysync_ff_reg[0][3]}]]
                                                                              Slow              8.000       0.748      7.252
4   49        [get_cells [list {Top_i/axi_interconnect_1/s00_couplers/auto_cc/inst/gen_clock_conv.gen_async_conv.asyncfifo_axi/inst_fifo_gen/gaxi_full_lite.gwrite_ch.gwdch2.axi_wdch/grf.rf/gntv_or_sync_fifo.gcx.clkx/wr_pntr_cdc_inst/src_gray_ff_reg[0]} {Top_i/axi_interconnect_1/s00_couplers/auto_cc/inst/gen_clock_conv.gen_async_conv.asyncfifo_axi/inst_fifo_gen/gaxi_full_lite.gwrite_ch.gwdch2.axi_wdch/grf.rf/gntv_or_sync_fifo.gcx.clkx/wr_pntr_cdc_inst/src_gray_ff_reg[1]} {Top_i/axi_interconnect_1/s00_couplers/auto_cc/inst/gen_clock_conv.gen_async_conv.asyncfifo_axi/inst_fifo_gen/gaxi_full_lite.gwrite_ch.gwdch2.axi_wdch/grf.rf/gntv_or_sync_fifo.gcx.clkx/wr_pntr_cdc_inst/src_gray_ff_reg[2]} {Top_i/axi_interconnect_1/s00_couplers/auto_cc/inst/gen_clock_conv.gen_async_conv.asyncfifo_axi/inst_fifo_gen/gaxi_full_lite.gwrite_ch.gwdch2.axi_wdch/grf.rf/gntv_or_sync_fifo.gcx.clkx/wr_pntr_cdc_inst/src_gray_ff_reg[3]}]]
                                              [get_cells [list {Top_i/axi_interconnect_1/s00_couplers/auto_cc/inst/gen_clock_conv.gen_async_conv.asyncfifo_axi/inst_fifo_gen/gaxi_full_lite.gwrite_ch.gwdch2.axi_wdch/grf.rf/gntv_or_sync_fifo.gcx.clkx/wr_pntr_cdc_inst/dest_graysync_ff_reg[0][0]} {Top_i/axi_interconnect_1/s00_couplers/auto_cc/inst/gen_clock_conv.gen_async_conv.asyncfifo_axi/inst_fifo_gen/gaxi_full_lite.gwrite_ch.gwdch2.axi_wdch/grf.rf/gntv_or_sync_fifo.gcx.clkx/wr_pntr_cdc_inst/dest_graysync_ff_reg[0][1]} {Top_i/axi_interconnect_1/s00_couplers/auto_cc/inst/gen_clock_conv.gen_async_conv.asyncfifo_axi/inst_fifo_gen/gaxi_full_lite.gwrite_ch.gwdch2.axi_wdch/grf.rf/gntv_or_sync_fifo.gcx.clkx/wr_pntr_cdc_inst/dest_graysync_ff_reg[0][2]} {Top_i/axi_interconnect_1/s00_couplers/auto_cc/inst/gen_clock_conv.gen_async_conv.asyncfifo_axi/inst_fifo_gen/gaxi_full_lite.gwrite_ch.gwdch2.axi_wdch/grf.rf/gntv_or_sync_fifo.gcx.clkx/wr_pntr_cdc_inst/dest_graysync_ff_reg[0][3]}]]
                                                                              Slow              8.000       0.530      7.470
5   51        [get_cells [list {Top_i/axi_interconnect_1/s00_couplers/auto_cc/inst/gen_clock_conv.gen_async_conv.asyncfifo_axi/inst_fifo_gen/gaxi_full_lite.gwrite_ch.gwdch2.axi_wdch/grf.rf/gntv_or_sync_fifo.gcx.clkx/rd_pntr_cdc_inst/src_gray_ff_reg[0]} {Top_i/axi_interconnect_1/s00_couplers/auto_cc/inst/gen_clock_conv.gen_async_conv.asyncfifo_axi/inst_fifo_gen/gaxi_full_lite.gwrite_ch.gwdch2.axi_wdch/grf.rf/gntv_or_sync_fifo.gcx.clkx/rd_pntr_cdc_inst/src_gray_ff_reg[1]} {Top_i/axi_interconnect_1/s00_couplers/auto_cc/inst/gen_clock_conv.gen_async_conv.asyncfifo_axi/inst_fifo_gen/gaxi_full_lite.gwrite_ch.gwdch2.axi_wdch/grf.rf/gntv_or_sync_fifo.gcx.clkx/rd_pntr_cdc_inst/src_gray_ff_reg[2]} {Top_i/axi_interconnect_1/s00_couplers/auto_cc/inst/gen_clock_conv.gen_async_conv.asyncfifo_axi/inst_fifo_gen/gaxi_full_lite.gwrite_ch.gwdch2.axi_wdch/grf.rf/gntv_or_sync_fifo.gcx.clkx/rd_pntr_cdc_inst/src_gray_ff_reg[3]}]]
                                              [get_cells [list {Top_i/axi_interconnect_1/s00_couplers/auto_cc/inst/gen_clock_conv.gen_async_conv.asyncfifo_axi/inst_fifo_gen/gaxi_full_lite.gwrite_ch.gwdch2.axi_wdch/grf.rf/gntv_or_sync_fifo.gcx.clkx/rd_pntr_cdc_inst/dest_graysync_ff_reg[0][0]} {Top_i/axi_interconnect_1/s00_couplers/auto_cc/inst/gen_clock_conv.gen_async_conv.asyncfifo_axi/inst_fifo_gen/gaxi_full_lite.gwrite_ch.gwdch2.axi_wdch/grf.rf/gntv_or_sync_fifo.gcx.clkx/rd_pntr_cdc_inst/dest_graysync_ff_reg[0][1]} {Top_i/axi_interconnect_1/s00_couplers/auto_cc/inst/gen_clock_conv.gen_async_conv.asyncfifo_axi/inst_fifo_gen/gaxi_full_lite.gwrite_ch.gwdch2.axi_wdch/grf.rf/gntv_or_sync_fifo.gcx.clkx/rd_pntr_cdc_inst/dest_graysync_ff_reg[0][2]} {Top_i/axi_interconnect_1/s00_couplers/auto_cc/inst/gen_clock_conv.gen_async_conv.asyncfifo_axi/inst_fifo_gen/gaxi_full_lite.gwrite_ch.gwdch2.axi_wdch/grf.rf/gntv_or_sync_fifo.gcx.clkx/rd_pntr_cdc_inst/dest_graysync_ff_reg[0][3]}]]
                                                                              Slow              8.000       0.676      7.324
6   53        [get_cells [list {Top_i/axi_interconnect_1/s00_couplers/auto_cc/inst/gen_clock_conv.gen_async_conv.asyncfifo_axi/inst_fifo_gen/gaxi_full_lite.gwrite_ch.gwrch2.axi_wrch/grf.rf/gntv_or_sync_fifo.gcx.clkx/wr_pntr_cdc_inst/src_gray_ff_reg[0]} {Top_i/axi_interconnect_1/s00_couplers/auto_cc/inst/gen_clock_conv.gen_async_conv.asyncfifo_axi/inst_fifo_gen/gaxi_full_lite.gwrite_ch.gwrch2.axi_wrch/grf.rf/gntv_or_sync_fifo.gcx.clkx/wr_pntr_cdc_inst/src_gray_ff_reg[1]} {Top_i/axi_interconnect_1/s00_couplers/auto_cc/inst/gen_clock_conv.gen_async_conv.asyncfifo_axi/inst_fifo_gen/gaxi_full_lite.gwrite_ch.gwrch2.axi_wrch/grf.rf/gntv_or_sync_fifo.gcx.clkx/wr_pntr_cdc_inst/src_gray_ff_reg[2]} {Top_i/axi_interconnect_1/s00_couplers/auto_cc/inst/gen_clock_conv.gen_async_conv.asyncfifo_axi/inst_fifo_gen/gaxi_full_lite.gwrite_ch.gwrch2.axi_wrch/grf.rf/gntv_or_sync_fifo.gcx.clkx/wr_pntr_cdc_inst/src_gray_ff_reg[3]}]]
                                              [get_cells [list {Top_i/axi_interconnect_1/s00_couplers/auto_cc/inst/gen_clock_conv.gen_async_conv.asyncfifo_axi/inst_fifo_gen/gaxi_full_lite.gwrite_ch.gwrch2.axi_wrch/grf.rf/gntv_or_sync_fifo.gcx.clkx/wr_pntr_cdc_inst/dest_graysync_ff_reg[0][0]} {Top_i/axi_interconnect_1/s00_couplers/auto_cc/inst/gen_clock_conv.gen_async_conv.asyncfifo_axi/inst_fifo_gen/gaxi_full_lite.gwrite_ch.gwrch2.axi_wrch/grf.rf/gntv_or_sync_fifo.gcx.clkx/wr_pntr_cdc_inst/dest_graysync_ff_reg[0][1]} {Top_i/axi_interconnect_1/s00_couplers/auto_cc/inst/gen_clock_conv.gen_async_conv.asyncfifo_axi/inst_fifo_gen/gaxi_full_lite.gwrite_ch.gwrch2.axi_wrch/grf.rf/gntv_or_sync_fifo.gcx.clkx/wr_pntr_cdc_inst/dest_graysync_ff_reg[0][2]} {Top_i/axi_interconnect_1/s00_couplers/auto_cc/inst/gen_clock_conv.gen_async_conv.asyncfifo_axi/inst_fifo_gen/gaxi_full_lite.gwrite_ch.gwrch2.axi_wrch/grf.rf/gntv_or_sync_fifo.gcx.clkx/wr_pntr_cdc_inst/dest_graysync_ff_reg[0][3]}]]
                                                                              Slow              8.000       0.725      7.275
7   55        [get_cells [list {Top_i/axi_interconnect_1/s00_couplers/auto_cc/inst/gen_clock_conv.gen_async_conv.asyncfifo_axi/inst_fifo_gen/gaxi_full_lite.gwrite_ch.gwrch2.axi_wrch/grf.rf/gntv_or_sync_fifo.gcx.clkx/rd_pntr_cdc_inst/src_gray_ff_reg[0]} {Top_i/axi_interconnect_1/s00_couplers/auto_cc/inst/gen_clock_conv.gen_async_conv.asyncfifo_axi/inst_fifo_gen/gaxi_full_lite.gwrite_ch.gwrch2.axi_wrch/grf.rf/gntv_or_sync_fifo.gcx.clkx/rd_pntr_cdc_inst/src_gray_ff_reg[1]} {Top_i/axi_interconnect_1/s00_couplers/auto_cc/inst/gen_clock_conv.gen_async_conv.asyncfifo_axi/inst_fifo_gen/gaxi_full_lite.gwrite_ch.gwrch2.axi_wrch/grf.rf/gntv_or_sync_fifo.gcx.clkx/rd_pntr_cdc_inst/src_gray_ff_reg[2]} {Top_i/axi_interconnect_1/s00_couplers/auto_cc/inst/gen_clock_conv.gen_async_conv.asyncfifo_axi/inst_fifo_gen/gaxi_full_lite.gwrite_ch.gwrch2.axi_wrch/grf.rf/gntv_or_sync_fifo.gcx.clkx/rd_pntr_cdc_inst/src_gray_ff_reg[3]}]]
                                              [get_cells [list {Top_i/axi_interconnect_1/s00_couplers/auto_cc/inst/gen_clock_conv.gen_async_conv.asyncfifo_axi/inst_fifo_gen/gaxi_full_lite.gwrite_ch.gwrch2.axi_wrch/grf.rf/gntv_or_sync_fifo.gcx.clkx/rd_pntr_cdc_inst/dest_graysync_ff_reg[0][0]} {Top_i/axi_interconnect_1/s00_couplers/auto_cc/inst/gen_clock_conv.gen_async_conv.asyncfifo_axi/inst_fifo_gen/gaxi_full_lite.gwrite_ch.gwrch2.axi_wrch/grf.rf/gntv_or_sync_fifo.gcx.clkx/rd_pntr_cdc_inst/dest_graysync_ff_reg[0][1]} {Top_i/axi_interconnect_1/s00_couplers/auto_cc/inst/gen_clock_conv.gen_async_conv.asyncfifo_axi/inst_fifo_gen/gaxi_full_lite.gwrite_ch.gwrch2.axi_wrch/grf.rf/gntv_or_sync_fifo.gcx.clkx/rd_pntr_cdc_inst/dest_graysync_ff_reg[0][2]} {Top_i/axi_interconnect_1/s00_couplers/auto_cc/inst/gen_clock_conv.gen_async_conv.asyncfifo_axi/inst_fifo_gen/gaxi_full_lite.gwrite_ch.gwrch2.axi_wrch/grf.rf/gntv_or_sync_fifo.gcx.clkx/rd_pntr_cdc_inst/dest_graysync_ff_reg[0][3]}]]
                                                                              Slow              8.000       0.668      7.332
8   57        [get_cells [list {Top_i/axi_interconnect_1/s00_couplers/auto_cc/inst/gen_clock_conv.gen_async_conv.asyncfifo_axi/inst_fifo_gen/gaxi_full_lite.gread_ch.grach2.axi_rach/grf.rf/gntv_or_sync_fifo.gcx.clkx/wr_pntr_cdc_inst/src_gray_ff_reg[0]} {Top_i/axi_interconnect_1/s00_couplers/auto_cc/inst/gen_clock_conv.gen_async_conv.asyncfifo_axi/inst_fifo_gen/gaxi_full_lite.gread_ch.grach2.axi_rach/grf.rf/gntv_or_sync_fifo.gcx.clkx/wr_pntr_cdc_inst/src_gray_ff_reg[1]} {Top_i/axi_interconnect_1/s00_couplers/auto_cc/inst/gen_clock_conv.gen_async_conv.asyncfifo_axi/inst_fifo_gen/gaxi_full_lite.gread_ch.grach2.axi_rach/grf.rf/gntv_or_sync_fifo.gcx.clkx/wr_pntr_cdc_inst/src_gray_ff_reg[2]} {Top_i/axi_interconnect_1/s00_couplers/auto_cc/inst/gen_clock_conv.gen_async_conv.asyncfifo_axi/inst_fifo_gen/gaxi_full_lite.gread_ch.grach2.axi_rach/grf.rf/gntv_or_sync_fifo.gcx.clkx/wr_pntr_cdc_inst/src_gray_ff_reg[3]}]]
                                              [get_cells [list {Top_i/axi_interconnect_1/s00_couplers/auto_cc/inst/gen_clock_conv.gen_async_conv.asyncfifo_axi/inst_fifo_gen/gaxi_full_lite.gread_ch.grach2.axi_rach/grf.rf/gntv_or_sync_fifo.gcx.clkx/wr_pntr_cdc_inst/dest_graysync_ff_reg[0][0]} {Top_i/axi_interconnect_1/s00_couplers/auto_cc/inst/gen_clock_conv.gen_async_conv.asyncfifo_axi/inst_fifo_gen/gaxi_full_lite.gread_ch.grach2.axi_rach/grf.rf/gntv_or_sync_fifo.gcx.clkx/wr_pntr_cdc_inst/dest_graysync_ff_reg[0][1]} {Top_i/axi_interconnect_1/s00_couplers/auto_cc/inst/gen_clock_conv.gen_async_conv.asyncfifo_axi/inst_fifo_gen/gaxi_full_lite.gread_ch.grach2.axi_rach/grf.rf/gntv_or_sync_fifo.gcx.clkx/wr_pntr_cdc_inst/dest_graysync_ff_reg[0][2]} {Top_i/axi_interconnect_1/s00_couplers/auto_cc/inst/gen_clock_conv.gen_async_conv.asyncfifo_axi/inst_fifo_gen/gaxi_full_lite.gread_ch.grach2.axi_rach/grf.rf/gntv_or_sync_fifo.gcx.clkx/wr_pntr_cdc_inst/dest_graysync_ff_reg[0][3]}]]
                                                                              Slow              8.000       0.623      7.377
9   59        [get_cells [list {Top_i/axi_interconnect_1/s00_couplers/auto_cc/inst/gen_clock_conv.gen_async_conv.asyncfifo_axi/inst_fifo_gen/gaxi_full_lite.gread_ch.grach2.axi_rach/grf.rf/gntv_or_sync_fifo.gcx.clkx/rd_pntr_cdc_inst/src_gray_ff_reg[0]} {Top_i/axi_interconnect_1/s00_couplers/auto_cc/inst/gen_clock_conv.gen_async_conv.asyncfifo_axi/inst_fifo_gen/gaxi_full_lite.gread_ch.grach2.axi_rach/grf.rf/gntv_or_sync_fifo.gcx.clkx/rd_pntr_cdc_inst/src_gray_ff_reg[1]} {Top_i/axi_interconnect_1/s00_couplers/auto_cc/inst/gen_clock_conv.gen_async_conv.asyncfifo_axi/inst_fifo_gen/gaxi_full_lite.gread_ch.grach2.axi_rach/grf.rf/gntv_or_sync_fifo.gcx.clkx/rd_pntr_cdc_inst/src_gray_ff_reg[2]} {Top_i/axi_interconnect_1/s00_couplers/auto_cc/inst/gen_clock_conv.gen_async_conv.asyncfifo_axi/inst_fifo_gen/gaxi_full_lite.gread_ch.grach2.axi_rach/grf.rf/gntv_or_sync_fifo.gcx.clkx/rd_pntr_cdc_inst/src_gray_ff_reg[3]}]]
                                              [get_cells [list {Top_i/axi_interconnect_1/s00_couplers/auto_cc/inst/gen_clock_conv.gen_async_conv.asyncfifo_axi/inst_fifo_gen/gaxi_full_lite.gread_ch.grach2.axi_rach/grf.rf/gntv_or_sync_fifo.gcx.clkx/rd_pntr_cdc_inst/dest_graysync_ff_reg[0][0]} {Top_i/axi_interconnect_1/s00_couplers/auto_cc/inst/gen_clock_conv.gen_async_conv.asyncfifo_axi/inst_fifo_gen/gaxi_full_lite.gread_ch.grach2.axi_rach/grf.rf/gntv_or_sync_fifo.gcx.clkx/rd_pntr_cdc_inst/dest_graysync_ff_reg[0][1]} {Top_i/axi_interconnect_1/s00_couplers/auto_cc/inst/gen_clock_conv.gen_async_conv.asyncfifo_axi/inst_fifo_gen/gaxi_full_lite.gread_ch.grach2.axi_rach/grf.rf/gntv_or_sync_fifo.gcx.clkx/rd_pntr_cdc_inst/dest_graysync_ff_reg[0][2]} {Top_i/axi_interconnect_1/s00_couplers/auto_cc/inst/gen_clock_conv.gen_async_conv.asyncfifo_axi/inst_fifo_gen/gaxi_full_lite.gread_ch.grach2.axi_rach/grf.rf/gntv_or_sync_fifo.gcx.clkx/rd_pntr_cdc_inst/dest_graysync_ff_reg[0][3]}]]
                                                                              Slow              8.000       0.704      7.296
10  61        [get_cells [list {Top_i/axi_interconnect_1/s00_couplers/auto_cc/inst/gen_clock_conv.gen_async_conv.asyncfifo_axi/inst_fifo_gen/gaxi_full_lite.gread_ch.grdch2.axi_rdch/grf.rf/gntv_or_sync_fifo.gcx.clkx/wr_pntr_cdc_inst/src_gray_ff_reg[0]} {Top_i/axi_interconnect_1/s00_couplers/auto_cc/inst/gen_clock_conv.gen_async_conv.asyncfifo_axi/inst_fifo_gen/gaxi_full_lite.gread_ch.grdch2.axi_rdch/grf.rf/gntv_or_sync_fifo.gcx.clkx/wr_pntr_cdc_inst/src_gray_ff_reg[1]} {Top_i/axi_interconnect_1/s00_couplers/auto_cc/inst/gen_clock_conv.gen_async_conv.asyncfifo_axi/inst_fifo_gen/gaxi_full_lite.gread_ch.grdch2.axi_rdch/grf.rf/gntv_or_sync_fifo.gcx.clkx/wr_pntr_cdc_inst/src_gray_ff_reg[2]} {Top_i/axi_interconnect_1/s00_couplers/auto_cc/inst/gen_clock_conv.gen_async_conv.asyncfifo_axi/inst_fifo_gen/gaxi_full_lite.gread_ch.grdch2.axi_rdch/grf.rf/gntv_or_sync_fifo.gcx.clkx/wr_pntr_cdc_inst/src_gray_ff_reg[3]}]]
                                              [get_cells [list {Top_i/axi_interconnect_1/s00_couplers/auto_cc/inst/gen_clock_conv.gen_async_conv.asyncfifo_axi/inst_fifo_gen/gaxi_full_lite.gread_ch.grdch2.axi_rdch/grf.rf/gntv_or_sync_fifo.gcx.clkx/wr_pntr_cdc_inst/dest_graysync_ff_reg[0][0]} {Top_i/axi_interconnect_1/s00_couplers/auto_cc/inst/gen_clock_conv.gen_async_conv.asyncfifo_axi/inst_fifo_gen/gaxi_full_lite.gread_ch.grdch2.axi_rdch/grf.rf/gntv_or_sync_fifo.gcx.clkx/wr_pntr_cdc_inst/dest_graysync_ff_reg[0][1]} {Top_i/axi_interconnect_1/s00_couplers/auto_cc/inst/gen_clock_conv.gen_async_conv.asyncfifo_axi/inst_fifo_gen/gaxi_full_lite.gread_ch.grdch2.axi_rdch/grf.rf/gntv_or_sync_fifo.gcx.clkx/wr_pntr_cdc_inst/dest_graysync_ff_reg[0][2]} {Top_i/axi_interconnect_1/s00_couplers/auto_cc/inst/gen_clock_conv.gen_async_conv.asyncfifo_axi/inst_fifo_gen/gaxi_full_lite.gread_ch.grdch2.axi_rdch/grf.rf/gntv_or_sync_fifo.gcx.clkx/wr_pntr_cdc_inst/dest_graysync_ff_reg[0][3]}]]
                                                                              Slow              8.000       0.612      7.388
11  63        [get_cells [list {Top_i/xdma_0_axi_periph/s00_couplers/auto_cc/inst/gen_clock_conv.gen_async_lite_conv.clock_conv_lite_fwd_ar/handshake/src_hsdata_ff_reg[2]} \
          {Top_i/xdma_0_axi_periph/s00_couplers/auto_cc/inst/gen_clock_conv.gen_async_lite_conv.clock_conv_lite_fwd_ar/handshake/src_hsdata_ff_reg[8]} \
          {Top_i/xdma_0_axi_periph/s00_couplers/auto_cc/inst/gen_clock_conv.gen_async_lite_conv.clock_conv_lite_fwd_ar/handshake/src_hsdata_ff_reg[30]} \
          {Top_i/xdma_0_axi_periph/s00_couplers/auto_cc/inst/gen_clock_conv.gen_async_lite_conv.clock_conv_lite_fwd_ar/handshake/src_hsdata_ff_reg[31]} \
          {Top_i/xdma_0_axi_periph/s00_couplers/auto_cc/inst/gen_clock_conv.gen_async_lite_conv.clock_conv_lite_fwd_ar/handshake/src_hsdata_ff_reg[13]} \
          {Top_i/xdma_0_axi_periph/s00_couplers/auto_cc/inst/gen_clock_conv.gen_async_lite_conv.clock_conv_lite_fwd_ar/handshake/src_hsdata_ff_reg[14]} \
          {Top_i/xdma_0_axi_periph/s00_couplers/auto_cc/inst/gen_clock_conv.gen_async_lite_conv.clock_conv_lite_fwd_ar/handshake/src_hsdata_ff_reg[15]} \
          {Top_i/xdma_0_axi_periph/s00_couplers/auto_cc/inst/gen_clock_conv.gen_async_lite_conv.clock_conv_lite_fwd_ar/handshake/src_hsdata_ff_reg[16]} \
          {Top_i/xdma_0_axi_periph/s00_couplers/auto_cc/inst/gen_clock_conv.gen_async_lite_conv.clock_conv_lite_fwd_ar/handshake/src_hsdata_ff_reg[17]} \
          {Top_i/xdma_0_axi_periph/s00_couplers/auto_cc/inst/gen_clock_conv.gen_async_lite_conv.clock_conv_lite_fwd_ar/handshake/src_hsdata_ff_reg[18]} \
          {Top_i/xdma_0_axi_periph/s00_couplers/auto_cc/inst/gen_clock_conv.gen_async_lite_conv.clock_conv_lite_fwd_ar/handshake/src_hsdata_ff_reg[19]} \
          {Top_i/xdma_0_axi_periph/s00_couplers/auto_cc/inst/gen_clock_conv.gen_async_lite_conv.clock_conv_lite_fwd_ar/handshake/src_hsdata_ff_reg[3]} \
          {Top_i/xdma_0_axi_periph/s00_couplers/auto_cc/inst/gen_clock_conv.gen_async_lite_conv.clock_conv_lite_fwd_ar/handshake/src_hsdata_ff_reg[20]} \
          {Top_i/xdma_0_axi_periph/s00_couplers/auto_cc/inst/gen_clock_conv.gen_async_lite_conv.clock_conv_lite_fwd_ar/handshake/src_hsdata_ff_reg[21]} \
          {Top_i/xdma_0_axi_periph/s00_couplers/auto_cc/inst/gen_clock_conv.gen_async_lite_conv.clock_conv_lite_fwd_ar/handshake/src_hsdata_ff_reg[22]} \
          {Top_i/xdma_0_axi_periph/s00_couplers/auto_cc/inst/gen_clock_conv.gen_async_lite_conv.clock_conv_lite_fwd_ar/handshake/src_hsdata_ff_reg[23]} \
          {Top_i/xdma_0_axi_periph/s00_couplers/auto_cc/inst/gen_clock_conv.gen_async_lite_conv.clock_conv_lite_fwd_ar/handshake/src_hsdata_ff_reg[24]} \
          {Top_i/xdma_0_axi_periph/s00_couplers/auto_cc/inst/gen_clock_conv.gen_async_lite_conv.clock_conv_lite_fwd_ar/handshake/src_hsdata_ff_reg[25]} \
          {Top_i/xdma_0_axi_periph/s00_couplers/auto_cc/inst/gen_clock_conv.gen_async_lite_conv.clock_conv_lite_fwd_ar/handshake/src_hsdata_ff_reg[26]} \
          {Top_i/xdma_0_axi_periph/s00_couplers/auto_cc/inst/gen_clock_conv.gen_async_lite_conv.clock_conv_lite_fwd_ar/handshake/src_hsdata_ff_reg[27]} \
          {Top_i/xdma_0_axi_periph/s00_couplers/auto_cc/inst/gen_clock_conv.gen_async_lite_conv.clock_conv_lite_fwd_ar/handshake/src_hsdata_ff_reg[28]} \
          {Top_i/xdma_0_axi_periph/s00_couplers/auto_cc/inst/gen_clock_conv.gen_async_lite_conv.clock_conv_lite_fwd_ar/handshake/src_hsdata_ff_reg[29]}]]
                                              [get_cells [list {Top_i/xdma_0_axi_periph/s00_couplers/auto_cc/inst/gen_clock_conv.gen_async_lite_conv.clock_conv_lite_fwd_ar/handshake/dest_hsdata_ff_reg[2]} \
          {Top_i/xdma_0_axi_periph/s00_couplers/auto_cc/inst/gen_clock_conv.gen_async_lite_conv.clock_conv_lite_fwd_ar/handshake/dest_hsdata_ff_reg[8]} \
          {Top_i/xdma_0_axi_periph/s00_couplers/auto_cc/inst/gen_clock_conv.gen_async_lite_conv.clock_conv_lite_fwd_ar/handshake/dest_hsdata_ff_reg[30]} \
          {Top_i/xdma_0_axi_periph/s00_couplers/auto_cc/inst/gen_clock_conv.gen_async_lite_conv.clock_conv_lite_fwd_ar/handshake/dest_hsdata_ff_reg[31]} \
          {Top_i/xdma_0_axi_periph/s00_couplers/auto_cc/inst/gen_clock_conv.gen_async_lite_conv.clock_conv_lite_fwd_ar/handshake/dest_hsdata_ff_reg[13]} \
          {Top_i/xdma_0_axi_periph/s00_couplers/auto_cc/inst/gen_clock_conv.gen_async_lite_conv.clock_conv_lite_fwd_ar/handshake/dest_hsdata_ff_reg[14]} \
          {Top_i/xdma_0_axi_periph/s00_couplers/auto_cc/inst/gen_clock_conv.gen_async_lite_conv.clock_conv_lite_fwd_ar/handshake/dest_hsdata_ff_reg[15]} \
          {Top_i/xdma_0_axi_periph/s00_couplers/auto_cc/inst/gen_clock_conv.gen_async_lite_conv.clock_conv_lite_fwd_ar/handshake/dest_hsdata_ff_reg[16]} \
          {Top_i/xdma_0_axi_periph/s00_couplers/auto_cc/inst/gen_clock_conv.gen_async_lite_conv.clock_conv_lite_fwd_ar/handshake/dest_hsdata_ff_reg[17]} \
          {Top_i/xdma_0_axi_periph/s00_couplers/auto_cc/inst/gen_clock_conv.gen_async_lite_conv.clock_conv_lite_fwd_ar/handshake/dest_hsdata_ff_reg[18]} \
          {Top_i/xdma_0_axi_periph/s00_couplers/auto_cc/inst/gen_clock_conv.gen_async_lite_conv.clock_conv_lite_fwd_ar/handshake/dest_hsdata_ff_reg[19]} \
          {Top_i/xdma_0_axi_periph/s00_couplers/auto_cc/inst/gen_clock_conv.gen_async_lite_conv.clock_conv_lite_fwd_ar/handshake/dest_hsdata_ff_reg[3]} \
          {Top_i/xdma_0_axi_periph/s00_couplers/auto_cc/inst/gen_clock_conv.gen_async_lite_conv.clock_conv_lite_fwd_ar/handshake/dest_hsdata_ff_reg[20]} \
          {Top_i/xdma_0_axi_periph/s00_couplers/auto_cc/inst/gen_clock_conv.gen_async_lite_conv.clock_conv_lite_fwd_ar/handshake/dest_hsdata_ff_reg[21]} \
          {Top_i/xdma_0_axi_periph/s00_couplers/auto_cc/inst/gen_clock_conv.gen_async_lite_conv.clock_conv_lite_fwd_ar/handshake/dest_hsdata_ff_reg[22]} \
          {Top_i/xdma_0_axi_periph/s00_couplers/auto_cc/inst/gen_clock_conv.gen_async_lite_conv.clock_conv_lite_fwd_ar/handshake/dest_hsdata_ff_reg[23]} \
          {Top_i/xdma_0_axi_periph/s00_couplers/auto_cc/inst/gen_clock_conv.gen_async_lite_conv.clock_conv_lite_fwd_ar/handshake/dest_hsdata_ff_reg[24]} \
          {Top_i/xdma_0_axi_periph/s00_couplers/auto_cc/inst/gen_clock_conv.gen_async_lite_conv.clock_conv_lite_fwd_ar/handshake/dest_hsdata_ff_reg[25]} \
          {Top_i/xdma_0_axi_periph/s00_couplers/auto_cc/inst/gen_clock_conv.gen_async_lite_conv.clock_conv_lite_fwd_ar/handshake/dest_hsdata_ff_reg[26]} \
          {Top_i/xdma_0_axi_periph/s00_couplers/auto_cc/inst/gen_clock_conv.gen_async_lite_conv.clock_conv_lite_fwd_ar/handshake/dest_hsdata_ff_reg[27]} \
          {Top_i/xdma_0_axi_periph/s00_couplers/auto_cc/inst/gen_clock_conv.gen_async_lite_conv.clock_conv_lite_fwd_ar/handshake/dest_hsdata_ff_reg[28]} \
          {Top_i/xdma_0_axi_periph/s00_couplers/auto_cc/inst/gen_clock_conv.gen_async_lite_conv.clock_conv_lite_fwd_ar/handshake/dest_hsdata_ff_reg[29]}]]
                                                                              Slow             30.000       0.945     29.055
12  65        [get_cells [list {Top_i/xdma_0_axi_periph/s00_couplers/auto_cc/inst/gen_clock_conv.gen_async_lite_conv.clock_conv_lite_fwd_w/handshake/src_hsdata_ff_reg[0]} \
          {Top_i/xdma_0_axi_periph/s00_couplers/auto_cc/inst/gen_clock_conv.gen_async_lite_conv.clock_conv_lite_fwd_w/handshake/src_hsdata_ff_reg[10]} \
          {Top_i/xdma_0_axi_periph/s00_couplers/auto_cc/inst/gen_clock_conv.gen_async_lite_conv.clock_conv_lite_fwd_w/handshake/src_hsdata_ff_reg[11]} \
          {Top_i/xdma_0_axi_periph/s00_couplers/auto_cc/inst/gen_clock_conv.gen_async_lite_conv.clock_conv_lite_fwd_w/handshake/src_hsdata_ff_reg[12]} \
          {Top_i/xdma_0_axi_periph/s00_couplers/auto_cc/inst/gen_clock_conv.gen_async_lite_conv.clock_conv_lite_fwd_w/handshake/src_hsdata_ff_reg[13]} \
          {Top_i/xdma_0_axi_periph/s00_couplers/auto_cc/inst/gen_clock_conv.gen_async_lite_conv.clock_conv_lite_fwd_w/handshake/src_hsdata_ff_reg[14]} \
          {Top_i/xdma_0_axi_periph/s00_couplers/auto_cc/inst/gen_clock_conv.gen_async_lite_conv.clock_conv_lite_fwd_w/handshake/src_hsdata_ff_reg[15]} \
          {Top_i/xdma_0_axi_periph/s00_couplers/auto_cc/inst/gen_clock_conv.gen_async_lite_conv.clock_conv_lite_fwd_w/handshake/src_hsdata_ff_reg[16]} \
          {Top_i/xdma_0_axi_periph/s00_couplers/auto_cc/inst/gen_clock_conv.gen_async_lite_conv.clock_conv_lite_fwd_w/handshake/src_hsdata_ff_reg[17]} \
          {Top_i/xdma_0_axi_periph/s00_couplers/auto_cc/inst/gen_clock_conv.gen_async_lite_conv.clock_conv_lite_fwd_w/handshake/src_hsdata_ff_reg[18]} \
          {Top_i/xdma_0_axi_periph/s00_couplers/auto_cc/inst/gen_clock_conv.gen_async_lite_conv.clock_conv_lite_fwd_w/handshake/src_hsdata_ff_reg[19]} \
          {Top_i/xdma_0_axi_periph/s00_couplers/auto_cc/inst/gen_clock_conv.gen_async_lite_conv.clock_conv_lite_fwd_w/handshake/src_hsdata_ff_reg[1]} \
          {Top_i/xdma_0_axi_periph/s00_couplers/auto_cc/inst/gen_clock_conv.gen_async_lite_conv.clock_conv_lite_fwd_w/handshake/src_hsdata_ff_reg[20]} \
          {Top_i/xdma_0_axi_periph/s00_couplers/auto_cc/inst/gen_clock_conv.gen_async_lite_conv.clock_conv_lite_fwd_w/handshake/src_hsdata_ff_reg[21]} \
          {Top_i/xdma_0_axi_periph/s00_couplers/auto_cc/inst/gen_clock_conv.gen_async_lite_conv.clock_conv_lite_fwd_w/handshake/src_hsdata_ff_reg[22]} \
          {Top_i/xdma_0_axi_periph/s00_couplers/auto_cc/inst/gen_clock_conv.gen_async_lite_conv.clock_conv_lite_fwd_w/handshake/src_hsdata_ff_reg[23]} \
          {Top_i/xdma_0_axi_periph/s00_couplers/auto_cc/inst/gen_clock_conv.gen_async_lite_conv.clock_conv_lite_fwd_w/handshake/src_hsdata_ff_reg[24]} \
          {Top_i/xdma_0_axi_periph/s00_couplers/auto_cc/inst/gen_clock_conv.gen_async_lite_conv.clock_conv_lite_fwd_w/handshake/src_hsdata_ff_reg[25]} \
          {Top_i/xdma_0_axi_periph/s00_couplers/auto_cc/inst/gen_clock_conv.gen_async_lite_conv.clock_conv_lite_fwd_w/handshake/src_hsdata_ff_reg[26]} \
          {Top_i/xdma_0_axi_periph/s00_couplers/auto_cc/inst/gen_clock_conv.gen_async_lite_conv.clock_conv_lite_fwd_w/handshake/src_hsdata_ff_reg[27]} \
          {Top_i/xdma_0_axi_periph/s00_couplers/auto_cc/inst/gen_clock_conv.gen_async_lite_conv.clock_conv_lite_fwd_w/handshake/src_hsdata_ff_reg[28]} \
          {Top_i/xdma_0_axi_periph/s00_couplers/auto_cc/inst/gen_clock_conv.gen_async_lite_conv.clock_conv_lite_fwd_w/handshake/src_hsdata_ff_reg[29]} \
          {Top_i/xdma_0_axi_periph/s00_couplers/auto_cc/inst/gen_clock_conv.gen_async_lite_conv.clock_conv_lite_fwd_w/handshake/src_hsdata_ff_reg[2]} \
          {Top_i/xdma_0_axi_periph/s00_couplers/auto_cc/inst/gen_clock_conv.gen_async_lite_conv.clock_conv_lite_fwd_w/handshake/src_hsdata_ff_reg[30]} \
          {Top_i/xdma_0_axi_periph/s00_couplers/auto_cc/inst/gen_clock_conv.gen_async_lite_conv.clock_conv_lite_fwd_w/handshake/src_hsdata_ff_reg[31]} \
          {Top_i/xdma_0_axi_periph/s00_couplers/auto_cc/inst/gen_clock_conv.gen_async_lite_conv.clock_conv_lite_fwd_w/handshake/src_hsdata_ff_reg[9]} \
          {Top_i/xdma_0_axi_periph/s00_couplers/auto_cc/inst/gen_clock_conv.gen_async_lite_conv.clock_conv_lite_fwd_w/handshake/src_hsdata_ff_reg[8]} \
          {Top_i/xdma_0_axi_periph/s00_couplers/auto_cc/inst/gen_clock_conv.gen_async_lite_conv.clock_conv_lite_fwd_w/handshake/src_hsdata_ff_reg[7]} \
          {Top_i/xdma_0_axi_periph/s00_couplers/auto_cc/inst/gen_clock_conv.gen_async_lite_conv.clock_conv_lite_fwd_w/handshake/src_hsdata_ff_reg[6]} \
          {Top_i/xdma_0_axi_periph/s00_couplers/auto_cc/inst/gen_clock_conv.gen_async_lite_conv.clock_conv_lite_fwd_w/handshake/src_hsdata_ff_reg[3]} \
          {Top_i/xdma_0_axi_periph/s00_couplers/auto_cc/inst/gen_clock_conv.gen_async_lite_conv.clock_conv_lite_fwd_w/handshake/src_hsdata_ff_reg[4]} \
          {Top_i/xdma_0_axi_periph/s00_couplers/auto_cc/inst/gen_clock_conv.gen_async_lite_conv.clock_conv_lite_fwd_w/handshake/src_hsdata_ff_reg[5]}]]
                                              [get_cells [list {Top_i/xdma_0_axi_periph/s00_couplers/auto_cc/inst/gen_clock_conv.gen_async_lite_conv.clock_conv_lite_fwd_w/handshake/dest_hsdata_ff_reg[0]} \
          {Top_i/xdma_0_axi_periph/s00_couplers/auto_cc/inst/gen_clock_conv.gen_async_lite_conv.clock_conv_lite_fwd_w/handshake/dest_hsdata_ff_reg[10]} \
          {Top_i/xdma_0_axi_periph/s00_couplers/auto_cc/inst/gen_clock_conv.gen_async_lite_conv.clock_conv_lite_fwd_w/handshake/dest_hsdata_ff_reg[11]} \
          {Top_i/xdma_0_axi_periph/s00_couplers/auto_cc/inst/gen_clock_conv.gen_async_lite_conv.clock_conv_lite_fwd_w/handshake/dest_hsdata_ff_reg[12]} \
          {Top_i/xdma_0_axi_periph/s00_couplers/auto_cc/inst/gen_clock_conv.gen_async_lite_conv.clock_conv_lite_fwd_w/handshake/dest_hsdata_ff_reg[13]} \
          {Top_i/xdma_0_axi_periph/s00_couplers/auto_cc/inst/gen_clock_conv.gen_async_lite_conv.clock_conv_lite_fwd_w/handshake/dest_hsdata_ff_reg[14]} \
          {Top_i/xdma_0_axi_periph/s00_couplers/auto_cc/inst/gen_clock_conv.gen_async_lite_conv.clock_conv_lite_fwd_w/handshake/dest_hsdata_ff_reg[15]} \
          {Top_i/xdma_0_axi_periph/s00_couplers/auto_cc/inst/gen_clock_conv.gen_async_lite_conv.clock_conv_lite_fwd_w/handshake/dest_hsdata_ff_reg[16]} \
          {Top_i/xdma_0_axi_periph/s00_couplers/auto_cc/inst/gen_clock_conv.gen_async_lite_conv.clock_conv_lite_fwd_w/handshake/dest_hsdata_ff_reg[17]} \
          {Top_i/xdma_0_axi_periph/s00_couplers/auto_cc/inst/gen_clock_conv.gen_async_lite_conv.clock_conv_lite_fwd_w/handshake/dest_hsdata_ff_reg[18]} \
          {Top_i/xdma_0_axi_periph/s00_couplers/auto_cc/inst/gen_clock_conv.gen_async_lite_conv.clock_conv_lite_fwd_w/handshake/dest_hsdata_ff_reg[19]} \
          {Top_i/xdma_0_axi_periph/s00_couplers/auto_cc/inst/gen_clock_conv.gen_async_lite_conv.clock_conv_lite_fwd_w/handshake/dest_hsdata_ff_reg[1]} \
          {Top_i/xdma_0_axi_periph/s00_couplers/auto_cc/inst/gen_clock_conv.gen_async_lite_conv.clock_conv_lite_fwd_w/handshake/dest_hsdata_ff_reg[20]} \
          {Top_i/xdma_0_axi_periph/s00_couplers/auto_cc/inst/gen_clock_conv.gen_async_lite_conv.clock_conv_lite_fwd_w/handshake/dest_hsdata_ff_reg[21]} \
          {Top_i/xdma_0_axi_periph/s00_couplers/auto_cc/inst/gen_clock_conv.gen_async_lite_conv.clock_conv_lite_fwd_w/handshake/dest_hsdata_ff_reg[22]} \
          {Top_i/xdma_0_axi_periph/s00_couplers/auto_cc/inst/gen_clock_conv.gen_async_lite_conv.clock_conv_lite_fwd_w/handshake/dest_hsdata_ff_reg[23]} \
          {Top_i/xdma_0_axi_periph/s00_couplers/auto_cc/inst/gen_clock_conv.gen_async_lite_conv.clock_conv_lite_fwd_w/handshake/dest_hsdata_ff_reg[24]} \
          {Top_i/xdma_0_axi_periph/s00_couplers/auto_cc/inst/gen_clock_conv.gen_async_lite_conv.clock_conv_lite_fwd_w/handshake/dest_hsdata_ff_reg[25]} \
          {Top_i/xdma_0_axi_periph/s00_couplers/auto_cc/inst/gen_clock_conv.gen_async_lite_conv.clock_conv_lite_fwd_w/handshake/dest_hsdata_ff_reg[26]} \
          {Top_i/xdma_0_axi_periph/s00_couplers/auto_cc/inst/gen_clock_conv.gen_async_lite_conv.clock_conv_lite_fwd_w/handshake/dest_hsdata_ff_reg[27]} \
          {Top_i/xdma_0_axi_periph/s00_couplers/auto_cc/inst/gen_clock_conv.gen_async_lite_conv.clock_conv_lite_fwd_w/handshake/dest_hsdata_ff_reg[28]} \
          {Top_i/xdma_0_axi_periph/s00_couplers/auto_cc/inst/gen_clock_conv.gen_async_lite_conv.clock_conv_lite_fwd_w/handshake/dest_hsdata_ff_reg[29]} \
          {Top_i/xdma_0_axi_periph/s00_couplers/auto_cc/inst/gen_clock_conv.gen_async_lite_conv.clock_conv_lite_fwd_w/handshake/dest_hsdata_ff_reg[2]} \
          {Top_i/xdma_0_axi_periph/s00_couplers/auto_cc/inst/gen_clock_conv.gen_async_lite_conv.clock_conv_lite_fwd_w/handshake/dest_hsdata_ff_reg[30]} \
          {Top_i/xdma_0_axi_periph/s00_couplers/auto_cc/inst/gen_clock_conv.gen_async_lite_conv.clock_conv_lite_fwd_w/handshake/dest_hsdata_ff_reg[31]} \
          {Top_i/xdma_0_axi_periph/s00_couplers/auto_cc/inst/gen_clock_conv.gen_async_lite_conv.clock_conv_lite_fwd_w/handshake/dest_hsdata_ff_reg[9]} \
          {Top_i/xdma_0_axi_periph/s00_couplers/auto_cc/inst/gen_clock_conv.gen_async_lite_conv.clock_conv_lite_fwd_w/handshake/dest_hsdata_ff_reg[8]} \
          {Top_i/xdma_0_axi_periph/s00_couplers/auto_cc/inst/gen_clock_conv.gen_async_lite_conv.clock_conv_lite_fwd_w/handshake/dest_hsdata_ff_reg[7]} \
          {Top_i/xdma_0_axi_periph/s00_couplers/auto_cc/inst/gen_clock_conv.gen_async_lite_conv.clock_conv_lite_fwd_w/handshake/dest_hsdata_ff_reg[6]} \
          {Top_i/xdma_0_axi_periph/s00_couplers/auto_cc/inst/gen_clock_conv.gen_async_lite_conv.clock_conv_lite_fwd_w/handshake/dest_hsdata_ff_reg[3]} \
          {Top_i/xdma_0_axi_periph/s00_couplers/auto_cc/inst/gen_clock_conv.gen_async_lite_conv.clock_conv_lite_fwd_w/handshake/dest_hsdata_ff_reg[4]} \
          {Top_i/xdma_0_axi_periph/s00_couplers/auto_cc/inst/gen_clock_conv.gen_async_lite_conv.clock_conv_lite_fwd_w/handshake/dest_hsdata_ff_reg[5]}]]
                                                                              Slow             30.000       1.554     28.446
13  69        [get_cells [list {Top_i/xdma_0_axi_periph/s00_couplers/auto_cc/inst/gen_clock_conv.gen_async_lite_conv.clock_conv_lite_resp_r/handshake/src_hsdata_ff_reg[0]} \
          {Top_i/xdma_0_axi_periph/s00_couplers/auto_cc/inst/gen_clock_conv.gen_async_lite_conv.clock_conv_lite_resp_r/handshake/src_hsdata_ff_reg[10]} \
          {Top_i/xdma_0_axi_periph/s00_couplers/auto_cc/inst/gen_clock_conv.gen_async_lite_conv.clock_conv_lite_resp_r/handshake/src_hsdata_ff_reg[11]} \
          {Top_i/xdma_0_axi_periph/s00_couplers/auto_cc/inst/gen_clock_conv.gen_async_lite_conv.clock_conv_lite_resp_r/handshake/src_hsdata_ff_reg[12]} \
          {Top_i/xdma_0_axi_periph/s00_couplers/auto_cc/inst/gen_clock_conv.gen_async_lite_conv.clock_conv_lite_resp_r/handshake/src_hsdata_ff_reg[13]} \
          {Top_i/xdma_0_axi_periph/s00_couplers/auto_cc/inst/gen_clock_conv.gen_async_lite_conv.clock_conv_lite_resp_r/handshake/src_hsdata_ff_reg[14]} \
          {Top_i/xdma_0_axi_periph/s00_couplers/auto_cc/inst/gen_clock_conv.gen_async_lite_conv.clock_conv_lite_resp_r/handshake/src_hsdata_ff_reg[15]} \
          {Top_i/xdma_0_axi_periph/s00_couplers/auto_cc/inst/gen_clock_conv.gen_async_lite_conv.clock_conv_lite_resp_r/handshake/src_hsdata_ff_reg[16]} \
          {Top_i/xdma_0_axi_periph/s00_couplers/auto_cc/inst/gen_clock_conv.gen_async_lite_conv.clock_conv_lite_resp_r/handshake/src_hsdata_ff_reg[17]} \
          {Top_i/xdma_0_axi_periph/s00_couplers/auto_cc/inst/gen_clock_conv.gen_async_lite_conv.clock_conv_lite_resp_r/handshake/src_hsdata_ff_reg[18]} \
          {Top_i/xdma_0_axi_periph/s00_couplers/auto_cc/inst/gen_clock_conv.gen_async_lite_conv.clock_conv_lite_resp_r/handshake/src_hsdata_ff_reg[19]} \
          {Top_i/xdma_0_axi_periph/s00_couplers/auto_cc/inst/gen_clock_conv.gen_async_lite_conv.clock_conv_lite_resp_r/handshake/src_hsdata_ff_reg[1]} \
          {Top_i/xdma_0_axi_periph/s00_couplers/auto_cc/inst/gen_clock_conv.gen_async_lite_conv.clock_conv_lite_resp_r/handshake/src_hsdata_ff_reg[20]} \
          {Top_i/xdma_0_axi_periph/s00_couplers/auto_cc/inst/gen_clock_conv.gen_async_lite_conv.clock_conv_lite_resp_r/handshake/src_hsdata_ff_reg[21]} \
          {Top_i/xdma_0_axi_periph/s00_couplers/auto_cc/inst/gen_clock_conv.gen_async_lite_conv.clock_conv_lite_resp_r/handshake/src_hsdata_ff_reg[22]} \
          {Top_i/xdma_0_axi_periph/s00_couplers/auto_cc/inst/gen_clock_conv.gen_async_lite_conv.clock_conv_lite_resp_r/handshake/src_hsdata_ff_reg[23]} \
          {Top_i/xdma_0_axi_periph/s00_couplers/auto_cc/inst/gen_clock_conv.gen_async_lite_conv.clock_conv_lite_resp_r/handshake/src_hsdata_ff_reg[24]} \
          {Top_i/xdma_0_axi_periph/s00_couplers/auto_cc/inst/gen_clock_conv.gen_async_lite_conv.clock_conv_lite_resp_r/handshake/src_hsdata_ff_reg[25]} \
          {Top_i/xdma_0_axi_periph/s00_couplers/auto_cc/inst/gen_clock_conv.gen_async_lite_conv.clock_conv_lite_resp_r/handshake/src_hsdata_ff_reg[26]} \
          {Top_i/xdma_0_axi_periph/s00_couplers/auto_cc/inst/gen_clock_conv.gen_async_lite_conv.clock_conv_lite_resp_r/handshake/src_hsdata_ff_reg[27]} \
          {Top_i/xdma_0_axi_periph/s00_couplers/auto_cc/inst/gen_clock_conv.gen_async_lite_conv.clock_conv_lite_resp_r/handshake/src_hsdata_ff_reg[28]} \
          {Top_i/xdma_0_axi_periph/s00_couplers/auto_cc/inst/gen_clock_conv.gen_async_lite_conv.clock_conv_lite_resp_r/handshake/src_hsdata_ff_reg[29]} \
          {Top_i/xdma_0_axi_periph/s00_couplers/auto_cc/inst/gen_clock_conv.gen_async_lite_conv.clock_conv_lite_resp_r/handshake/src_hsdata_ff_reg[2]} \
          {Top_i/xdma_0_axi_periph/s00_couplers/auto_cc/inst/gen_clock_conv.gen_async_lite_conv.clock_conv_lite_resp_r/handshake/src_hsdata_ff_reg[30]} \
          {Top_i/xdma_0_axi_periph/s00_couplers/auto_cc/inst/gen_clock_conv.gen_async_lite_conv.clock_conv_lite_resp_r/handshake/src_hsdata_ff_reg[31]} \
          {Top_i/xdma_0_axi_periph/s00_couplers/auto_cc/inst/gen_clock_conv.gen_async_lite_conv.clock_conv_lite_resp_r/handshake/src_hsdata_ff_reg[32]} \
          {Top_i/xdma_0_axi_periph/s00_couplers/auto_cc/inst/gen_clock_conv.gen_async_lite_conv.clock_conv_lite_resp_r/handshake/src_hsdata_ff_reg[33]} \
          {Top_i/xdma_0_axi_periph/s00_couplers/auto_cc/inst/gen_clock_conv.gen_async_lite_conv.clock_conv_lite_resp_r/handshake/src_hsdata_ff_reg[3]} \
          {Top_i/xdma_0_axi_periph/s00_couplers/auto_cc/inst/gen_clock_conv.gen_async_lite_conv.clock_conv_lite_resp_r/handshake/src_hsdata_ff_reg[4]} \
          {Top_i/xdma_0_axi_periph/s00_couplers/auto_cc/inst/gen_clock_conv.gen_async_lite_conv.clock_conv_lite_resp_r/handshake/src_hsdata_ff_reg[5]} \
          {Top_i/xdma_0_axi_periph/s00_couplers/auto_cc/inst/gen_clock_conv.gen_async_lite_conv.clock_conv_lite_resp_r/handshake/src_hsdata_ff_reg[6]} \
          {Top_i/xdma_0_axi_periph/s00_couplers/auto_cc/inst/gen_clock_conv.gen_async_lite_conv.clock_conv_lite_resp_r/handshake/src_hsdata_ff_reg[7]} \
          {Top_i/xdma_0_axi_periph/s00_couplers/auto_cc/inst/gen_clock_conv.gen_async_lite_conv.clock_conv_lite_resp_r/handshake/src_hsdata_ff_reg[8]} \
          {Top_i/xdma_0_axi_periph/s00_couplers/auto_cc/inst/gen_clock_conv.gen_async_lite_conv.clock_conv_lite_resp_r/handshake/src_hsdata_ff_reg[9]}]]
                                              [get_cells [list {Top_i/xdma_0_axi_periph/s00_couplers/auto_cc/inst/gen_clock_conv.gen_async_lite_conv.clock_conv_lite_resp_r/handshake/dest_hsdata_ff_reg[0]} \
          {Top_i/xdma_0_axi_periph/s00_couplers/auto_cc/inst/gen_clock_conv.gen_async_lite_conv.clock_conv_lite_resp_r/handshake/dest_hsdata_ff_reg[10]} \
          {Top_i/xdma_0_axi_periph/s00_couplers/auto_cc/inst/gen_clock_conv.gen_async_lite_conv.clock_conv_lite_resp_r/handshake/dest_hsdata_ff_reg[11]} \
          {Top_i/xdma_0_axi_periph/s00_couplers/auto_cc/inst/gen_clock_conv.gen_async_lite_conv.clock_conv_lite_resp_r/handshake/dest_hsdata_ff_reg[12]} \
          {Top_i/xdma_0_axi_periph/s00_couplers/auto_cc/inst/gen_clock_conv.gen_async_lite_conv.clock_conv_lite_resp_r/handshake/dest_hsdata_ff_reg[13]} \
          {Top_i/xdma_0_axi_periph/s00_couplers/auto_cc/inst/gen_clock_conv.gen_async_lite_conv.clock_conv_lite_resp_r/handshake/dest_hsdata_ff_reg[14]} \
          {Top_i/xdma_0_axi_periph/s00_couplers/auto_cc/inst/gen_clock_conv.gen_async_lite_conv.clock_conv_lite_resp_r/handshake/dest_hsdata_ff_reg[15]} \
          {Top_i/xdma_0_axi_periph/s00_couplers/auto_cc/inst/gen_clock_conv.gen_async_lite_conv.clock_conv_lite_resp_r/handshake/dest_hsdata_ff_reg[16]} \
          {Top_i/xdma_0_axi_periph/s00_couplers/auto_cc/inst/gen_clock_conv.gen_async_lite_conv.clock_conv_lite_resp_r/handshake/dest_hsdata_ff_reg[17]} \
          {Top_i/xdma_0_axi_periph/s00_couplers/auto_cc/inst/gen_clock_conv.gen_async_lite_conv.clock_conv_lite_resp_r/handshake/dest_hsdata_ff_reg[18]} \
          {Top_i/xdma_0_axi_periph/s00_couplers/auto_cc/inst/gen_clock_conv.gen_async_lite_conv.clock_conv_lite_resp_r/handshake/dest_hsdata_ff_reg[19]} \
          {Top_i/xdma_0_axi_periph/s00_couplers/auto_cc/inst/gen_clock_conv.gen_async_lite_conv.clock_conv_lite_resp_r/handshake/dest_hsdata_ff_reg[1]} \
          {Top_i/xdma_0_axi_periph/s00_couplers/auto_cc/inst/gen_clock_conv.gen_async_lite_conv.clock_conv_lite_resp_r/handshake/dest_hsdata_ff_reg[20]} \
          {Top_i/xdma_0_axi_periph/s00_couplers/auto_cc/inst/gen_clock_conv.gen_async_lite_conv.clock_conv_lite_resp_r/handshake/dest_hsdata_ff_reg[21]} \
          {Top_i/xdma_0_axi_periph/s00_couplers/auto_cc/inst/gen_clock_conv.gen_async_lite_conv.clock_conv_lite_resp_r/handshake/dest_hsdata_ff_reg[22]} \
          {Top_i/xdma_0_axi_periph/s00_couplers/auto_cc/inst/gen_clock_conv.gen_async_lite_conv.clock_conv_lite_resp_r/handshake/dest_hsdata_ff_reg[23]} \
          {Top_i/xdma_0_axi_periph/s00_couplers/auto_cc/inst/gen_clock_conv.gen_async_lite_conv.clock_conv_lite_resp_r/handshake/dest_hsdata_ff_reg[24]} \
          {Top_i/xdma_0_axi_periph/s00_couplers/auto_cc/inst/gen_clock_conv.gen_async_lite_conv.clock_conv_lite_resp_r/handshake/dest_hsdata_ff_reg[25]} \
          {Top_i/xdma_0_axi_periph/s00_couplers/auto_cc/inst/gen_clock_conv.gen_async_lite_conv.clock_conv_lite_resp_r/handshake/dest_hsdata_ff_reg[26]} \
          {Top_i/xdma_0_axi_periph/s00_couplers/auto_cc/inst/gen_clock_conv.gen_async_lite_conv.clock_conv_lite_resp_r/handshake/dest_hsdata_ff_reg[27]} \
          {Top_i/xdma_0_axi_periph/s00_couplers/auto_cc/inst/gen_clock_conv.gen_async_lite_conv.clock_conv_lite_resp_r/handshake/dest_hsdata_ff_reg[28]} \
          {Top_i/xdma_0_axi_periph/s00_couplers/auto_cc/inst/gen_clock_conv.gen_async_lite_conv.clock_conv_lite_resp_r/handshake/dest_hsdata_ff_reg[29]} \
          {Top_i/xdma_0_axi_periph/s00_couplers/auto_cc/inst/gen_clock_conv.gen_async_lite_conv.clock_conv_lite_resp_r/handshake/dest_hsdata_ff_reg[2]} \
          {Top_i/xdma_0_axi_periph/s00_couplers/auto_cc/inst/gen_clock_conv.gen_async_lite_conv.clock_conv_lite_resp_r/handshake/dest_hsdata_ff_reg[30]} \
          {Top_i/xdma_0_axi_periph/s00_couplers/auto_cc/inst/gen_clock_conv.gen_async_lite_conv.clock_conv_lite_resp_r/handshake/dest_hsdata_ff_reg[31]} \
          {Top_i/xdma_0_axi_periph/s00_couplers/auto_cc/inst/gen_clock_conv.gen_async_lite_conv.clock_conv_lite_resp_r/handshake/dest_hsdata_ff_reg[32]} \
          {Top_i/xdma_0_axi_periph/s00_couplers/auto_cc/inst/gen_clock_conv.gen_async_lite_conv.clock_conv_lite_resp_r/handshake/dest_hsdata_ff_reg[33]} \
          {Top_i/xdma_0_axi_periph/s00_couplers/auto_cc/inst/gen_clock_conv.gen_async_lite_conv.clock_conv_lite_resp_r/handshake/dest_hsdata_ff_reg[3]} \
          {Top_i/xdma_0_axi_periph/s00_couplers/auto_cc/inst/gen_clock_conv.gen_async_lite_conv.clock_conv_lite_resp_r/handshake/dest_hsdata_ff_reg[4]} \
          {Top_i/xdma_0_axi_periph/s00_couplers/auto_cc/inst/gen_clock_conv.gen_async_lite_conv.clock_conv_lite_resp_r/handshake/dest_hsdata_ff_reg[5]} \
          {Top_i/xdma_0_axi_periph/s00_couplers/auto_cc/inst/gen_clock_conv.gen_async_lite_conv.clock_conv_lite_resp_r/handshake/dest_hsdata_ff_reg[6]} \
          {Top_i/xdma_0_axi_periph/s00_couplers/auto_cc/inst/gen_clock_conv.gen_async_lite_conv.clock_conv_lite_resp_r/handshake/dest_hsdata_ff_reg[7]} \
          {Top_i/xdma_0_axi_periph/s00_couplers/auto_cc/inst/gen_clock_conv.gen_async_lite_conv.clock_conv_lite_resp_r/handshake/dest_hsdata_ff_reg[8]} \
          {Top_i/xdma_0_axi_periph/s00_couplers/auto_cc/inst/gen_clock_conv.gen_async_lite_conv.clock_conv_lite_resp_r/handshake/dest_hsdata_ff_reg[9]}]]
                                                                              Slow             24.000       1.438     22.562
14  71        [get_cells [list {Top_i/xdma_0_axi_periph/s00_couplers/auto_cc/inst/gen_clock_conv.gen_async_lite_conv.clock_conv_lite_fwd_aw/handshake/src_hsdata_ff_reg[2]} \
          {Top_i/xdma_0_axi_periph/s00_couplers/auto_cc/inst/gen_clock_conv.gen_async_lite_conv.clock_conv_lite_fwd_aw/handshake/src_hsdata_ff_reg[8]} \
          {Top_i/xdma_0_axi_periph/s00_couplers/auto_cc/inst/gen_clock_conv.gen_async_lite_conv.clock_conv_lite_fwd_aw/handshake/src_hsdata_ff_reg[30]} \
          {Top_i/xdma_0_axi_periph/s00_couplers/auto_cc/inst/gen_clock_conv.gen_async_lite_conv.clock_conv_lite_fwd_aw/handshake/src_hsdata_ff_reg[31]} \
          {Top_i/xdma_0_axi_periph/s00_couplers/auto_cc/inst/gen_clock_conv.gen_async_lite_conv.clock_conv_lite_fwd_aw/handshake/src_hsdata_ff_reg[13]} \
          {Top_i/xdma_0_axi_periph/s00_couplers/auto_cc/inst/gen_clock_conv.gen_async_lite_conv.clock_conv_lite_fwd_aw/handshake/src_hsdata_ff_reg[14]} \
          {Top_i/xdma_0_axi_periph/s00_couplers/auto_cc/inst/gen_clock_conv.gen_async_lite_conv.clock_conv_lite_fwd_aw/handshake/src_hsdata_ff_reg[15]} \
          {Top_i/xdma_0_axi_periph/s00_couplers/auto_cc/inst/gen_clock_conv.gen_async_lite_conv.clock_conv_lite_fwd_aw/handshake/src_hsdata_ff_reg[16]} \
          {Top_i/xdma_0_axi_periph/s00_couplers/auto_cc/inst/gen_clock_conv.gen_async_lite_conv.clock_conv_lite_fwd_aw/handshake/src_hsdata_ff_reg[17]} \
          {Top_i/xdma_0_axi_periph/s00_couplers/auto_cc/inst/gen_clock_conv.gen_async_lite_conv.clock_conv_lite_fwd_aw/handshake/src_hsdata_ff_reg[18]} \
          {Top_i/xdma_0_axi_periph/s00_couplers/auto_cc/inst/gen_clock_conv.gen_async_lite_conv.clock_conv_lite_fwd_aw/handshake/src_hsdata_ff_reg[19]} \
          {Top_i/xdma_0_axi_periph/s00_couplers/auto_cc/inst/gen_clock_conv.gen_async_lite_conv.clock_conv_lite_fwd_aw/handshake/src_hsdata_ff_reg[3]} \
          {Top_i/xdma_0_axi_periph/s00_couplers/auto_cc/inst/gen_clock_conv.gen_async_lite_conv.clock_conv_lite_fwd_aw/handshake/src_hsdata_ff_reg[20]} \
          {Top_i/xdma_0_axi_periph/s00_couplers/auto_cc/inst/gen_clock_conv.gen_async_lite_conv.clock_conv_lite_fwd_aw/handshake/src_hsdata_ff_reg[21]} \
          {Top_i/xdma_0_axi_periph/s00_couplers/auto_cc/inst/gen_clock_conv.gen_async_lite_conv.clock_conv_lite_fwd_aw/handshake/src_hsdata_ff_reg[22]} \
          {Top_i/xdma_0_axi_periph/s00_couplers/auto_cc/inst/gen_clock_conv.gen_async_lite_conv.clock_conv_lite_fwd_aw/handshake/src_hsdata_ff_reg[23]} \
          {Top_i/xdma_0_axi_periph/s00_couplers/auto_cc/inst/gen_clock_conv.gen_async_lite_conv.clock_conv_lite_fwd_aw/handshake/src_hsdata_ff_reg[24]} \
          {Top_i/xdma_0_axi_periph/s00_couplers/auto_cc/inst/gen_clock_conv.gen_async_lite_conv.clock_conv_lite_fwd_aw/handshake/src_hsdata_ff_reg[25]} \
          {Top_i/xdma_0_axi_periph/s00_couplers/auto_cc/inst/gen_clock_conv.gen_async_lite_conv.clock_conv_lite_fwd_aw/handshake/src_hsdata_ff_reg[26]} \
          {Top_i/xdma_0_axi_periph/s00_couplers/auto_cc/inst/gen_clock_conv.gen_async_lite_conv.clock_conv_lite_fwd_aw/handshake/src_hsdata_ff_reg[27]} \
          {Top_i/xdma_0_axi_periph/s00_couplers/auto_cc/inst/gen_clock_conv.gen_async_lite_conv.clock_conv_lite_fwd_aw/handshake/src_hsdata_ff_reg[28]} \
          {Top_i/xdma_0_axi_periph/s00_couplers/auto_cc/inst/gen_clock_conv.gen_async_lite_conv.clock_conv_lite_fwd_aw/handshake/src_hsdata_ff_reg[29]}]]
                                              [get_cells [list {Top_i/xdma_0_axi_periph/s00_couplers/auto_cc/inst/gen_clock_conv.gen_async_lite_conv.clock_conv_lite_fwd_aw/handshake/dest_hsdata_ff_reg[2]} \
          {Top_i/xdma_0_axi_periph/s00_couplers/auto_cc/inst/gen_clock_conv.gen_async_lite_conv.clock_conv_lite_fwd_aw/handshake/dest_hsdata_ff_reg[8]} \
          {Top_i/xdma_0_axi_periph/s00_couplers/auto_cc/inst/gen_clock_conv.gen_async_lite_conv.clock_conv_lite_fwd_aw/handshake/dest_hsdata_ff_reg[30]} \
          {Top_i/xdma_0_axi_periph/s00_couplers/auto_cc/inst/gen_clock_conv.gen_async_lite_conv.clock_conv_lite_fwd_aw/handshake/dest_hsdata_ff_reg[31]} \
          {Top_i/xdma_0_axi_periph/s00_couplers/auto_cc/inst/gen_clock_conv.gen_async_lite_conv.clock_conv_lite_fwd_aw/handshake/dest_hsdata_ff_reg[13]} \
          {Top_i/xdma_0_axi_periph/s00_couplers/auto_cc/inst/gen_clock_conv.gen_async_lite_conv.clock_conv_lite_fwd_aw/handshake/dest_hsdata_ff_reg[14]} \
          {Top_i/xdma_0_axi_periph/s00_couplers/auto_cc/inst/gen_clock_conv.gen_async_lite_conv.clock_conv_lite_fwd_aw/handshake/dest_hsdata_ff_reg[15]} \
          {Top_i/xdma_0_axi_periph/s00_couplers/auto_cc/inst/gen_clock_conv.gen_async_lite_conv.clock_conv_lite_fwd_aw/handshake/dest_hsdata_ff_reg[16]} \
          {Top_i/xdma_0_axi_periph/s00_couplers/auto_cc/inst/gen_clock_conv.gen_async_lite_conv.clock_conv_lite_fwd_aw/handshake/dest_hsdata_ff_reg[17]} \
          {Top_i/xdma_0_axi_periph/s00_couplers/auto_cc/inst/gen_clock_conv.gen_async_lite_conv.clock_conv_lite_fwd_aw/handshake/dest_hsdata_ff_reg[18]} \
          {Top_i/xdma_0_axi_periph/s00_couplers/auto_cc/inst/gen_clock_conv.gen_async_lite_conv.clock_conv_lite_fwd_aw/handshake/dest_hsdata_ff_reg[19]} \
          {Top_i/xdma_0_axi_periph/s00_couplers/auto_cc/inst/gen_clock_conv.gen_async_lite_conv.clock_conv_lite_fwd_aw/handshake/dest_hsdata_ff_reg[3]} \
          {Top_i/xdma_0_axi_periph/s00_couplers/auto_cc/inst/gen_clock_conv.gen_async_lite_conv.clock_conv_lite_fwd_aw/handshake/dest_hsdata_ff_reg[20]} \
          {Top_i/xdma_0_axi_periph/s00_couplers/auto_cc/inst/gen_clock_conv.gen_async_lite_conv.clock_conv_lite_fwd_aw/handshake/dest_hsdata_ff_reg[21]} \
          {Top_i/xdma_0_axi_periph/s00_couplers/auto_cc/inst/gen_clock_conv.gen_async_lite_conv.clock_conv_lite_fwd_aw/handshake/dest_hsdata_ff_reg[22]} \
          {Top_i/xdma_0_axi_periph/s00_couplers/auto_cc/inst/gen_clock_conv.gen_async_lite_conv.clock_conv_lite_fwd_aw/handshake/dest_hsdata_ff_reg[23]} \
          {Top_i/xdma_0_axi_periph/s00_couplers/auto_cc/inst/gen_clock_conv.gen_async_lite_conv.clock_conv_lite_fwd_aw/handshake/dest_hsdata_ff_reg[24]} \
          {Top_i/xdma_0_axi_periph/s00_couplers/auto_cc/inst/gen_clock_conv.gen_async_lite_conv.clock_conv_lite_fwd_aw/handshake/dest_hsdata_ff_reg[25]} \
          {Top_i/xdma_0_axi_periph/s00_couplers/auto_cc/inst/gen_clock_conv.gen_async_lite_conv.clock_conv_lite_fwd_aw/handshake/dest_hsdata_ff_reg[26]} \
          {Top_i/xdma_0_axi_periph/s00_couplers/auto_cc/inst/gen_clock_conv.gen_async_lite_conv.clock_conv_lite_fwd_aw/handshake/dest_hsdata_ff_reg[27]} \
          {Top_i/xdma_0_axi_periph/s00_couplers/auto_cc/inst/gen_clock_conv.gen_async_lite_conv.clock_conv_lite_fwd_aw/handshake/dest_hsdata_ff_reg[28]} \
          {Top_i/xdma_0_axi_periph/s00_couplers/auto_cc/inst/gen_clock_conv.gen_async_lite_conv.clock_conv_lite_fwd_aw/handshake/dest_hsdata_ff_reg[29]}]]
                                                                              Slow             30.000       0.788     29.212


2. Bus Skew Report Per Constraint
---------------------------------

Id: 1
set_bus_skew -from [get_cells [list {Top_i/axi_interconnect_1/s00_couplers/auto_cc/inst/gen_clock_conv.gen_async_conv.asyncfifo_axi/inst_fifo_gen/gaxi_full_lite.gread_ch.grdch2.axi_rdch/grf.rf/gntv_or_sync_fifo.gcx.clkx/rd_pntr_cdc_inst/src_gray_ff_reg[0]} {Top_i/axi_interconnect_1/s00_couplers/auto_cc/inst/gen_clock_conv.gen_async_conv.asyncfifo_axi/inst_fifo_gen/gaxi_full_lite.gread_ch.grdch2.axi_rdch/grf.rf/gntv_or_sync_fifo.gcx.clkx/rd_pntr_cdc_inst/src_gray_ff_reg[1]} {Top_i/axi_interconnect_1/s00_couplers/auto_cc/inst/gen_clock_conv.gen_async_conv.asyncfifo_axi/inst_fifo_gen/gaxi_full_lite.gread_ch.grdch2.axi_rdch/grf.rf/gntv_or_sync_fifo.gcx.clkx/rd_pntr_cdc_inst/src_gray_ff_reg[2]} {Top_i/axi_interconnect_1/s00_couplers/auto_cc/inst/gen_clock_conv.gen_async_conv.asyncfifo_axi/inst_fifo_gen/gaxi_full_lite.gread_ch.grdch2.axi_rdch/grf.rf/gntv_or_sync_fifo.gcx.clkx/rd_pntr_cdc_inst/src_gray_ff_reg[3]}]] -to [get_cells [list {Top_i/axi_interconnect_1/s00_couplers/auto_cc/inst/gen_clock_conv.gen_async_conv.asyncfifo_axi/inst_fifo_gen/gaxi_full_lite.gread_ch.grdch2.axi_rdch/grf.rf/gntv_or_sync_fifo.gcx.clkx/rd_pntr_cdc_inst/dest_graysync_ff_reg[0][0]} {Top_i/axi_interconnect_1/s00_couplers/auto_cc/inst/gen_clock_conv.gen_async_conv.asyncfifo_axi/inst_fifo_gen/gaxi_full_lite.gread_ch.grdch2.axi_rdch/grf.rf/gntv_or_sync_fifo.gcx.clkx/rd_pntr_cdc_inst/dest_graysync_ff_reg[0][1]} {Top_i/axi_interconnect_1/s00_couplers/auto_cc/inst/gen_clock_conv.gen_async_conv.asyncfifo_axi/inst_fifo_gen/gaxi_full_lite.gread_ch.grdch2.axi_rdch/grf.rf/gntv_or_sync_fifo.gcx.clkx/rd_pntr_cdc_inst/dest_graysync_ff_reg[0][2]} {Top_i/axi_interconnect_1/s00_couplers/auto_cc/inst/gen_clock_conv.gen_async_conv.asyncfifo_axi/inst_fifo_gen/gaxi_full_lite.gread_ch.grdch2.axi_rdch/grf.rf/gntv_or_sync_fifo.gcx.clkx/rd_pntr_cdc_inst/dest_graysync_ff_reg[0][3]}]] 8.000
Requirement: 8.000ns
Endpoints: 4

From Clock            To Clock              Endpoint Pin                    Reference Pin                   Corner  Actual(ns)  Slack(ns)
--------------------  --------------------  ------------------------------  ------------------------------  ------  ----------  ---------
userclk2              clk_out1_Top_clk_wiz_1
                                            Top_i/axi_interconnect_1/s00_couplers/auto_cc/inst/gen_clock_conv.gen_async_conv.asyncfifo_axi/inst_fifo_gen/gaxi_full_lite.gread_ch.grdch2.axi_rdch/grf.rf/gntv_or_sync_fifo.gcx.clkx/rd_pntr_cdc_inst/dest_graysync_ff_reg[0][1]/D
                                                                            Top_i/axi_interconnect_1/s00_couplers/auto_cc/inst/gen_clock_conv.gen_async_conv.asyncfifo_axi/inst_fifo_gen/gaxi_full_lite.gread_ch.grdch2.axi_rdch/grf.rf/gntv_or_sync_fifo.gcx.clkx/rd_pntr_cdc_inst/dest_graysync_ff_reg[0][0]/D
                                                                                                            Slow         0.667      7.333


Slack (MET) :             7.333ns  (requirement - actual skew)
  Endpoint Source:        Top_i/axi_interconnect_1/s00_couplers/auto_cc/inst/gen_clock_conv.gen_async_conv.asyncfifo_axi/inst_fifo_gen/gaxi_full_lite.gread_ch.grdch2.axi_rdch/grf.rf/gntv_or_sync_fifo.gcx.clkx/rd_pntr_cdc_inst/src_gray_ff_reg[1]/C
                            (rising edge-triggered cell FDRE clocked by userclk2)
  Endpoint Destination:   Top_i/axi_interconnect_1/s00_couplers/auto_cc/inst/gen_clock_conv.gen_async_conv.asyncfifo_axi/inst_fifo_gen/gaxi_full_lite.gread_ch.grdch2.axi_rdch/grf.rf/gntv_or_sync_fifo.gcx.clkx/rd_pntr_cdc_inst/dest_graysync_ff_reg[0][1]/D
                            (rising edge-triggered cell FDRE clocked by clk_out1_Top_clk_wiz_1)
  Reference Source:       Top_i/axi_interconnect_1/s00_couplers/auto_cc/inst/gen_clock_conv.gen_async_conv.asyncfifo_axi/inst_fifo_gen/gaxi_full_lite.gread_ch.grdch2.axi_rdch/grf.rf/gntv_or_sync_fifo.gcx.clkx/rd_pntr_cdc_inst/src_gray_ff_reg[0]/C
                            (rising edge-triggered cell FDRE clocked by userclk2)
  Reference Destination:  Top_i/axi_interconnect_1/s00_couplers/auto_cc/inst/gen_clock_conv.gen_async_conv.asyncfifo_axi/inst_fifo_gen/gaxi_full_lite.gread_ch.grdch2.axi_rdch/grf.rf/gntv_or_sync_fifo.gcx.clkx/rd_pntr_cdc_inst/dest_graysync_ff_reg[0][0]/D
                            (rising edge-triggered cell FDRE clocked by clk_out1_Top_clk_wiz_1)
  Path Type:              Bus Skew (Max at Slow Process Corner)
  Requirement:            8.000ns
  Endpoint Relative Delay:    5.864ns
  Reference Relative Delay:   4.663ns
  Relative CRPR:              0.535ns
  Actual Bus Skew:            0.667ns  (Endpoint Relative Delay - Reference Relative Delay - Relative CRPR)

Endpoint path:
    Location             Delay type                Incr(ns)  Path(ns)    Netlist Resource(s)
  -------------------------------------------------------------------    -------------------
                         (clock userclk2 rise edge)
                                                      0.000     0.000 r  
    GTPE2_CHANNEL_X0Y6   GTPE2_CHANNEL                0.000     0.000 r  Top_i/xdma_0/inst/Top_xdma_0_0_pcie2_to_pcie3_wrapper_i/pcie2_ip_i/inst/inst/gt_top_i/pipe_wrapper_i/pipe_lane[0].gt_wrapper_i/gtp_channel.gtpe2_channel_i/TXOUTCLK
                         net (fo=1, routed)           1.274     1.274    Top_i/xdma_0/inst/Top_xdma_0_0_pcie2_to_pcie3_wrapper_i/pcie2_ip_i/inst/inst/gt_top_i/pipe_wrapper_i/pipe_clock_int.pipe_clock_i/txoutclk_i.txoutclk_i_0
    BUFGCTRL_X0Y19       BUFG (Prop_bufg_I_O)         0.081     1.355 r  Top_i/xdma_0/inst/Top_xdma_0_0_pcie2_to_pcie3_wrapper_i/pcie2_ip_i/inst/inst/gt_top_i/pipe_wrapper_i/pipe_clock_int.pipe_clock_i/txoutclk_i.txoutclk_i/O
                         net (fo=1, routed)           1.520     2.874    Top_i/xdma_0/inst/Top_xdma_0_0_pcie2_to_pcie3_wrapper_i/pcie2_ip_i/inst/inst/gt_top_i/pipe_wrapper_i/pipe_clock_int.pipe_clock_i/refclk
    MMCME2_ADV_X0Y2      MMCME2_ADV (Prop_mmcme2_adv_CLKIN1_CLKOUT3)
                                                      0.077     2.951 r  Top_i/xdma_0/inst/Top_xdma_0_0_pcie2_to_pcie3_wrapper_i/pcie2_ip_i/inst/inst/gt_top_i/pipe_wrapper_i/pipe_clock_int.pipe_clock_i/mmcm_i/CLKOUT3
                         net (fo=1, routed)           1.559     4.510    Top_i/xdma_0/inst/Top_xdma_0_0_pcie2_to_pcie3_wrapper_i/pcie2_ip_i/inst/inst/gt_top_i/pipe_wrapper_i/pipe_clock_int.pipe_clock_i/userclk2
    BUFGCTRL_X0Y0        BUFG (Prop_bufg_I_O)         0.081     4.591 r  Top_i/xdma_0/inst/Top_xdma_0_0_pcie2_to_pcie3_wrapper_i/pcie2_ip_i/inst/inst/gt_top_i/pipe_wrapper_i/pipe_clock_int.pipe_clock_i/userclk2_i1.usrclk2_i1/O
                         net (fo=19707, routed)       1.387     5.978    Top_i/axi_interconnect_1/s00_couplers/auto_cc/inst/gen_clock_conv.gen_async_conv.asyncfifo_axi/inst_fifo_gen/gaxi_full_lite.gread_ch.grdch2.axi_rdch/grf.rf/gntv_or_sync_fifo.gcx.clkx/rd_pntr_cdc_inst/src_clk
    SLICE_X57Y167        FDRE                                         r  Top_i/axi_interconnect_1/s00_couplers/auto_cc/inst/gen_clock_conv.gen_async_conv.asyncfifo_axi/inst_fifo_gen/gaxi_full_lite.gread_ch.grdch2.axi_rdch/grf.rf/gntv_or_sync_fifo.gcx.clkx/rd_pntr_cdc_inst/src_gray_ff_reg[1]/C
  -------------------------------------------------------------------    -------------------
    SLICE_X57Y167        FDRE (Prop_fdre_C_Q)         0.348     6.326 r  Top_i/axi_interconnect_1/s00_couplers/auto_cc/inst/gen_clock_conv.gen_async_conv.asyncfifo_axi/inst_fifo_gen/gaxi_full_lite.gread_ch.grdch2.axi_rdch/grf.rf/gntv_or_sync_fifo.gcx.clkx/rd_pntr_cdc_inst/src_gray_ff_reg[1]/Q
                         net (fo=1, routed)           0.491     6.817    Top_i/axi_interconnect_1/s00_couplers/auto_cc/inst/gen_clock_conv.gen_async_conv.asyncfifo_axi/inst_fifo_gen/gaxi_full_lite.gread_ch.grdch2.axi_rdch/grf.rf/gntv_or_sync_fifo.gcx.clkx/rd_pntr_cdc_inst/async_path[1]
    SLICE_X58Y167        FDRE                                         r  Top_i/axi_interconnect_1/s00_couplers/auto_cc/inst/gen_clock_conv.gen_async_conv.asyncfifo_axi/inst_fifo_gen/gaxi_full_lite.gread_ch.grdch2.axi_rdch/grf.rf/gntv_or_sync_fifo.gcx.clkx/rd_pntr_cdc_inst/dest_graysync_ff_reg[0][1]/D
  -------------------------------------------------------------------    -------------------

                         (clock clk_out1_Top_clk_wiz_1 rise edge)
                                                      0.000     0.000 r  
    IBUFDS_GTE2_X0Y2     IBUFDS_GTE2                  0.000     0.000 r  Top_i/util_ds_buf/U0/USE_IBUFDS_GTE2.GEN_IBUFDS_GTE2[0].IBUFDS_GTE2_I/O
                         net (fo=3, routed)           1.452     1.452    Top_i/clk_wiz/inst/clk_in1
    MMCME2_ADV_X0Y4      MMCME2_ADV (Prop_mmcme2_adv_CLKIN1_CLKOUT0)
                                                     -3.606    -2.154 r  Top_i/clk_wiz/inst/mmcm_adv_inst/CLKOUT0
                         net (fo=1, routed)           1.964    -0.190    Top_i/clk_wiz/inst/clk_out1_Top_clk_wiz_1
    BUFGCTRL_X0Y16       BUFG (Prop_bufg_I_O)         0.077    -0.113 r  Top_i/clk_wiz/inst/clkout1_buf/O
                         net (fo=116625, routed)      1.276     1.163    Top_i/axi_interconnect_1/s00_couplers/auto_cc/inst/gen_clock_conv.gen_async_conv.asyncfifo_axi/inst_fifo_gen/gaxi_full_lite.gread_ch.grdch2.axi_rdch/grf.rf/gntv_or_sync_fifo.gcx.clkx/rd_pntr_cdc_inst/dest_clk
    SLICE_X58Y167        FDRE                                         r  Top_i/axi_interconnect_1/s00_couplers/auto_cc/inst/gen_clock_conv.gen_async_conv.asyncfifo_axi/inst_fifo_gen/gaxi_full_lite.gread_ch.grdch2.axi_rdch/grf.rf/gntv_or_sync_fifo.gcx.clkx/rd_pntr_cdc_inst/dest_graysync_ff_reg[0][1]/C
                         clock pessimism              0.000     1.163    
    SLICE_X58Y167        FDRE (Setup_fdre_C_D)       -0.210     0.953    Top_i/axi_interconnect_1/s00_couplers/auto_cc/inst/gen_clock_conv.gen_async_conv.asyncfifo_axi/inst_fifo_gen/gaxi_full_lite.gread_ch.grdch2.axi_rdch/grf.rf/gntv_or_sync_fifo.gcx.clkx/rd_pntr_cdc_inst/dest_graysync_ff_reg[0][1]
  -------------------------------------------------------------------
                         data arrival                           6.817    
                         clock arrival                          0.953    
  -------------------------------------------------------------------
                         relative delay                         5.864    

Reference path:
    Location             Delay type                Incr(ns)  Path(ns)    Netlist Resource(s)
  -------------------------------------------------------------------    -------------------
                         (clock userclk2 rise edge)
                                                      0.000     0.000 r  
    GTPE2_CHANNEL_X0Y6   GTPE2_CHANNEL                0.000     0.000 r  Top_i/xdma_0/inst/Top_xdma_0_0_pcie2_to_pcie3_wrapper_i/pcie2_ip_i/inst/inst/gt_top_i/pipe_wrapper_i/pipe_lane[0].gt_wrapper_i/gtp_channel.gtpe2_channel_i/TXOUTCLK
                         net (fo=1, routed)           1.216     1.216    Top_i/xdma_0/inst/Top_xdma_0_0_pcie2_to_pcie3_wrapper_i/pcie2_ip_i/inst/inst/gt_top_i/pipe_wrapper_i/pipe_clock_int.pipe_clock_i/txoutclk_i.txoutclk_i_0
    BUFGCTRL_X0Y19       BUFG (Prop_bufg_I_O)         0.077     1.293 r  Top_i/xdma_0/inst/Top_xdma_0_0_pcie2_to_pcie3_wrapper_i/pcie2_ip_i/inst/inst/gt_top_i/pipe_wrapper_i/pipe_clock_int.pipe_clock_i/txoutclk_i.txoutclk_i/O
                         net (fo=1, routed)           1.417     2.710    Top_i/xdma_0/inst/Top_xdma_0_0_pcie2_to_pcie3_wrapper_i/pcie2_ip_i/inst/inst/gt_top_i/pipe_wrapper_i/pipe_clock_int.pipe_clock_i/refclk
    MMCME2_ADV_X0Y2      MMCME2_ADV (Prop_mmcme2_adv_CLKIN1_CLKOUT3)
                                                      0.073     2.783 r  Top_i/xdma_0/inst/Top_xdma_0_0_pcie2_to_pcie3_wrapper_i/pcie2_ip_i/inst/inst/gt_top_i/pipe_wrapper_i/pipe_clock_int.pipe_clock_i/mmcm_i/CLKOUT3
                         net (fo=1, routed)           1.488     4.271    Top_i/xdma_0/inst/Top_xdma_0_0_pcie2_to_pcie3_wrapper_i/pcie2_ip_i/inst/inst/gt_top_i/pipe_wrapper_i/pipe_clock_int.pipe_clock_i/userclk2
    BUFGCTRL_X0Y0        BUFG (Prop_bufg_I_O)         0.077     4.348 r  Top_i/xdma_0/inst/Top_xdma_0_0_pcie2_to_pcie3_wrapper_i/pcie2_ip_i/inst/inst/gt_top_i/pipe_wrapper_i/pipe_clock_int.pipe_clock_i/userclk2_i1.usrclk2_i1/O
                         net (fo=19707, routed)       1.280     5.628    Top_i/axi_interconnect_1/s00_couplers/auto_cc/inst/gen_clock_conv.gen_async_conv.asyncfifo_axi/inst_fifo_gen/gaxi_full_lite.gread_ch.grdch2.axi_rdch/grf.rf/gntv_or_sync_fifo.gcx.clkx/rd_pntr_cdc_inst/src_clk
    SLICE_X57Y167        FDRE                                         r  Top_i/axi_interconnect_1/s00_couplers/auto_cc/inst/gen_clock_conv.gen_async_conv.asyncfifo_axi/inst_fifo_gen/gaxi_full_lite.gread_ch.grdch2.axi_rdch/grf.rf/gntv_or_sync_fifo.gcx.clkx/rd_pntr_cdc_inst/src_gray_ff_reg[0]/C
  -------------------------------------------------------------------    -------------------
    SLICE_X57Y167        FDRE (Prop_fdre_C_Q)         0.304     5.932 r  Top_i/axi_interconnect_1/s00_couplers/auto_cc/inst/gen_clock_conv.gen_async_conv.asyncfifo_axi/inst_fifo_gen/gaxi_full_lite.gread_ch.grdch2.axi_rdch/grf.rf/gntv_or_sync_fifo.gcx.clkx/rd_pntr_cdc_inst/src_gray_ff_reg[0]/Q
                         net (fo=1, routed)           0.214     6.146    Top_i/axi_interconnect_1/s00_couplers/auto_cc/inst/gen_clock_conv.gen_async_conv.asyncfifo_axi/inst_fifo_gen/gaxi_full_lite.gread_ch.grdch2.axi_rdch/grf.rf/gntv_or_sync_fifo.gcx.clkx/rd_pntr_cdc_inst/async_path[0]
    SLICE_X58Y167        FDRE                                         r  Top_i/axi_interconnect_1/s00_couplers/auto_cc/inst/gen_clock_conv.gen_async_conv.asyncfifo_axi/inst_fifo_gen/gaxi_full_lite.gread_ch.grdch2.axi_rdch/grf.rf/gntv_or_sync_fifo.gcx.clkx/rd_pntr_cdc_inst/dest_graysync_ff_reg[0][0]/D
  -------------------------------------------------------------------    -------------------

                         (clock clk_out1_Top_clk_wiz_1 rise edge)
                                                      0.000     0.000 r  
    IBUFDS_GTE2_X0Y2     IBUFDS_GTE2                  0.000     0.000 r  Top_i/util_ds_buf/U0/USE_IBUFDS_GTE2.GEN_IBUFDS_GTE2[0].IBUFDS_GTE2_I/O
                         net (fo=3, routed)           1.638     1.638    Top_i/clk_wiz/inst/clk_in1
    MMCME2_ADV_X0Y4      MMCME2_ADV (Prop_mmcme2_adv_CLKIN1_CLKOUT0)
                                                     -3.816    -2.178 r  Top_i/clk_wiz/inst/mmcm_adv_inst/CLKOUT0
                         net (fo=1, routed)           2.061    -0.117    Top_i/clk_wiz/inst/clk_out1_Top_clk_wiz_1
    BUFGCTRL_X0Y16       BUFG (Prop_bufg_I_O)         0.081    -0.036 r  Top_i/clk_wiz/inst/clkout1_buf/O
                         net (fo=116625, routed)      1.383     1.347    Top_i/axi_interconnect_1/s00_couplers/auto_cc/inst/gen_clock_conv.gen_async_conv.asyncfifo_axi/inst_fifo_gen/gaxi_full_lite.gread_ch.grdch2.axi_rdch/grf.rf/gntv_or_sync_fifo.gcx.clkx/rd_pntr_cdc_inst/dest_clk
    SLICE_X58Y167        FDRE                                         r  Top_i/axi_interconnect_1/s00_couplers/auto_cc/inst/gen_clock_conv.gen_async_conv.asyncfifo_axi/inst_fifo_gen/gaxi_full_lite.gread_ch.grdch2.axi_rdch/grf.rf/gntv_or_sync_fifo.gcx.clkx/rd_pntr_cdc_inst/dest_graysync_ff_reg[0][0]/C
                         clock pessimism              0.000     1.347    
    SLICE_X58Y167        FDRE (Hold_fdre_C_D)         0.136     1.483    Top_i/axi_interconnect_1/s00_couplers/auto_cc/inst/gen_clock_conv.gen_async_conv.asyncfifo_axi/inst_fifo_gen/gaxi_full_lite.gread_ch.grdch2.axi_rdch/grf.rf/gntv_or_sync_fifo.gcx.clkx/rd_pntr_cdc_inst/dest_graysync_ff_reg[0][0]
  -------------------------------------------------------------------
                         data arrival                           6.146    
                         clock arrival                          1.483    
  -------------------------------------------------------------------
                         relative delay                         4.663    



Id: 2
set_bus_skew -from [get_cells [list {Top_i/axi_interconnect_1/s00_couplers/auto_cc/inst/gen_clock_conv.gen_async_conv.asyncfifo_axi/inst_fifo_gen/gaxi_full_lite.gwrite_ch.gwach2.axi_wach/grf.rf/gntv_or_sync_fifo.gcx.clkx/wr_pntr_cdc_inst/src_gray_ff_reg[0]} {Top_i/axi_interconnect_1/s00_couplers/auto_cc/inst/gen_clock_conv.gen_async_conv.asyncfifo_axi/inst_fifo_gen/gaxi_full_lite.gwrite_ch.gwach2.axi_wach/grf.rf/gntv_or_sync_fifo.gcx.clkx/wr_pntr_cdc_inst/src_gray_ff_reg[1]} {Top_i/axi_interconnect_1/s00_couplers/auto_cc/inst/gen_clock_conv.gen_async_conv.asyncfifo_axi/inst_fifo_gen/gaxi_full_lite.gwrite_ch.gwach2.axi_wach/grf.rf/gntv_or_sync_fifo.gcx.clkx/wr_pntr_cdc_inst/src_gray_ff_reg[2]} {Top_i/axi_interconnect_1/s00_couplers/auto_cc/inst/gen_clock_conv.gen_async_conv.asyncfifo_axi/inst_fifo_gen/gaxi_full_lite.gwrite_ch.gwach2.axi_wach/grf.rf/gntv_or_sync_fifo.gcx.clkx/wr_pntr_cdc_inst/src_gray_ff_reg[3]}]] -to [get_cells [list {Top_i/axi_interconnect_1/s00_couplers/auto_cc/inst/gen_clock_conv.gen_async_conv.asyncfifo_axi/inst_fifo_gen/gaxi_full_lite.gwrite_ch.gwach2.axi_wach/grf.rf/gntv_or_sync_fifo.gcx.clkx/wr_pntr_cdc_inst/dest_graysync_ff_reg[0][0]} {Top_i/axi_interconnect_1/s00_couplers/auto_cc/inst/gen_clock_conv.gen_async_conv.asyncfifo_axi/inst_fifo_gen/gaxi_full_lite.gwrite_ch.gwach2.axi_wach/grf.rf/gntv_or_sync_fifo.gcx.clkx/wr_pntr_cdc_inst/dest_graysync_ff_reg[0][1]} {Top_i/axi_interconnect_1/s00_couplers/auto_cc/inst/gen_clock_conv.gen_async_conv.asyncfifo_axi/inst_fifo_gen/gaxi_full_lite.gwrite_ch.gwach2.axi_wach/grf.rf/gntv_or_sync_fifo.gcx.clkx/wr_pntr_cdc_inst/dest_graysync_ff_reg[0][2]} {Top_i/axi_interconnect_1/s00_couplers/auto_cc/inst/gen_clock_conv.gen_async_conv.asyncfifo_axi/inst_fifo_gen/gaxi_full_lite.gwrite_ch.gwach2.axi_wach/grf.rf/gntv_or_sync_fifo.gcx.clkx/wr_pntr_cdc_inst/dest_graysync_ff_reg[0][3]}]] 8.000
Requirement: 8.000ns
Endpoints: 4

From Clock            To Clock              Endpoint Pin                    Reference Pin                   Corner  Actual(ns)  Slack(ns)
--------------------  --------------------  ------------------------------  ------------------------------  ------  ----------  ---------
userclk2              clk_out1_Top_clk_wiz_1
                                            Top_i/axi_interconnect_1/s00_couplers/auto_cc/inst/gen_clock_conv.gen_async_conv.asyncfifo_axi/inst_fifo_gen/gaxi_full_lite.gwrite_ch.gwach2.axi_wach/grf.rf/gntv_or_sync_fifo.gcx.clkx/wr_pntr_cdc_inst/dest_graysync_ff_reg[0][3]/D
                                                                            Top_i/axi_interconnect_1/s00_couplers/auto_cc/inst/gen_clock_conv.gen_async_conv.asyncfifo_axi/inst_fifo_gen/gaxi_full_lite.gwrite_ch.gwach2.axi_wach/grf.rf/gntv_or_sync_fifo.gcx.clkx/wr_pntr_cdc_inst/dest_graysync_ff_reg[0][0]/D
                                                                                                            Slow         0.949      7.051


Slack (MET) :             7.051ns  (requirement - actual skew)
  Endpoint Source:        Top_i/axi_interconnect_1/s00_couplers/auto_cc/inst/gen_clock_conv.gen_async_conv.asyncfifo_axi/inst_fifo_gen/gaxi_full_lite.gwrite_ch.gwach2.axi_wach/grf.rf/gntv_or_sync_fifo.gcx.clkx/wr_pntr_cdc_inst/src_gray_ff_reg[3]/C
                            (rising edge-triggered cell FDRE clocked by userclk2)
  Endpoint Destination:   Top_i/axi_interconnect_1/s00_couplers/auto_cc/inst/gen_clock_conv.gen_async_conv.asyncfifo_axi/inst_fifo_gen/gaxi_full_lite.gwrite_ch.gwach2.axi_wach/grf.rf/gntv_or_sync_fifo.gcx.clkx/wr_pntr_cdc_inst/dest_graysync_ff_reg[0][3]/D
                            (rising edge-triggered cell FDRE clocked by clk_out1_Top_clk_wiz_1)
  Reference Source:       Top_i/axi_interconnect_1/s00_couplers/auto_cc/inst/gen_clock_conv.gen_async_conv.asyncfifo_axi/inst_fifo_gen/gaxi_full_lite.gwrite_ch.gwach2.axi_wach/grf.rf/gntv_or_sync_fifo.gcx.clkx/wr_pntr_cdc_inst/src_gray_ff_reg[0]/C
                            (rising edge-triggered cell FDRE clocked by userclk2)
  Reference Destination:  Top_i/axi_interconnect_1/s00_couplers/auto_cc/inst/gen_clock_conv.gen_async_conv.asyncfifo_axi/inst_fifo_gen/gaxi_full_lite.gwrite_ch.gwach2.axi_wach/grf.rf/gntv_or_sync_fifo.gcx.clkx/wr_pntr_cdc_inst/dest_graysync_ff_reg[0][0]/D
                            (rising edge-triggered cell FDRE clocked by clk_out1_Top_clk_wiz_1)
  Path Type:              Bus Skew (Max at Slow Process Corner)
  Requirement:            8.000ns
  Endpoint Relative Delay:    6.070ns
  Reference Relative Delay:   4.669ns
  Relative CRPR:              0.452ns
  Actual Bus Skew:            0.949ns  (Endpoint Relative Delay - Reference Relative Delay - Relative CRPR)

Endpoint path:
    Location             Delay type                Incr(ns)  Path(ns)    Netlist Resource(s)
  -------------------------------------------------------------------    -------------------
                         (clock userclk2 rise edge)
                                                      0.000     0.000 r  
    GTPE2_CHANNEL_X0Y6   GTPE2_CHANNEL                0.000     0.000 r  Top_i/xdma_0/inst/Top_xdma_0_0_pcie2_to_pcie3_wrapper_i/pcie2_ip_i/inst/inst/gt_top_i/pipe_wrapper_i/pipe_lane[0].gt_wrapper_i/gtp_channel.gtpe2_channel_i/TXOUTCLK
                         net (fo=1, routed)           1.274     1.274    Top_i/xdma_0/inst/Top_xdma_0_0_pcie2_to_pcie3_wrapper_i/pcie2_ip_i/inst/inst/gt_top_i/pipe_wrapper_i/pipe_clock_int.pipe_clock_i/txoutclk_i.txoutclk_i_0
    BUFGCTRL_X0Y19       BUFG (Prop_bufg_I_O)         0.081     1.355 r  Top_i/xdma_0/inst/Top_xdma_0_0_pcie2_to_pcie3_wrapper_i/pcie2_ip_i/inst/inst/gt_top_i/pipe_wrapper_i/pipe_clock_int.pipe_clock_i/txoutclk_i.txoutclk_i/O
                         net (fo=1, routed)           1.520     2.874    Top_i/xdma_0/inst/Top_xdma_0_0_pcie2_to_pcie3_wrapper_i/pcie2_ip_i/inst/inst/gt_top_i/pipe_wrapper_i/pipe_clock_int.pipe_clock_i/refclk
    MMCME2_ADV_X0Y2      MMCME2_ADV (Prop_mmcme2_adv_CLKIN1_CLKOUT3)
                                                      0.077     2.951 r  Top_i/xdma_0/inst/Top_xdma_0_0_pcie2_to_pcie3_wrapper_i/pcie2_ip_i/inst/inst/gt_top_i/pipe_wrapper_i/pipe_clock_int.pipe_clock_i/mmcm_i/CLKOUT3
                         net (fo=1, routed)           1.559     4.510    Top_i/xdma_0/inst/Top_xdma_0_0_pcie2_to_pcie3_wrapper_i/pcie2_ip_i/inst/inst/gt_top_i/pipe_wrapper_i/pipe_clock_int.pipe_clock_i/userclk2
    BUFGCTRL_X0Y0        BUFG (Prop_bufg_I_O)         0.081     4.591 r  Top_i/xdma_0/inst/Top_xdma_0_0_pcie2_to_pcie3_wrapper_i/pcie2_ip_i/inst/inst/gt_top_i/pipe_wrapper_i/pipe_clock_int.pipe_clock_i/userclk2_i1.usrclk2_i1/O
                         net (fo=19707, routed)       1.377     5.968    Top_i/axi_interconnect_1/s00_couplers/auto_cc/inst/gen_clock_conv.gen_async_conv.asyncfifo_axi/inst_fifo_gen/gaxi_full_lite.gwrite_ch.gwach2.axi_wach/grf.rf/gntv_or_sync_fifo.gcx.clkx/wr_pntr_cdc_inst/src_clk
    SLICE_X76Y187        FDRE                                         r  Top_i/axi_interconnect_1/s00_couplers/auto_cc/inst/gen_clock_conv.gen_async_conv.asyncfifo_axi/inst_fifo_gen/gaxi_full_lite.gwrite_ch.gwach2.axi_wach/grf.rf/gntv_or_sync_fifo.gcx.clkx/wr_pntr_cdc_inst/src_gray_ff_reg[3]/C
  -------------------------------------------------------------------    -------------------
    SLICE_X76Y187        FDRE (Prop_fdre_C_Q)         0.433     6.401 r  Top_i/axi_interconnect_1/s00_couplers/auto_cc/inst/gen_clock_conv.gen_async_conv.asyncfifo_axi/inst_fifo_gen/gaxi_full_lite.gwrite_ch.gwach2.axi_wach/grf.rf/gntv_or_sync_fifo.gcx.clkx/wr_pntr_cdc_inst/src_gray_ff_reg[3]/Q
                         net (fo=1, routed)           0.787     7.188    Top_i/axi_interconnect_1/s00_couplers/auto_cc/inst/gen_clock_conv.gen_async_conv.asyncfifo_axi/inst_fifo_gen/gaxi_full_lite.gwrite_ch.gwach2.axi_wach/grf.rf/gntv_or_sync_fifo.gcx.clkx/wr_pntr_cdc_inst/async_path[3]
    SLICE_X76Y184        FDRE                                         r  Top_i/axi_interconnect_1/s00_couplers/auto_cc/inst/gen_clock_conv.gen_async_conv.asyncfifo_axi/inst_fifo_gen/gaxi_full_lite.gwrite_ch.gwach2.axi_wach/grf.rf/gntv_or_sync_fifo.gcx.clkx/wr_pntr_cdc_inst/dest_graysync_ff_reg[0][3]/D
  -------------------------------------------------------------------    -------------------

                         (clock clk_out1_Top_clk_wiz_1 rise edge)
                                                      0.000     0.000 r  
    IBUFDS_GTE2_X0Y2     IBUFDS_GTE2                  0.000     0.000 r  Top_i/util_ds_buf/U0/USE_IBUFDS_GTE2.GEN_IBUFDS_GTE2[0].IBUFDS_GTE2_I/O
                         net (fo=3, routed)           1.452     1.452    Top_i/clk_wiz/inst/clk_in1
    MMCME2_ADV_X0Y4      MMCME2_ADV (Prop_mmcme2_adv_CLKIN1_CLKOUT0)
                                                     -3.606    -2.154 r  Top_i/clk_wiz/inst/mmcm_adv_inst/CLKOUT0
                         net (fo=1, routed)           1.964    -0.190    Top_i/clk_wiz/inst/clk_out1_Top_clk_wiz_1
    BUFGCTRL_X0Y16       BUFG (Prop_bufg_I_O)         0.077    -0.113 r  Top_i/clk_wiz/inst/clkout1_buf/O
                         net (fo=116625, routed)      1.262     1.149    Top_i/axi_interconnect_1/s00_couplers/auto_cc/inst/gen_clock_conv.gen_async_conv.asyncfifo_axi/inst_fifo_gen/gaxi_full_lite.gwrite_ch.gwach2.axi_wach/grf.rf/gntv_or_sync_fifo.gcx.clkx/wr_pntr_cdc_inst/dest_clk
    SLICE_X76Y184        FDRE                                         r  Top_i/axi_interconnect_1/s00_couplers/auto_cc/inst/gen_clock_conv.gen_async_conv.asyncfifo_axi/inst_fifo_gen/gaxi_full_lite.gwrite_ch.gwach2.axi_wach/grf.rf/gntv_or_sync_fifo.gcx.clkx/wr_pntr_cdc_inst/dest_graysync_ff_reg[0][3]/C
                         clock pessimism              0.000     1.149    
    SLICE_X76Y184        FDRE (Setup_fdre_C_D)       -0.031     1.118    Top_i/axi_interconnect_1/s00_couplers/auto_cc/inst/gen_clock_conv.gen_async_conv.asyncfifo_axi/inst_fifo_gen/gaxi_full_lite.gwrite_ch.gwach2.axi_wach/grf.rf/gntv_or_sync_fifo.gcx.clkx/wr_pntr_cdc_inst/dest_graysync_ff_reg[0][3]
  -------------------------------------------------------------------
                         data arrival                           7.188    
                         clock arrival                          1.118    
  -------------------------------------------------------------------
                         relative delay                         6.070    

Reference path:
    Location             Delay type                Incr(ns)  Path(ns)    Netlist Resource(s)
  -------------------------------------------------------------------    -------------------
                         (clock userclk2 rise edge)
                                                      0.000     0.000 r  
    GTPE2_CHANNEL_X0Y6   GTPE2_CHANNEL                0.000     0.000 r  Top_i/xdma_0/inst/Top_xdma_0_0_pcie2_to_pcie3_wrapper_i/pcie2_ip_i/inst/inst/gt_top_i/pipe_wrapper_i/pipe_lane[0].gt_wrapper_i/gtp_channel.gtpe2_channel_i/TXOUTCLK
                         net (fo=1, routed)           1.216     1.216    Top_i/xdma_0/inst/Top_xdma_0_0_pcie2_to_pcie3_wrapper_i/pcie2_ip_i/inst/inst/gt_top_i/pipe_wrapper_i/pipe_clock_int.pipe_clock_i/txoutclk_i.txoutclk_i_0
    BUFGCTRL_X0Y19       BUFG (Prop_bufg_I_O)         0.077     1.293 r  Top_i/xdma_0/inst/Top_xdma_0_0_pcie2_to_pcie3_wrapper_i/pcie2_ip_i/inst/inst/gt_top_i/pipe_wrapper_i/pipe_clock_int.pipe_clock_i/txoutclk_i.txoutclk_i/O
                         net (fo=1, routed)           1.417     2.710    Top_i/xdma_0/inst/Top_xdma_0_0_pcie2_to_pcie3_wrapper_i/pcie2_ip_i/inst/inst/gt_top_i/pipe_wrapper_i/pipe_clock_int.pipe_clock_i/refclk
    MMCME2_ADV_X0Y2      MMCME2_ADV (Prop_mmcme2_adv_CLKIN1_CLKOUT3)
                                                      0.073     2.783 r  Top_i/xdma_0/inst/Top_xdma_0_0_pcie2_to_pcie3_wrapper_i/pcie2_ip_i/inst/inst/gt_top_i/pipe_wrapper_i/pipe_clock_int.pipe_clock_i/mmcm_i/CLKOUT3
                         net (fo=1, routed)           1.488     4.271    Top_i/xdma_0/inst/Top_xdma_0_0_pcie2_to_pcie3_wrapper_i/pcie2_ip_i/inst/inst/gt_top_i/pipe_wrapper_i/pipe_clock_int.pipe_clock_i/userclk2
    BUFGCTRL_X0Y0        BUFG (Prop_bufg_I_O)         0.077     4.348 r  Top_i/xdma_0/inst/Top_xdma_0_0_pcie2_to_pcie3_wrapper_i/pcie2_ip_i/inst/inst/gt_top_i/pipe_wrapper_i/pipe_clock_int.pipe_clock_i/userclk2_i1.usrclk2_i1/O
                         net (fo=19707, routed)       1.251     5.599    Top_i/axi_interconnect_1/s00_couplers/auto_cc/inst/gen_clock_conv.gen_async_conv.asyncfifo_axi/inst_fifo_gen/gaxi_full_lite.gwrite_ch.gwach2.axi_wach/grf.rf/gntv_or_sync_fifo.gcx.clkx/wr_pntr_cdc_inst/src_clk
    SLICE_X83Y183        FDRE                                         r  Top_i/axi_interconnect_1/s00_couplers/auto_cc/inst/gen_clock_conv.gen_async_conv.asyncfifo_axi/inst_fifo_gen/gaxi_full_lite.gwrite_ch.gwach2.axi_wach/grf.rf/gntv_or_sync_fifo.gcx.clkx/wr_pntr_cdc_inst/src_gray_ff_reg[0]/C
  -------------------------------------------------------------------    -------------------
    SLICE_X83Y183        FDRE (Prop_fdre_C_Q)         0.304     5.903 r  Top_i/axi_interconnect_1/s00_couplers/auto_cc/inst/gen_clock_conv.gen_async_conv.asyncfifo_axi/inst_fifo_gen/gaxi_full_lite.gwrite_ch.gwach2.axi_wach/grf.rf/gntv_or_sync_fifo.gcx.clkx/wr_pntr_cdc_inst/src_gray_ff_reg[0]/Q
                         net (fo=1, routed)           0.222     6.125    Top_i/axi_interconnect_1/s00_couplers/auto_cc/inst/gen_clock_conv.gen_async_conv.asyncfifo_axi/inst_fifo_gen/gaxi_full_lite.gwrite_ch.gwach2.axi_wach/grf.rf/gntv_or_sync_fifo.gcx.clkx/wr_pntr_cdc_inst/async_path[0]
    SLICE_X82Y183        FDRE                                         r  Top_i/axi_interconnect_1/s00_couplers/auto_cc/inst/gen_clock_conv.gen_async_conv.asyncfifo_axi/inst_fifo_gen/gaxi_full_lite.gwrite_ch.gwach2.axi_wach/grf.rf/gntv_or_sync_fifo.gcx.clkx/wr_pntr_cdc_inst/dest_graysync_ff_reg[0][0]/D
  -------------------------------------------------------------------    -------------------

                         (clock clk_out1_Top_clk_wiz_1 rise edge)
                                                      0.000     0.000 r  
    IBUFDS_GTE2_X0Y2     IBUFDS_GTE2                  0.000     0.000 r  Top_i/util_ds_buf/U0/USE_IBUFDS_GTE2.GEN_IBUFDS_GTE2[0].IBUFDS_GTE2_I/O
                         net (fo=3, routed)           1.638     1.638    Top_i/clk_wiz/inst/clk_in1
    MMCME2_ADV_X0Y4      MMCME2_ADV (Prop_mmcme2_adv_CLKIN1_CLKOUT0)
                                                     -3.816    -2.178 r  Top_i/clk_wiz/inst/mmcm_adv_inst/CLKOUT0
                         net (fo=1, routed)           2.061    -0.117    Top_i/clk_wiz/inst/clk_out1_Top_clk_wiz_1
    BUFGCTRL_X0Y16       BUFG (Prop_bufg_I_O)         0.081    -0.036 r  Top_i/clk_wiz/inst/clkout1_buf/O
                         net (fo=116625, routed)      1.355     1.319    Top_i/axi_interconnect_1/s00_couplers/auto_cc/inst/gen_clock_conv.gen_async_conv.asyncfifo_axi/inst_fifo_gen/gaxi_full_lite.gwrite_ch.gwach2.axi_wach/grf.rf/gntv_or_sync_fifo.gcx.clkx/wr_pntr_cdc_inst/dest_clk
    SLICE_X82Y183        FDRE                                         r  Top_i/axi_interconnect_1/s00_couplers/auto_cc/inst/gen_clock_conv.gen_async_conv.asyncfifo_axi/inst_fifo_gen/gaxi_full_lite.gwrite_ch.gwach2.axi_wach/grf.rf/gntv_or_sync_fifo.gcx.clkx/wr_pntr_cdc_inst/dest_graysync_ff_reg[0][0]/C
                         clock pessimism              0.000     1.319    
    SLICE_X82Y183        FDRE (Hold_fdre_C_D)         0.136     1.455    Top_i/axi_interconnect_1/s00_couplers/auto_cc/inst/gen_clock_conv.gen_async_conv.asyncfifo_axi/inst_fifo_gen/gaxi_full_lite.gwrite_ch.gwach2.axi_wach/grf.rf/gntv_or_sync_fifo.gcx.clkx/wr_pntr_cdc_inst/dest_graysync_ff_reg[0][0]
  -------------------------------------------------------------------
                         data arrival                           6.125    
                         clock arrival                          1.455    
  -------------------------------------------------------------------
                         relative delay                         4.669    



Id: 3
set_bus_skew -from [get_cells [list {Top_i/axi_interconnect_1/s00_couplers/auto_cc/inst/gen_clock_conv.gen_async_conv.asyncfifo_axi/inst_fifo_gen/gaxi_full_lite.gwrite_ch.gwach2.axi_wach/grf.rf/gntv_or_sync_fifo.gcx.clkx/rd_pntr_cdc_inst/src_gray_ff_reg[0]} {Top_i/axi_interconnect_1/s00_couplers/auto_cc/inst/gen_clock_conv.gen_async_conv.asyncfifo_axi/inst_fifo_gen/gaxi_full_lite.gwrite_ch.gwach2.axi_wach/grf.rf/gntv_or_sync_fifo.gcx.clkx/rd_pntr_cdc_inst/src_gray_ff_reg[1]} {Top_i/axi_interconnect_1/s00_couplers/auto_cc/inst/gen_clock_conv.gen_async_conv.asyncfifo_axi/inst_fifo_gen/gaxi_full_lite.gwrite_ch.gwach2.axi_wach/grf.rf/gntv_or_sync_fifo.gcx.clkx/rd_pntr_cdc_inst/src_gray_ff_reg[2]} {Top_i/axi_interconnect_1/s00_couplers/auto_cc/inst/gen_clock_conv.gen_async_conv.asyncfifo_axi/inst_fifo_gen/gaxi_full_lite.gwrite_ch.gwach2.axi_wach/grf.rf/gntv_or_sync_fifo.gcx.clkx/rd_pntr_cdc_inst/src_gray_ff_reg[3]}]] -to [get_cells [list {Top_i/axi_interconnect_1/s00_couplers/auto_cc/inst/gen_clock_conv.gen_async_conv.asyncfifo_axi/inst_fifo_gen/gaxi_full_lite.gwrite_ch.gwach2.axi_wach/grf.rf/gntv_or_sync_fifo.gcx.clkx/rd_pntr_cdc_inst/dest_graysync_ff_reg[0][0]} {Top_i/axi_interconnect_1/s00_couplers/auto_cc/inst/gen_clock_conv.gen_async_conv.asyncfifo_axi/inst_fifo_gen/gaxi_full_lite.gwrite_ch.gwach2.axi_wach/grf.rf/gntv_or_sync_fifo.gcx.clkx/rd_pntr_cdc_inst/dest_graysync_ff_reg[0][1]} {Top_i/axi_interconnect_1/s00_couplers/auto_cc/inst/gen_clock_conv.gen_async_conv.asyncfifo_axi/inst_fifo_gen/gaxi_full_lite.gwrite_ch.gwach2.axi_wach/grf.rf/gntv_or_sync_fifo.gcx.clkx/rd_pntr_cdc_inst/dest_graysync_ff_reg[0][2]} {Top_i/axi_interconnect_1/s00_couplers/auto_cc/inst/gen_clock_conv.gen_async_conv.asyncfifo_axi/inst_fifo_gen/gaxi_full_lite.gwrite_ch.gwach2.axi_wach/grf.rf/gntv_or_sync_fifo.gcx.clkx/rd_pntr_cdc_inst/dest_graysync_ff_reg[0][3]}]] 8.000
Requirement: 8.000ns
Endpoints: 4

From Clock            To Clock              Endpoint Pin                    Reference Pin                   Corner  Actual(ns)  Slack(ns)
--------------------  --------------------  ------------------------------  ------------------------------  ------  ----------  ---------
clk_out1_Top_clk_wiz_1
                      userclk2              Top_i/axi_interconnect_1/s00_couplers/auto_cc/inst/gen_clock_conv.gen_async_conv.asyncfifo_axi/inst_fifo_gen/gaxi_full_lite.gwrite_ch.gwach2.axi_wach/grf.rf/gntv_or_sync_fifo.gcx.clkx/rd_pntr_cdc_inst/dest_graysync_ff_reg[0][2]/D
                                                                            Top_i/axi_interconnect_1/s00_couplers/auto_cc/inst/gen_clock_conv.gen_async_conv.asyncfifo_axi/inst_fifo_gen/gaxi_full_lite.gwrite_ch.gwach2.axi_wach/grf.rf/gntv_or_sync_fifo.gcx.clkx/rd_pntr_cdc_inst/dest_graysync_ff_reg[0][0]/D
                                                                                                            Slow         0.748      7.252


Slack (MET) :             7.252ns  (requirement - actual skew)
  Endpoint Source:        Top_i/axi_interconnect_1/s00_couplers/auto_cc/inst/gen_clock_conv.gen_async_conv.asyncfifo_axi/inst_fifo_gen/gaxi_full_lite.gwrite_ch.gwach2.axi_wach/grf.rf/gntv_or_sync_fifo.gcx.clkx/rd_pntr_cdc_inst/src_gray_ff_reg[2]/C
                            (rising edge-triggered cell FDRE clocked by clk_out1_Top_clk_wiz_1)
  Endpoint Destination:   Top_i/axi_interconnect_1/s00_couplers/auto_cc/inst/gen_clock_conv.gen_async_conv.asyncfifo_axi/inst_fifo_gen/gaxi_full_lite.gwrite_ch.gwach2.axi_wach/grf.rf/gntv_or_sync_fifo.gcx.clkx/rd_pntr_cdc_inst/dest_graysync_ff_reg[0][2]/D
                            (rising edge-triggered cell FDRE clocked by userclk2)
  Reference Source:       Top_i/axi_interconnect_1/s00_couplers/auto_cc/inst/gen_clock_conv.gen_async_conv.asyncfifo_axi/inst_fifo_gen/gaxi_full_lite.gwrite_ch.gwach2.axi_wach/grf.rf/gntv_or_sync_fifo.gcx.clkx/rd_pntr_cdc_inst/src_gray_ff_reg[0]/C
                            (rising edge-triggered cell FDRE clocked by clk_out1_Top_clk_wiz_1)
  Reference Destination:  Top_i/axi_interconnect_1/s00_couplers/auto_cc/inst/gen_clock_conv.gen_async_conv.asyncfifo_axi/inst_fifo_gen/gaxi_full_lite.gwrite_ch.gwach2.axi_wach/grf.rf/gntv_or_sync_fifo.gcx.clkx/rd_pntr_cdc_inst/dest_graysync_ff_reg[0][0]/D
                            (rising edge-triggered cell FDRE clocked by userclk2)
  Path Type:              Bus Skew (Max at Slow Process Corner)
  Requirement:            8.000ns
  Endpoint Relative Delay:   -3.165ns
  Reference Relative Delay:  -4.381ns
  Relative CRPR:              0.468ns
  Actual Bus Skew:            0.748ns  (Endpoint Relative Delay - Reference Relative Delay - Relative CRPR)

Endpoint path:
    Location             Delay type                Incr(ns)  Path(ns)    Netlist Resource(s)
  -------------------------------------------------------------------    -------------------
                         (clock clk_out1_Top_clk_wiz_1 rise edge)
                                                      0.000     0.000 r  
    IBUFDS_GTE2_X0Y2     IBUFDS_GTE2                  0.000     0.000 r  Top_i/util_ds_buf/U0/USE_IBUFDS_GTE2.GEN_IBUFDS_GTE2[0].IBUFDS_GTE2_I/O
                         net (fo=3, routed)           1.638     1.638    Top_i/clk_wiz/inst/clk_in1
    MMCME2_ADV_X0Y4      MMCME2_ADV (Prop_mmcme2_adv_CLKIN1_CLKOUT0)
                                                     -3.816    -2.178 r  Top_i/clk_wiz/inst/mmcm_adv_inst/CLKOUT0
                         net (fo=1, routed)           2.061    -0.117    Top_i/clk_wiz/inst/clk_out1_Top_clk_wiz_1
    BUFGCTRL_X0Y16       BUFG (Prop_bufg_I_O)         0.081    -0.036 r  Top_i/clk_wiz/inst/clkout1_buf/O
                         net (fo=116625, routed)      1.357     1.321    Top_i/axi_interconnect_1/s00_couplers/auto_cc/inst/gen_clock_conv.gen_async_conv.asyncfifo_axi/inst_fifo_gen/gaxi_full_lite.gwrite_ch.gwach2.axi_wach/grf.rf/gntv_or_sync_fifo.gcx.clkx/rd_pntr_cdc_inst/src_clk
    SLICE_X82Y185        FDRE                                         r  Top_i/axi_interconnect_1/s00_couplers/auto_cc/inst/gen_clock_conv.gen_async_conv.asyncfifo_axi/inst_fifo_gen/gaxi_full_lite.gwrite_ch.gwach2.axi_wach/grf.rf/gntv_or_sync_fifo.gcx.clkx/rd_pntr_cdc_inst/src_gray_ff_reg[2]/C
  -------------------------------------------------------------------    -------------------
    SLICE_X82Y185        FDRE (Prop_fdre_C_Q)         0.379     1.700 r  Top_i/axi_interconnect_1/s00_couplers/auto_cc/inst/gen_clock_conv.gen_async_conv.asyncfifo_axi/inst_fifo_gen/gaxi_full_lite.gwrite_ch.gwach2.axi_wach/grf.rf/gntv_or_sync_fifo.gcx.clkx/rd_pntr_cdc_inst/src_gray_ff_reg[2]/Q
                         net (fo=1, routed)           0.661     2.362    Top_i/axi_interconnect_1/s00_couplers/auto_cc/inst/gen_clock_conv.gen_async_conv.asyncfifo_axi/inst_fifo_gen/gaxi_full_lite.gwrite_ch.gwach2.axi_wach/grf.rf/gntv_or_sync_fifo.gcx.clkx/rd_pntr_cdc_inst/async_path[2]
    SLICE_X83Y186        FDRE                                         r  Top_i/axi_interconnect_1/s00_couplers/auto_cc/inst/gen_clock_conv.gen_async_conv.asyncfifo_axi/inst_fifo_gen/gaxi_full_lite.gwrite_ch.gwach2.axi_wach/grf.rf/gntv_or_sync_fifo.gcx.clkx/rd_pntr_cdc_inst/dest_graysync_ff_reg[0][2]/D
  -------------------------------------------------------------------    -------------------

                         (clock userclk2 rise edge)
                                                      0.000     0.000 r  
    GTPE2_CHANNEL_X0Y6   GTPE2_CHANNEL                0.000     0.000 r  Top_i/xdma_0/inst/Top_xdma_0_0_pcie2_to_pcie3_wrapper_i/pcie2_ip_i/inst/inst/gt_top_i/pipe_wrapper_i/pipe_lane[0].gt_wrapper_i/gtp_channel.gtpe2_channel_i/TXOUTCLK
                         net (fo=1, routed)           1.216     1.216    Top_i/xdma_0/inst/Top_xdma_0_0_pcie2_to_pcie3_wrapper_i/pcie2_ip_i/inst/inst/gt_top_i/pipe_wrapper_i/pipe_clock_int.pipe_clock_i/txoutclk_i.txoutclk_i_0
    BUFGCTRL_X0Y19       BUFG (Prop_bufg_I_O)         0.077     1.293 r  Top_i/xdma_0/inst/Top_xdma_0_0_pcie2_to_pcie3_wrapper_i/pcie2_ip_i/inst/inst/gt_top_i/pipe_wrapper_i/pipe_clock_int.pipe_clock_i/txoutclk_i.txoutclk_i/O
                         net (fo=1, routed)           1.417     2.710    Top_i/xdma_0/inst/Top_xdma_0_0_pcie2_to_pcie3_wrapper_i/pcie2_ip_i/inst/inst/gt_top_i/pipe_wrapper_i/pipe_clock_int.pipe_clock_i/refclk
    MMCME2_ADV_X0Y2      MMCME2_ADV (Prop_mmcme2_adv_CLKIN1_CLKOUT3)
                                                      0.073     2.783 r  Top_i/xdma_0/inst/Top_xdma_0_0_pcie2_to_pcie3_wrapper_i/pcie2_ip_i/inst/inst/gt_top_i/pipe_wrapper_i/pipe_clock_int.pipe_clock_i/mmcm_i/CLKOUT3
                         net (fo=1, routed)           1.488     4.271    Top_i/xdma_0/inst/Top_xdma_0_0_pcie2_to_pcie3_wrapper_i/pcie2_ip_i/inst/inst/gt_top_i/pipe_wrapper_i/pipe_clock_int.pipe_clock_i/userclk2
    BUFGCTRL_X0Y0        BUFG (Prop_bufg_I_O)         0.077     4.348 r  Top_i/xdma_0/inst/Top_xdma_0_0_pcie2_to_pcie3_wrapper_i/pcie2_ip_i/inst/inst/gt_top_i/pipe_wrapper_i/pipe_clock_int.pipe_clock_i/userclk2_i1.usrclk2_i1/O
                         net (fo=19707, routed)       1.253     5.601    Top_i/axi_interconnect_1/s00_couplers/auto_cc/inst/gen_clock_conv.gen_async_conv.asyncfifo_axi/inst_fifo_gen/gaxi_full_lite.gwrite_ch.gwach2.axi_wach/grf.rf/gntv_or_sync_fifo.gcx.clkx/rd_pntr_cdc_inst/dest_clk
    SLICE_X83Y186        FDRE                                         r  Top_i/axi_interconnect_1/s00_couplers/auto_cc/inst/gen_clock_conv.gen_async_conv.asyncfifo_axi/inst_fifo_gen/gaxi_full_lite.gwrite_ch.gwach2.axi_wach/grf.rf/gntv_or_sync_fifo.gcx.clkx/rd_pntr_cdc_inst/dest_graysync_ff_reg[0][2]/C
                         clock pessimism              0.000     5.601    
    SLICE_X83Y186        FDRE (Setup_fdre_C_D)       -0.074     5.527    Top_i/axi_interconnect_1/s00_couplers/auto_cc/inst/gen_clock_conv.gen_async_conv.asyncfifo_axi/inst_fifo_gen/gaxi_full_lite.gwrite_ch.gwach2.axi_wach/grf.rf/gntv_or_sync_fifo.gcx.clkx/rd_pntr_cdc_inst/dest_graysync_ff_reg[0][2]
  -------------------------------------------------------------------
                         data arrival                           2.362    
                         clock arrival                          5.527    
  -------------------------------------------------------------------
                         relative delay                        -3.165    

Reference path:
    Location             Delay type                Incr(ns)  Path(ns)    Netlist Resource(s)
  -------------------------------------------------------------------    -------------------
                         (clock clk_out1_Top_clk_wiz_1 rise edge)
                                                      0.000     0.000 r  
    IBUFDS_GTE2_X0Y2     IBUFDS_GTE2                  0.000     0.000 r  Top_i/util_ds_buf/U0/USE_IBUFDS_GTE2.GEN_IBUFDS_GTE2[0].IBUFDS_GTE2_I/O
                         net (fo=3, routed)           1.452     1.452    Top_i/clk_wiz/inst/clk_in1
    MMCME2_ADV_X0Y4      MMCME2_ADV (Prop_mmcme2_adv_CLKIN1_CLKOUT0)
                                                     -3.606    -2.154 r  Top_i/clk_wiz/inst/mmcm_adv_inst/CLKOUT0
                         net (fo=1, routed)           1.964    -0.190    Top_i/clk_wiz/inst/clk_out1_Top_clk_wiz_1
    BUFGCTRL_X0Y16       BUFG (Prop_bufg_I_O)         0.077    -0.113 r  Top_i/clk_wiz/inst/clkout1_buf/O
                         net (fo=116625, routed)      1.254     1.141    Top_i/axi_interconnect_1/s00_couplers/auto_cc/inst/gen_clock_conv.gen_async_conv.asyncfifo_axi/inst_fifo_gen/gaxi_full_lite.gwrite_ch.gwach2.axi_wach/grf.rf/gntv_or_sync_fifo.gcx.clkx/rd_pntr_cdc_inst/src_clk
    SLICE_X80Y184        FDRE                                         r  Top_i/axi_interconnect_1/s00_couplers/auto_cc/inst/gen_clock_conv.gen_async_conv.asyncfifo_axi/inst_fifo_gen/gaxi_full_lite.gwrite_ch.gwach2.axi_wach/grf.rf/gntv_or_sync_fifo.gcx.clkx/rd_pntr_cdc_inst/src_gray_ff_reg[0]/C
  -------------------------------------------------------------------    -------------------
    SLICE_X80Y184        FDRE (Prop_fdre_C_Q)         0.347     1.488 r  Top_i/axi_interconnect_1/s00_couplers/auto_cc/inst/gen_clock_conv.gen_async_conv.asyncfifo_axi/inst_fifo_gen/gaxi_full_lite.gwrite_ch.gwach2.axi_wach/grf.rf/gntv_or_sync_fifo.gcx.clkx/rd_pntr_cdc_inst/src_gray_ff_reg[0]/Q
                         net (fo=1, routed)           0.218     1.706    Top_i/axi_interconnect_1/s00_couplers/auto_cc/inst/gen_clock_conv.gen_async_conv.asyncfifo_axi/inst_fifo_gen/gaxi_full_lite.gwrite_ch.gwach2.axi_wach/grf.rf/gntv_or_sync_fifo.gcx.clkx/rd_pntr_cdc_inst/async_path[0]
    SLICE_X83Y185        FDRE                                         r  Top_i/axi_interconnect_1/s00_couplers/auto_cc/inst/gen_clock_conv.gen_async_conv.asyncfifo_axi/inst_fifo_gen/gaxi_full_lite.gwrite_ch.gwach2.axi_wach/grf.rf/gntv_or_sync_fifo.gcx.clkx/rd_pntr_cdc_inst/dest_graysync_ff_reg[0][0]/D
  -------------------------------------------------------------------    -------------------

                         (clock userclk2 rise edge)
                                                      0.000     0.000 r  
    GTPE2_CHANNEL_X0Y6   GTPE2_CHANNEL                0.000     0.000 r  Top_i/xdma_0/inst/Top_xdma_0_0_pcie2_to_pcie3_wrapper_i/pcie2_ip_i/inst/inst/gt_top_i/pipe_wrapper_i/pipe_lane[0].gt_wrapper_i/gtp_channel.gtpe2_channel_i/TXOUTCLK
                         net (fo=1, routed)           1.274     1.274    Top_i/xdma_0/inst/Top_xdma_0_0_pcie2_to_pcie3_wrapper_i/pcie2_ip_i/inst/inst/gt_top_i/pipe_wrapper_i/pipe_clock_int.pipe_clock_i/txoutclk_i.txoutclk_i_0
    BUFGCTRL_X0Y19       BUFG (Prop_bufg_I_O)         0.081     1.355 r  Top_i/xdma_0/inst/Top_xdma_0_0_pcie2_to_pcie3_wrapper_i/pcie2_ip_i/inst/inst/gt_top_i/pipe_wrapper_i/pipe_clock_int.pipe_clock_i/txoutclk_i.txoutclk_i/O
                         net (fo=1, routed)           1.520     2.874    Top_i/xdma_0/inst/Top_xdma_0_0_pcie2_to_pcie3_wrapper_i/pcie2_ip_i/inst/inst/gt_top_i/pipe_wrapper_i/pipe_clock_int.pipe_clock_i/refclk
    MMCME2_ADV_X0Y2      MMCME2_ADV (Prop_mmcme2_adv_CLKIN1_CLKOUT3)
                                                      0.077     2.951 r  Top_i/xdma_0/inst/Top_xdma_0_0_pcie2_to_pcie3_wrapper_i/pcie2_ip_i/inst/inst/gt_top_i/pipe_wrapper_i/pipe_clock_int.pipe_clock_i/mmcm_i/CLKOUT3
                         net (fo=1, routed)           1.559     4.510    Top_i/xdma_0/inst/Top_xdma_0_0_pcie2_to_pcie3_wrapper_i/pcie2_ip_i/inst/inst/gt_top_i/pipe_wrapper_i/pipe_clock_int.pipe_clock_i/userclk2
    BUFGCTRL_X0Y0        BUFG (Prop_bufg_I_O)         0.081     4.591 r  Top_i/xdma_0/inst/Top_xdma_0_0_pcie2_to_pcie3_wrapper_i/pcie2_ip_i/inst/inst/gt_top_i/pipe_wrapper_i/pipe_clock_int.pipe_clock_i/userclk2_i1.usrclk2_i1/O
                         net (fo=19707, routed)       1.360     5.951    Top_i/axi_interconnect_1/s00_couplers/auto_cc/inst/gen_clock_conv.gen_async_conv.asyncfifo_axi/inst_fifo_gen/gaxi_full_lite.gwrite_ch.gwach2.axi_wach/grf.rf/gntv_or_sync_fifo.gcx.clkx/rd_pntr_cdc_inst/dest_clk
    SLICE_X83Y185        FDRE                                         r  Top_i/axi_interconnect_1/s00_couplers/auto_cc/inst/gen_clock_conv.gen_async_conv.asyncfifo_axi/inst_fifo_gen/gaxi_full_lite.gwrite_ch.gwach2.axi_wach/grf.rf/gntv_or_sync_fifo.gcx.clkx/rd_pntr_cdc_inst/dest_graysync_ff_reg[0][0]/C
                         clock pessimism              0.000     5.951    
    SLICE_X83Y185        FDRE (Hold_fdre_C_D)         0.136     6.087    Top_i/axi_interconnect_1/s00_couplers/auto_cc/inst/gen_clock_conv.gen_async_conv.asyncfifo_axi/inst_fifo_gen/gaxi_full_lite.gwrite_ch.gwach2.axi_wach/grf.rf/gntv_or_sync_fifo.gcx.clkx/rd_pntr_cdc_inst/dest_graysync_ff_reg[0][0]
  -------------------------------------------------------------------
                         data arrival                           1.706    
                         clock arrival                          6.087    
  -------------------------------------------------------------------
                         relative delay                        -4.381    



Id: 4
set_bus_skew -from [get_cells [list {Top_i/axi_interconnect_1/s00_couplers/auto_cc/inst/gen_clock_conv.gen_async_conv.asyncfifo_axi/inst_fifo_gen/gaxi_full_lite.gwrite_ch.gwdch2.axi_wdch/grf.rf/gntv_or_sync_fifo.gcx.clkx/wr_pntr_cdc_inst/src_gray_ff_reg[0]} {Top_i/axi_interconnect_1/s00_couplers/auto_cc/inst/gen_clock_conv.gen_async_conv.asyncfifo_axi/inst_fifo_gen/gaxi_full_lite.gwrite_ch.gwdch2.axi_wdch/grf.rf/gntv_or_sync_fifo.gcx.clkx/wr_pntr_cdc_inst/src_gray_ff_reg[1]} {Top_i/axi_interconnect_1/s00_couplers/auto_cc/inst/gen_clock_conv.gen_async_conv.asyncfifo_axi/inst_fifo_gen/gaxi_full_lite.gwrite_ch.gwdch2.axi_wdch/grf.rf/gntv_or_sync_fifo.gcx.clkx/wr_pntr_cdc_inst/src_gray_ff_reg[2]} {Top_i/axi_interconnect_1/s00_couplers/auto_cc/inst/gen_clock_conv.gen_async_conv.asyncfifo_axi/inst_fifo_gen/gaxi_full_lite.gwrite_ch.gwdch2.axi_wdch/grf.rf/gntv_or_sync_fifo.gcx.clkx/wr_pntr_cdc_inst/src_gray_ff_reg[3]}]] -to [get_cells [list {Top_i/axi_interconnect_1/s00_couplers/auto_cc/inst/gen_clock_conv.gen_async_conv.asyncfifo_axi/inst_fifo_gen/gaxi_full_lite.gwrite_ch.gwdch2.axi_wdch/grf.rf/gntv_or_sync_fifo.gcx.clkx/wr_pntr_cdc_inst/dest_graysync_ff_reg[0][0]} {Top_i/axi_interconnect_1/s00_couplers/auto_cc/inst/gen_clock_conv.gen_async_conv.asyncfifo_axi/inst_fifo_gen/gaxi_full_lite.gwrite_ch.gwdch2.axi_wdch/grf.rf/gntv_or_sync_fifo.gcx.clkx/wr_pntr_cdc_inst/dest_graysync_ff_reg[0][1]} {Top_i/axi_interconnect_1/s00_couplers/auto_cc/inst/gen_clock_conv.gen_async_conv.asyncfifo_axi/inst_fifo_gen/gaxi_full_lite.gwrite_ch.gwdch2.axi_wdch/grf.rf/gntv_or_sync_fifo.gcx.clkx/wr_pntr_cdc_inst/dest_graysync_ff_reg[0][2]} {Top_i/axi_interconnect_1/s00_couplers/auto_cc/inst/gen_clock_conv.gen_async_conv.asyncfifo_axi/inst_fifo_gen/gaxi_full_lite.gwrite_ch.gwdch2.axi_wdch/grf.rf/gntv_or_sync_fifo.gcx.clkx/wr_pntr_cdc_inst/dest_graysync_ff_reg[0][3]}]] 8.000
Requirement: 8.000ns
Endpoints: 4

From Clock            To Clock              Endpoint Pin                    Reference Pin                   Corner  Actual(ns)  Slack(ns)
--------------------  --------------------  ------------------------------  ------------------------------  ------  ----------  ---------
userclk2              clk_out1_Top_clk_wiz_1
                                            Top_i/axi_interconnect_1/s00_couplers/auto_cc/inst/gen_clock_conv.gen_async_conv.asyncfifo_axi/inst_fifo_gen/gaxi_full_lite.gwrite_ch.gwdch2.axi_wdch/grf.rf/gntv_or_sync_fifo.gcx.clkx/wr_pntr_cdc_inst/dest_graysync_ff_reg[0][2]/D
                                                                            Top_i/axi_interconnect_1/s00_couplers/auto_cc/inst/gen_clock_conv.gen_async_conv.asyncfifo_axi/inst_fifo_gen/gaxi_full_lite.gwrite_ch.gwdch2.axi_wdch/grf.rf/gntv_or_sync_fifo.gcx.clkx/wr_pntr_cdc_inst/dest_graysync_ff_reg[0][3]/D
                                                                                                            Slow         0.530      7.470


Slack (MET) :             7.470ns  (requirement - actual skew)
  Endpoint Source:        Top_i/axi_interconnect_1/s00_couplers/auto_cc/inst/gen_clock_conv.gen_async_conv.asyncfifo_axi/inst_fifo_gen/gaxi_full_lite.gwrite_ch.gwdch2.axi_wdch/grf.rf/gntv_or_sync_fifo.gcx.clkx/wr_pntr_cdc_inst/src_gray_ff_reg[2]/C
                            (rising edge-triggered cell FDRE clocked by userclk2)
  Endpoint Destination:   Top_i/axi_interconnect_1/s00_couplers/auto_cc/inst/gen_clock_conv.gen_async_conv.asyncfifo_axi/inst_fifo_gen/gaxi_full_lite.gwrite_ch.gwdch2.axi_wdch/grf.rf/gntv_or_sync_fifo.gcx.clkx/wr_pntr_cdc_inst/dest_graysync_ff_reg[0][2]/D
                            (rising edge-triggered cell FDRE clocked by clk_out1_Top_clk_wiz_1)
  Reference Source:       Top_i/axi_interconnect_1/s00_couplers/auto_cc/inst/gen_clock_conv.gen_async_conv.asyncfifo_axi/inst_fifo_gen/gaxi_full_lite.gwrite_ch.gwdch2.axi_wdch/grf.rf/gntv_or_sync_fifo.gcx.clkx/wr_pntr_cdc_inst/src_gray_ff_reg[3]/C
                            (rising edge-triggered cell FDRE clocked by userclk2)
  Reference Destination:  Top_i/axi_interconnect_1/s00_couplers/auto_cc/inst/gen_clock_conv.gen_async_conv.asyncfifo_axi/inst_fifo_gen/gaxi_full_lite.gwrite_ch.gwdch2.axi_wdch/grf.rf/gntv_or_sync_fifo.gcx.clkx/wr_pntr_cdc_inst/dest_graysync_ff_reg[0][3]/D
                            (rising edge-triggered cell FDRE clocked by clk_out1_Top_clk_wiz_1)
  Path Type:              Bus Skew (Max at Slow Process Corner)
  Requirement:            8.000ns
  Endpoint Relative Delay:    5.714ns
  Reference Relative Delay:   4.732ns
  Relative CRPR:              0.452ns
  Actual Bus Skew:            0.530ns  (Endpoint Relative Delay - Reference Relative Delay - Relative CRPR)

Endpoint path:
    Location             Delay type                Incr(ns)  Path(ns)    Netlist Resource(s)
  -------------------------------------------------------------------    -------------------
                         (clock userclk2 rise edge)
                                                      0.000     0.000 r  
    GTPE2_CHANNEL_X0Y6   GTPE2_CHANNEL                0.000     0.000 r  Top_i/xdma_0/inst/Top_xdma_0_0_pcie2_to_pcie3_wrapper_i/pcie2_ip_i/inst/inst/gt_top_i/pipe_wrapper_i/pipe_lane[0].gt_wrapper_i/gtp_channel.gtpe2_channel_i/TXOUTCLK
                         net (fo=1, routed)           1.274     1.274    Top_i/xdma_0/inst/Top_xdma_0_0_pcie2_to_pcie3_wrapper_i/pcie2_ip_i/inst/inst/gt_top_i/pipe_wrapper_i/pipe_clock_int.pipe_clock_i/txoutclk_i.txoutclk_i_0
    BUFGCTRL_X0Y19       BUFG (Prop_bufg_I_O)         0.081     1.355 r  Top_i/xdma_0/inst/Top_xdma_0_0_pcie2_to_pcie3_wrapper_i/pcie2_ip_i/inst/inst/gt_top_i/pipe_wrapper_i/pipe_clock_int.pipe_clock_i/txoutclk_i.txoutclk_i/O
                         net (fo=1, routed)           1.520     2.874    Top_i/xdma_0/inst/Top_xdma_0_0_pcie2_to_pcie3_wrapper_i/pcie2_ip_i/inst/inst/gt_top_i/pipe_wrapper_i/pipe_clock_int.pipe_clock_i/refclk
    MMCME2_ADV_X0Y2      MMCME2_ADV (Prop_mmcme2_adv_CLKIN1_CLKOUT3)
                                                      0.077     2.951 r  Top_i/xdma_0/inst/Top_xdma_0_0_pcie2_to_pcie3_wrapper_i/pcie2_ip_i/inst/inst/gt_top_i/pipe_wrapper_i/pipe_clock_int.pipe_clock_i/mmcm_i/CLKOUT3
                         net (fo=1, routed)           1.559     4.510    Top_i/xdma_0/inst/Top_xdma_0_0_pcie2_to_pcie3_wrapper_i/pcie2_ip_i/inst/inst/gt_top_i/pipe_wrapper_i/pipe_clock_int.pipe_clock_i/userclk2
    BUFGCTRL_X0Y0        BUFG (Prop_bufg_I_O)         0.081     4.591 r  Top_i/xdma_0/inst/Top_xdma_0_0_pcie2_to_pcie3_wrapper_i/pcie2_ip_i/inst/inst/gt_top_i/pipe_wrapper_i/pipe_clock_int.pipe_clock_i/userclk2_i1.usrclk2_i1/O
                         net (fo=19707, routed)       1.387     5.978    Top_i/axi_interconnect_1/s00_couplers/auto_cc/inst/gen_clock_conv.gen_async_conv.asyncfifo_axi/inst_fifo_gen/gaxi_full_lite.gwrite_ch.gwdch2.axi_wdch/grf.rf/gntv_or_sync_fifo.gcx.clkx/wr_pntr_cdc_inst/src_clk
    SLICE_X65Y162        FDRE                                         r  Top_i/axi_interconnect_1/s00_couplers/auto_cc/inst/gen_clock_conv.gen_async_conv.asyncfifo_axi/inst_fifo_gen/gaxi_full_lite.gwrite_ch.gwdch2.axi_wdch/grf.rf/gntv_or_sync_fifo.gcx.clkx/wr_pntr_cdc_inst/src_gray_ff_reg[2]/C
  -------------------------------------------------------------------    -------------------
    SLICE_X65Y162        FDRE (Prop_fdre_C_Q)         0.379     6.357 r  Top_i/axi_interconnect_1/s00_couplers/auto_cc/inst/gen_clock_conv.gen_async_conv.asyncfifo_axi/inst_fifo_gen/gaxi_full_lite.gwrite_ch.gwdch2.axi_wdch/grf.rf/gntv_or_sync_fifo.gcx.clkx/wr_pntr_cdc_inst/src_gray_ff_reg[2]/Q
                         net (fo=1, routed)           0.443     6.801    Top_i/axi_interconnect_1/s00_couplers/auto_cc/inst/gen_clock_conv.gen_async_conv.asyncfifo_axi/inst_fifo_gen/gaxi_full_lite.gwrite_ch.gwdch2.axi_wdch/grf.rf/gntv_or_sync_fifo.gcx.clkx/wr_pntr_cdc_inst/async_path[2]
    SLICE_X65Y164        FDRE                                         r  Top_i/axi_interconnect_1/s00_couplers/auto_cc/inst/gen_clock_conv.gen_async_conv.asyncfifo_axi/inst_fifo_gen/gaxi_full_lite.gwrite_ch.gwdch2.axi_wdch/grf.rf/gntv_or_sync_fifo.gcx.clkx/wr_pntr_cdc_inst/dest_graysync_ff_reg[0][2]/D
  -------------------------------------------------------------------    -------------------

                         (clock clk_out1_Top_clk_wiz_1 rise edge)
                                                      0.000     0.000 r  
    IBUFDS_GTE2_X0Y2     IBUFDS_GTE2                  0.000     0.000 r  Top_i/util_ds_buf/U0/USE_IBUFDS_GTE2.GEN_IBUFDS_GTE2[0].IBUFDS_GTE2_I/O
                         net (fo=3, routed)           1.452     1.452    Top_i/clk_wiz/inst/clk_in1
    MMCME2_ADV_X0Y4      MMCME2_ADV (Prop_mmcme2_adv_CLKIN1_CLKOUT0)
                                                     -3.606    -2.154 r  Top_i/clk_wiz/inst/mmcm_adv_inst/CLKOUT0
                         net (fo=1, routed)           1.964    -0.190    Top_i/clk_wiz/inst/clk_out1_Top_clk_wiz_1
    BUFGCTRL_X0Y16       BUFG (Prop_bufg_I_O)         0.077    -0.113 r  Top_i/clk_wiz/inst/clkout1_buf/O
                         net (fo=116625, routed)      1.273     1.160    Top_i/axi_interconnect_1/s00_couplers/auto_cc/inst/gen_clock_conv.gen_async_conv.asyncfifo_axi/inst_fifo_gen/gaxi_full_lite.gwrite_ch.gwdch2.axi_wdch/grf.rf/gntv_or_sync_fifo.gcx.clkx/wr_pntr_cdc_inst/dest_clk
    SLICE_X65Y164        FDRE                                         r  Top_i/axi_interconnect_1/s00_couplers/auto_cc/inst/gen_clock_conv.gen_async_conv.asyncfifo_axi/inst_fifo_gen/gaxi_full_lite.gwrite_ch.gwdch2.axi_wdch/grf.rf/gntv_or_sync_fifo.gcx.clkx/wr_pntr_cdc_inst/dest_graysync_ff_reg[0][2]/C
                         clock pessimism              0.000     1.160    
    SLICE_X65Y164        FDRE (Setup_fdre_C_D)       -0.073     1.087    Top_i/axi_interconnect_1/s00_couplers/auto_cc/inst/gen_clock_conv.gen_async_conv.asyncfifo_axi/inst_fifo_gen/gaxi_full_lite.gwrite_ch.gwdch2.axi_wdch/grf.rf/gntv_or_sync_fifo.gcx.clkx/wr_pntr_cdc_inst/dest_graysync_ff_reg[0][2]
  -------------------------------------------------------------------
                         data arrival                           6.801    
                         clock arrival                          1.087    
  -------------------------------------------------------------------
                         relative delay                         5.714    

Reference path:
    Location             Delay type                Incr(ns)  Path(ns)    Netlist Resource(s)
  -------------------------------------------------------------------    -------------------
                         (clock userclk2 rise edge)
                                                      0.000     0.000 r  
    GTPE2_CHANNEL_X0Y6   GTPE2_CHANNEL                0.000     0.000 r  Top_i/xdma_0/inst/Top_xdma_0_0_pcie2_to_pcie3_wrapper_i/pcie2_ip_i/inst/inst/gt_top_i/pipe_wrapper_i/pipe_lane[0].gt_wrapper_i/gtp_channel.gtpe2_channel_i/TXOUTCLK
                         net (fo=1, routed)           1.216     1.216    Top_i/xdma_0/inst/Top_xdma_0_0_pcie2_to_pcie3_wrapper_i/pcie2_ip_i/inst/inst/gt_top_i/pipe_wrapper_i/pipe_clock_int.pipe_clock_i/txoutclk_i.txoutclk_i_0
    BUFGCTRL_X0Y19       BUFG (Prop_bufg_I_O)         0.077     1.293 r  Top_i/xdma_0/inst/Top_xdma_0_0_pcie2_to_pcie3_wrapper_i/pcie2_ip_i/inst/inst/gt_top_i/pipe_wrapper_i/pipe_clock_int.pipe_clock_i/txoutclk_i.txoutclk_i/O
                         net (fo=1, routed)           1.417     2.710    Top_i/xdma_0/inst/Top_xdma_0_0_pcie2_to_pcie3_wrapper_i/pcie2_ip_i/inst/inst/gt_top_i/pipe_wrapper_i/pipe_clock_int.pipe_clock_i/refclk
    MMCME2_ADV_X0Y2      MMCME2_ADV (Prop_mmcme2_adv_CLKIN1_CLKOUT3)
                                                      0.073     2.783 r  Top_i/xdma_0/inst/Top_xdma_0_0_pcie2_to_pcie3_wrapper_i/pcie2_ip_i/inst/inst/gt_top_i/pipe_wrapper_i/pipe_clock_int.pipe_clock_i/mmcm_i/CLKOUT3
                         net (fo=1, routed)           1.488     4.271    Top_i/xdma_0/inst/Top_xdma_0_0_pcie2_to_pcie3_wrapper_i/pcie2_ip_i/inst/inst/gt_top_i/pipe_wrapper_i/pipe_clock_int.pipe_clock_i/userclk2
    BUFGCTRL_X0Y0        BUFG (Prop_bufg_I_O)         0.077     4.348 r  Top_i/xdma_0/inst/Top_xdma_0_0_pcie2_to_pcie3_wrapper_i/pcie2_ip_i/inst/inst/gt_top_i/pipe_wrapper_i/pipe_clock_int.pipe_clock_i/userclk2_i1.usrclk2_i1/O
                         net (fo=19707, routed)       1.274     5.622    Top_i/axi_interconnect_1/s00_couplers/auto_cc/inst/gen_clock_conv.gen_async_conv.asyncfifo_axi/inst_fifo_gen/gaxi_full_lite.gwrite_ch.gwdch2.axi_wdch/grf.rf/gntv_or_sync_fifo.gcx.clkx/wr_pntr_cdc_inst/src_clk
    SLICE_X68Y163        FDRE                                         r  Top_i/axi_interconnect_1/s00_couplers/auto_cc/inst/gen_clock_conv.gen_async_conv.asyncfifo_axi/inst_fifo_gen/gaxi_full_lite.gwrite_ch.gwdch2.axi_wdch/grf.rf/gntv_or_sync_fifo.gcx.clkx/wr_pntr_cdc_inst/src_gray_ff_reg[3]/C
  -------------------------------------------------------------------    -------------------
    SLICE_X68Y163        FDRE (Prop_fdre_C_Q)         0.347     5.969 r  Top_i/axi_interconnect_1/s00_couplers/auto_cc/inst/gen_clock_conv.gen_async_conv.asyncfifo_axi/inst_fifo_gen/gaxi_full_lite.gwrite_ch.gwdch2.axi_wdch/grf.rf/gntv_or_sync_fifo.gcx.clkx/wr_pntr_cdc_inst/src_gray_ff_reg[3]/Q
                         net (fo=1, routed)           0.292     6.261    Top_i/axi_interconnect_1/s00_couplers/auto_cc/inst/gen_clock_conv.gen_async_conv.asyncfifo_axi/inst_fifo_gen/gaxi_full_lite.gwrite_ch.gwdch2.axi_wdch/grf.rf/gntv_or_sync_fifo.gcx.clkx/wr_pntr_cdc_inst/async_path[3]
    SLICE_X66Y164        FDRE                                         r  Top_i/axi_interconnect_1/s00_couplers/auto_cc/inst/gen_clock_conv.gen_async_conv.asyncfifo_axi/inst_fifo_gen/gaxi_full_lite.gwrite_ch.gwdch2.axi_wdch/grf.rf/gntv_or_sync_fifo.gcx.clkx/wr_pntr_cdc_inst/dest_graysync_ff_reg[0][3]/D
  -------------------------------------------------------------------    -------------------

                         (clock clk_out1_Top_clk_wiz_1 rise edge)
                                                      0.000     0.000 r  
    IBUFDS_GTE2_X0Y2     IBUFDS_GTE2                  0.000     0.000 r  Top_i/util_ds_buf/U0/USE_IBUFDS_GTE2.GEN_IBUFDS_GTE2[0].IBUFDS_GTE2_I/O
                         net (fo=3, routed)           1.638     1.638    Top_i/clk_wiz/inst/clk_in1
    MMCME2_ADV_X0Y4      MMCME2_ADV (Prop_mmcme2_adv_CLKIN1_CLKOUT0)
                                                     -3.816    -2.178 r  Top_i/clk_wiz/inst/mmcm_adv_inst/CLKOUT0
                         net (fo=1, routed)           2.061    -0.117    Top_i/clk_wiz/inst/clk_out1_Top_clk_wiz_1
    BUFGCTRL_X0Y16       BUFG (Prop_bufg_I_O)         0.081    -0.036 r  Top_i/clk_wiz/inst/clkout1_buf/O
                         net (fo=116625, routed)      1.378     1.342    Top_i/axi_interconnect_1/s00_couplers/auto_cc/inst/gen_clock_conv.gen_async_conv.asyncfifo_axi/inst_fifo_gen/gaxi_full_lite.gwrite_ch.gwdch2.axi_wdch/grf.rf/gntv_or_sync_fifo.gcx.clkx/wr_pntr_cdc_inst/dest_clk
    SLICE_X66Y164        FDRE                                         r  Top_i/axi_interconnect_1/s00_couplers/auto_cc/inst/gen_clock_conv.gen_async_conv.asyncfifo_axi/inst_fifo_gen/gaxi_full_lite.gwrite_ch.gwdch2.axi_wdch/grf.rf/gntv_or_sync_fifo.gcx.clkx/wr_pntr_cdc_inst/dest_graysync_ff_reg[0][3]/C
                         clock pessimism              0.000     1.342    
    SLICE_X66Y164        FDRE (Hold_fdre_C_D)         0.187     1.529    Top_i/axi_interconnect_1/s00_couplers/auto_cc/inst/gen_clock_conv.gen_async_conv.asyncfifo_axi/inst_fifo_gen/gaxi_full_lite.gwrite_ch.gwdch2.axi_wdch/grf.rf/gntv_or_sync_fifo.gcx.clkx/wr_pntr_cdc_inst/dest_graysync_ff_reg[0][3]
  -------------------------------------------------------------------
                         data arrival                           6.261    
                         clock arrival                          1.529    
  -------------------------------------------------------------------
                         relative delay                         4.732    



Id: 5
set_bus_skew -from [get_cells [list {Top_i/axi_interconnect_1/s00_couplers/auto_cc/inst/gen_clock_conv.gen_async_conv.asyncfifo_axi/inst_fifo_gen/gaxi_full_lite.gwrite_ch.gwdch2.axi_wdch/grf.rf/gntv_or_sync_fifo.gcx.clkx/rd_pntr_cdc_inst/src_gray_ff_reg[0]} {Top_i/axi_interconnect_1/s00_couplers/auto_cc/inst/gen_clock_conv.gen_async_conv.asyncfifo_axi/inst_fifo_gen/gaxi_full_lite.gwrite_ch.gwdch2.axi_wdch/grf.rf/gntv_or_sync_fifo.gcx.clkx/rd_pntr_cdc_inst/src_gray_ff_reg[1]} {Top_i/axi_interconnect_1/s00_couplers/auto_cc/inst/gen_clock_conv.gen_async_conv.asyncfifo_axi/inst_fifo_gen/gaxi_full_lite.gwrite_ch.gwdch2.axi_wdch/grf.rf/gntv_or_sync_fifo.gcx.clkx/rd_pntr_cdc_inst/src_gray_ff_reg[2]} {Top_i/axi_interconnect_1/s00_couplers/auto_cc/inst/gen_clock_conv.gen_async_conv.asyncfifo_axi/inst_fifo_gen/gaxi_full_lite.gwrite_ch.gwdch2.axi_wdch/grf.rf/gntv_or_sync_fifo.gcx.clkx/rd_pntr_cdc_inst/src_gray_ff_reg[3]}]] -to [get_cells [list {Top_i/axi_interconnect_1/s00_couplers/auto_cc/inst/gen_clock_conv.gen_async_conv.asyncfifo_axi/inst_fifo_gen/gaxi_full_lite.gwrite_ch.gwdch2.axi_wdch/grf.rf/gntv_or_sync_fifo.gcx.clkx/rd_pntr_cdc_inst/dest_graysync_ff_reg[0][0]} {Top_i/axi_interconnect_1/s00_couplers/auto_cc/inst/gen_clock_conv.gen_async_conv.asyncfifo_axi/inst_fifo_gen/gaxi_full_lite.gwrite_ch.gwdch2.axi_wdch/grf.rf/gntv_or_sync_fifo.gcx.clkx/rd_pntr_cdc_inst/dest_graysync_ff_reg[0][1]} {Top_i/axi_interconnect_1/s00_couplers/auto_cc/inst/gen_clock_conv.gen_async_conv.asyncfifo_axi/inst_fifo_gen/gaxi_full_lite.gwrite_ch.gwdch2.axi_wdch/grf.rf/gntv_or_sync_fifo.gcx.clkx/rd_pntr_cdc_inst/dest_graysync_ff_reg[0][2]} {Top_i/axi_interconnect_1/s00_couplers/auto_cc/inst/gen_clock_conv.gen_async_conv.asyncfifo_axi/inst_fifo_gen/gaxi_full_lite.gwrite_ch.gwdch2.axi_wdch/grf.rf/gntv_or_sync_fifo.gcx.clkx/rd_pntr_cdc_inst/dest_graysync_ff_reg[0][3]}]] 8.000
Requirement: 8.000ns
Endpoints: 4

From Clock            To Clock              Endpoint Pin                    Reference Pin                   Corner  Actual(ns)  Slack(ns)
--------------------  --------------------  ------------------------------  ------------------------------  ------  ----------  ---------
clk_out1_Top_clk_wiz_1
                      userclk2              Top_i/axi_interconnect_1/s00_couplers/auto_cc/inst/gen_clock_conv.gen_async_conv.asyncfifo_axi/inst_fifo_gen/gaxi_full_lite.gwrite_ch.gwdch2.axi_wdch/grf.rf/gntv_or_sync_fifo.gcx.clkx/rd_pntr_cdc_inst/dest_graysync_ff_reg[0][3]/D
                                                                            Top_i/axi_interconnect_1/s00_couplers/auto_cc/inst/gen_clock_conv.gen_async_conv.asyncfifo_axi/inst_fifo_gen/gaxi_full_lite.gwrite_ch.gwdch2.axi_wdch/grf.rf/gntv_or_sync_fifo.gcx.clkx/rd_pntr_cdc_inst/dest_graysync_ff_reg[0][0]/D
                                                                                                            Slow         0.676      7.324


Slack (MET) :             7.324ns  (requirement - actual skew)
  Endpoint Source:        Top_i/axi_interconnect_1/s00_couplers/auto_cc/inst/gen_clock_conv.gen_async_conv.asyncfifo_axi/inst_fifo_gen/gaxi_full_lite.gwrite_ch.gwdch2.axi_wdch/grf.rf/gntv_or_sync_fifo.gcx.clkx/rd_pntr_cdc_inst/src_gray_ff_reg[3]/C
                            (rising edge-triggered cell FDRE clocked by clk_out1_Top_clk_wiz_1)
  Endpoint Destination:   Top_i/axi_interconnect_1/s00_couplers/auto_cc/inst/gen_clock_conv.gen_async_conv.asyncfifo_axi/inst_fifo_gen/gaxi_full_lite.gwrite_ch.gwdch2.axi_wdch/grf.rf/gntv_or_sync_fifo.gcx.clkx/rd_pntr_cdc_inst/dest_graysync_ff_reg[0][3]/D
                            (rising edge-triggered cell FDRE clocked by userclk2)
  Reference Source:       Top_i/axi_interconnect_1/s00_couplers/auto_cc/inst/gen_clock_conv.gen_async_conv.asyncfifo_axi/inst_fifo_gen/gaxi_full_lite.gwrite_ch.gwdch2.axi_wdch/grf.rf/gntv_or_sync_fifo.gcx.clkx/rd_pntr_cdc_inst/src_gray_ff_reg[0]/C
                            (rising edge-triggered cell FDRE clocked by clk_out1_Top_clk_wiz_1)
  Reference Destination:  Top_i/axi_interconnect_1/s00_couplers/auto_cc/inst/gen_clock_conv.gen_async_conv.asyncfifo_axi/inst_fifo_gen/gaxi_full_lite.gwrite_ch.gwdch2.axi_wdch/grf.rf/gntv_or_sync_fifo.gcx.clkx/rd_pntr_cdc_inst/dest_graysync_ff_reg[0][0]/D
                            (rising edge-triggered cell FDRE clocked by userclk2)
  Path Type:              Bus Skew (Max at Slow Process Corner)
  Requirement:            8.000ns
  Endpoint Relative Delay:   -3.167ns
  Reference Relative Delay:  -4.311ns
  Relative CRPR:              0.468ns
  Actual Bus Skew:            0.676ns  (Endpoint Relative Delay - Reference Relative Delay - Relative CRPR)

Endpoint path:
    Location             Delay type                Incr(ns)  Path(ns)    Netlist Resource(s)
  -------------------------------------------------------------------    -------------------
                         (clock clk_out1_Top_clk_wiz_1 rise edge)
                                                      0.000     0.000 r  
    IBUFDS_GTE2_X0Y2     IBUFDS_GTE2                  0.000     0.000 r  Top_i/util_ds_buf/U0/USE_IBUFDS_GTE2.GEN_IBUFDS_GTE2[0].IBUFDS_GTE2_I/O
                         net (fo=3, routed)           1.638     1.638    Top_i/clk_wiz/inst/clk_in1
    MMCME2_ADV_X0Y4      MMCME2_ADV (Prop_mmcme2_adv_CLKIN1_CLKOUT0)
                                                     -3.816    -2.178 r  Top_i/clk_wiz/inst/mmcm_adv_inst/CLKOUT0
                         net (fo=1, routed)           2.061    -0.117    Top_i/clk_wiz/inst/clk_out1_Top_clk_wiz_1
    BUFGCTRL_X0Y16       BUFG (Prop_bufg_I_O)         0.081    -0.036 r  Top_i/clk_wiz/inst/clkout1_buf/O
                         net (fo=116625, routed)      1.381     1.345    Top_i/axi_interconnect_1/s00_couplers/auto_cc/inst/gen_clock_conv.gen_async_conv.asyncfifo_axi/inst_fifo_gen/gaxi_full_lite.gwrite_ch.gwdch2.axi_wdch/grf.rf/gntv_or_sync_fifo.gcx.clkx/rd_pntr_cdc_inst/src_clk
    SLICE_X66Y161        FDRE                                         r  Top_i/axi_interconnect_1/s00_couplers/auto_cc/inst/gen_clock_conv.gen_async_conv.asyncfifo_axi/inst_fifo_gen/gaxi_full_lite.gwrite_ch.gwdch2.axi_wdch/grf.rf/gntv_or_sync_fifo.gcx.clkx/rd_pntr_cdc_inst/src_gray_ff_reg[3]/C
  -------------------------------------------------------------------    -------------------
    SLICE_X66Y161        FDRE (Prop_fdre_C_Q)         0.398     1.743 r  Top_i/axi_interconnect_1/s00_couplers/auto_cc/inst/gen_clock_conv.gen_async_conv.asyncfifo_axi/inst_fifo_gen/gaxi_full_lite.gwrite_ch.gwdch2.axi_wdch/grf.rf/gntv_or_sync_fifo.gcx.clkx/rd_pntr_cdc_inst/src_gray_ff_reg[3]/Q
                         net (fo=1, routed)           0.507     2.250    Top_i/axi_interconnect_1/s00_couplers/auto_cc/inst/gen_clock_conv.gen_async_conv.asyncfifo_axi/inst_fifo_gen/gaxi_full_lite.gwrite_ch.gwdch2.axi_wdch/grf.rf/gntv_or_sync_fifo.gcx.clkx/rd_pntr_cdc_inst/async_path[3]
    SLICE_X67Y161        FDRE                                         r  Top_i/axi_interconnect_1/s00_couplers/auto_cc/inst/gen_clock_conv.gen_async_conv.asyncfifo_axi/inst_fifo_gen/gaxi_full_lite.gwrite_ch.gwdch2.axi_wdch/grf.rf/gntv_or_sync_fifo.gcx.clkx/rd_pntr_cdc_inst/dest_graysync_ff_reg[0][3]/D
  -------------------------------------------------------------------    -------------------

                         (clock userclk2 rise edge)
                                                      0.000     0.000 r  
    GTPE2_CHANNEL_X0Y6   GTPE2_CHANNEL                0.000     0.000 r  Top_i/xdma_0/inst/Top_xdma_0_0_pcie2_to_pcie3_wrapper_i/pcie2_ip_i/inst/inst/gt_top_i/pipe_wrapper_i/pipe_lane[0].gt_wrapper_i/gtp_channel.gtpe2_channel_i/TXOUTCLK
                         net (fo=1, routed)           1.216     1.216    Top_i/xdma_0/inst/Top_xdma_0_0_pcie2_to_pcie3_wrapper_i/pcie2_ip_i/inst/inst/gt_top_i/pipe_wrapper_i/pipe_clock_int.pipe_clock_i/txoutclk_i.txoutclk_i_0
    BUFGCTRL_X0Y19       BUFG (Prop_bufg_I_O)         0.077     1.293 r  Top_i/xdma_0/inst/Top_xdma_0_0_pcie2_to_pcie3_wrapper_i/pcie2_ip_i/inst/inst/gt_top_i/pipe_wrapper_i/pipe_clock_int.pipe_clock_i/txoutclk_i.txoutclk_i/O
                         net (fo=1, routed)           1.417     2.710    Top_i/xdma_0/inst/Top_xdma_0_0_pcie2_to_pcie3_wrapper_i/pcie2_ip_i/inst/inst/gt_top_i/pipe_wrapper_i/pipe_clock_int.pipe_clock_i/refclk
    MMCME2_ADV_X0Y2      MMCME2_ADV (Prop_mmcme2_adv_CLKIN1_CLKOUT3)
                                                      0.073     2.783 r  Top_i/xdma_0/inst/Top_xdma_0_0_pcie2_to_pcie3_wrapper_i/pcie2_ip_i/inst/inst/gt_top_i/pipe_wrapper_i/pipe_clock_int.pipe_clock_i/mmcm_i/CLKOUT3
                         net (fo=1, routed)           1.488     4.271    Top_i/xdma_0/inst/Top_xdma_0_0_pcie2_to_pcie3_wrapper_i/pcie2_ip_i/inst/inst/gt_top_i/pipe_wrapper_i/pipe_clock_int.pipe_clock_i/userclk2
    BUFGCTRL_X0Y0        BUFG (Prop_bufg_I_O)         0.077     4.348 r  Top_i/xdma_0/inst/Top_xdma_0_0_pcie2_to_pcie3_wrapper_i/pcie2_ip_i/inst/inst/gt_top_i/pipe_wrapper_i/pipe_clock_int.pipe_clock_i/userclk2_i1.usrclk2_i1/O
                         net (fo=19707, routed)       1.275     5.623    Top_i/axi_interconnect_1/s00_couplers/auto_cc/inst/gen_clock_conv.gen_async_conv.asyncfifo_axi/inst_fifo_gen/gaxi_full_lite.gwrite_ch.gwdch2.axi_wdch/grf.rf/gntv_or_sync_fifo.gcx.clkx/rd_pntr_cdc_inst/dest_clk
    SLICE_X67Y161        FDRE                                         r  Top_i/axi_interconnect_1/s00_couplers/auto_cc/inst/gen_clock_conv.gen_async_conv.asyncfifo_axi/inst_fifo_gen/gaxi_full_lite.gwrite_ch.gwdch2.axi_wdch/grf.rf/gntv_or_sync_fifo.gcx.clkx/rd_pntr_cdc_inst/dest_graysync_ff_reg[0][3]/C
                         clock pessimism              0.000     5.623    
    SLICE_X67Y161        FDRE (Setup_fdre_C_D)       -0.205     5.418    Top_i/axi_interconnect_1/s00_couplers/auto_cc/inst/gen_clock_conv.gen_async_conv.asyncfifo_axi/inst_fifo_gen/gaxi_full_lite.gwrite_ch.gwdch2.axi_wdch/grf.rf/gntv_or_sync_fifo.gcx.clkx/rd_pntr_cdc_inst/dest_graysync_ff_reg[0][3]
  -------------------------------------------------------------------
                         data arrival                           2.250    
                         clock arrival                          5.418    
  -------------------------------------------------------------------
                         relative delay                        -3.167    

Reference path:
    Location             Delay type                Incr(ns)  Path(ns)    Netlist Resource(s)
  -------------------------------------------------------------------    -------------------
                         (clock clk_out1_Top_clk_wiz_1 rise edge)
                                                      0.000     0.000 r  
    IBUFDS_GTE2_X0Y2     IBUFDS_GTE2                  0.000     0.000 r  Top_i/util_ds_buf/U0/USE_IBUFDS_GTE2.GEN_IBUFDS_GTE2[0].IBUFDS_GTE2_I/O
                         net (fo=3, routed)           1.452     1.452    Top_i/clk_wiz/inst/clk_in1
    MMCME2_ADV_X0Y4      MMCME2_ADV (Prop_mmcme2_adv_CLKIN1_CLKOUT0)
                                                     -3.606    -2.154 r  Top_i/clk_wiz/inst/mmcm_adv_inst/CLKOUT0
                         net (fo=1, routed)           1.964    -0.190    Top_i/clk_wiz/inst/clk_out1_Top_clk_wiz_1
    BUFGCTRL_X0Y16       BUFG (Prop_bufg_I_O)         0.077    -0.113 r  Top_i/clk_wiz/inst/clkout1_buf/O
                         net (fo=116625, routed)      1.271     1.158    Top_i/axi_interconnect_1/s00_couplers/auto_cc/inst/gen_clock_conv.gen_async_conv.asyncfifo_axi/inst_fifo_gen/gaxi_full_lite.gwrite_ch.gwdch2.axi_wdch/grf.rf/gntv_or_sync_fifo.gcx.clkx/rd_pntr_cdc_inst/src_clk
    SLICE_X70Y162        FDRE                                         r  Top_i/axi_interconnect_1/s00_couplers/auto_cc/inst/gen_clock_conv.gen_async_conv.asyncfifo_axi/inst_fifo_gen/gaxi_full_lite.gwrite_ch.gwdch2.axi_wdch/grf.rf/gntv_or_sync_fifo.gcx.clkx/rd_pntr_cdc_inst/src_gray_ff_reg[0]/C
  -------------------------------------------------------------------    -------------------
    SLICE_X70Y162        FDRE (Prop_fdre_C_Q)         0.347     1.505 r  Top_i/axi_interconnect_1/s00_couplers/auto_cc/inst/gen_clock_conv.gen_async_conv.asyncfifo_axi/inst_fifo_gen/gaxi_full_lite.gwrite_ch.gwdch2.axi_wdch/grf.rf/gntv_or_sync_fifo.gcx.clkx/rd_pntr_cdc_inst/src_gray_ff_reg[0]/Q
                         net (fo=1, routed)           0.345     1.851    Top_i/axi_interconnect_1/s00_couplers/auto_cc/inst/gen_clock_conv.gen_async_conv.asyncfifo_axi/inst_fifo_gen/gaxi_full_lite.gwrite_ch.gwdch2.axi_wdch/grf.rf/gntv_or_sync_fifo.gcx.clkx/rd_pntr_cdc_inst/async_path[0]
    SLICE_X68Y163        FDRE                                         r  Top_i/axi_interconnect_1/s00_couplers/auto_cc/inst/gen_clock_conv.gen_async_conv.asyncfifo_axi/inst_fifo_gen/gaxi_full_lite.gwrite_ch.gwdch2.axi_wdch/grf.rf/gntv_or_sync_fifo.gcx.clkx/rd_pntr_cdc_inst/dest_graysync_ff_reg[0][0]/D
  -------------------------------------------------------------------    -------------------

                         (clock userclk2 rise edge)
                                                      0.000     0.000 r  
    GTPE2_CHANNEL_X0Y6   GTPE2_CHANNEL                0.000     0.000 r  Top_i/xdma_0/inst/Top_xdma_0_0_pcie2_to_pcie3_wrapper_i/pcie2_ip_i/inst/inst/gt_top_i/pipe_wrapper_i/pipe_lane[0].gt_wrapper_i/gtp_channel.gtpe2_channel_i/TXOUTCLK
                         net (fo=1, routed)           1.274     1.274    Top_i/xdma_0/inst/Top_xdma_0_0_pcie2_to_pcie3_wrapper_i/pcie2_ip_i/inst/inst/gt_top_i/pipe_wrapper_i/pipe_clock_int.pipe_clock_i/txoutclk_i.txoutclk_i_0
    BUFGCTRL_X0Y19       BUFG (Prop_bufg_I_O)         0.081     1.355 r  Top_i/xdma_0/inst/Top_xdma_0_0_pcie2_to_pcie3_wrapper_i/pcie2_ip_i/inst/inst/gt_top_i/pipe_wrapper_i/pipe_clock_int.pipe_clock_i/txoutclk_i.txoutclk_i/O
                         net (fo=1, routed)           1.520     2.874    Top_i/xdma_0/inst/Top_xdma_0_0_pcie2_to_pcie3_wrapper_i/pcie2_ip_i/inst/inst/gt_top_i/pipe_wrapper_i/pipe_clock_int.pipe_clock_i/refclk
    MMCME2_ADV_X0Y2      MMCME2_ADV (Prop_mmcme2_adv_CLKIN1_CLKOUT3)
                                                      0.077     2.951 r  Top_i/xdma_0/inst/Top_xdma_0_0_pcie2_to_pcie3_wrapper_i/pcie2_ip_i/inst/inst/gt_top_i/pipe_wrapper_i/pipe_clock_int.pipe_clock_i/mmcm_i/CLKOUT3
                         net (fo=1, routed)           1.559     4.510    Top_i/xdma_0/inst/Top_xdma_0_0_pcie2_to_pcie3_wrapper_i/pcie2_ip_i/inst/inst/gt_top_i/pipe_wrapper_i/pipe_clock_int.pipe_clock_i/userclk2
    BUFGCTRL_X0Y0        BUFG (Prop_bufg_I_O)         0.081     4.591 r  Top_i/xdma_0/inst/Top_xdma_0_0_pcie2_to_pcie3_wrapper_i/pcie2_ip_i/inst/inst/gt_top_i/pipe_wrapper_i/pipe_clock_int.pipe_clock_i/userclk2_i1.usrclk2_i1/O
                         net (fo=19707, routed)       1.383     5.974    Top_i/axi_interconnect_1/s00_couplers/auto_cc/inst/gen_clock_conv.gen_async_conv.asyncfifo_axi/inst_fifo_gen/gaxi_full_lite.gwrite_ch.gwdch2.axi_wdch/grf.rf/gntv_or_sync_fifo.gcx.clkx/rd_pntr_cdc_inst/dest_clk
    SLICE_X68Y163        FDRE                                         r  Top_i/axi_interconnect_1/s00_couplers/auto_cc/inst/gen_clock_conv.gen_async_conv.asyncfifo_axi/inst_fifo_gen/gaxi_full_lite.gwrite_ch.gwdch2.axi_wdch/grf.rf/gntv_or_sync_fifo.gcx.clkx/rd_pntr_cdc_inst/dest_graysync_ff_reg[0][0]/C
                         clock pessimism              0.000     5.974    
    SLICE_X68Y163        FDRE (Hold_fdre_C_D)         0.187     6.161    Top_i/axi_interconnect_1/s00_couplers/auto_cc/inst/gen_clock_conv.gen_async_conv.asyncfifo_axi/inst_fifo_gen/gaxi_full_lite.gwrite_ch.gwdch2.axi_wdch/grf.rf/gntv_or_sync_fifo.gcx.clkx/rd_pntr_cdc_inst/dest_graysync_ff_reg[0][0]
  -------------------------------------------------------------------
                         data arrival                           1.851    
                         clock arrival                          6.161    
  -------------------------------------------------------------------
                         relative delay                        -4.311    



Id: 6
set_bus_skew -from [get_cells [list {Top_i/axi_interconnect_1/s00_couplers/auto_cc/inst/gen_clock_conv.gen_async_conv.asyncfifo_axi/inst_fifo_gen/gaxi_full_lite.gwrite_ch.gwrch2.axi_wrch/grf.rf/gntv_or_sync_fifo.gcx.clkx/wr_pntr_cdc_inst/src_gray_ff_reg[0]} {Top_i/axi_interconnect_1/s00_couplers/auto_cc/inst/gen_clock_conv.gen_async_conv.asyncfifo_axi/inst_fifo_gen/gaxi_full_lite.gwrite_ch.gwrch2.axi_wrch/grf.rf/gntv_or_sync_fifo.gcx.clkx/wr_pntr_cdc_inst/src_gray_ff_reg[1]} {Top_i/axi_interconnect_1/s00_couplers/auto_cc/inst/gen_clock_conv.gen_async_conv.asyncfifo_axi/inst_fifo_gen/gaxi_full_lite.gwrite_ch.gwrch2.axi_wrch/grf.rf/gntv_or_sync_fifo.gcx.clkx/wr_pntr_cdc_inst/src_gray_ff_reg[2]} {Top_i/axi_interconnect_1/s00_couplers/auto_cc/inst/gen_clock_conv.gen_async_conv.asyncfifo_axi/inst_fifo_gen/gaxi_full_lite.gwrite_ch.gwrch2.axi_wrch/grf.rf/gntv_or_sync_fifo.gcx.clkx/wr_pntr_cdc_inst/src_gray_ff_reg[3]}]] -to [get_cells [list {Top_i/axi_interconnect_1/s00_couplers/auto_cc/inst/gen_clock_conv.gen_async_conv.asyncfifo_axi/inst_fifo_gen/gaxi_full_lite.gwrite_ch.gwrch2.axi_wrch/grf.rf/gntv_or_sync_fifo.gcx.clkx/wr_pntr_cdc_inst/dest_graysync_ff_reg[0][0]} {Top_i/axi_interconnect_1/s00_couplers/auto_cc/inst/gen_clock_conv.gen_async_conv.asyncfifo_axi/inst_fifo_gen/gaxi_full_lite.gwrite_ch.gwrch2.axi_wrch/grf.rf/gntv_or_sync_fifo.gcx.clkx/wr_pntr_cdc_inst/dest_graysync_ff_reg[0][1]} {Top_i/axi_interconnect_1/s00_couplers/auto_cc/inst/gen_clock_conv.gen_async_conv.asyncfifo_axi/inst_fifo_gen/gaxi_full_lite.gwrite_ch.gwrch2.axi_wrch/grf.rf/gntv_or_sync_fifo.gcx.clkx/wr_pntr_cdc_inst/dest_graysync_ff_reg[0][2]} {Top_i/axi_interconnect_1/s00_couplers/auto_cc/inst/gen_clock_conv.gen_async_conv.asyncfifo_axi/inst_fifo_gen/gaxi_full_lite.gwrite_ch.gwrch2.axi_wrch/grf.rf/gntv_or_sync_fifo.gcx.clkx/wr_pntr_cdc_inst/dest_graysync_ff_reg[0][3]}]] 8.000
Requirement: 8.000ns
Endpoints: 4

From Clock            To Clock              Endpoint Pin                    Reference Pin                   Corner  Actual(ns)  Slack(ns)
--------------------  --------------------  ------------------------------  ------------------------------  ------  ----------  ---------
clk_out1_Top_clk_wiz_1
                      userclk2              Top_i/axi_interconnect_1/s00_couplers/auto_cc/inst/gen_clock_conv.gen_async_conv.asyncfifo_axi/inst_fifo_gen/gaxi_full_lite.gwrite_ch.gwrch2.axi_wrch/grf.rf/gntv_or_sync_fifo.gcx.clkx/wr_pntr_cdc_inst/dest_graysync_ff_reg[0][1]/D
                                                                            Top_i/axi_interconnect_1/s00_couplers/auto_cc/inst/gen_clock_conv.gen_async_conv.asyncfifo_axi/inst_fifo_gen/gaxi_full_lite.gwrite_ch.gwrch2.axi_wrch/grf.rf/gntv_or_sync_fifo.gcx.clkx/wr_pntr_cdc_inst/dest_graysync_ff_reg[0][3]/D
                                                                                                            Slow         0.725      7.275


Slack (MET) :             7.275ns  (requirement - actual skew)
  Endpoint Source:        Top_i/axi_interconnect_1/s00_couplers/auto_cc/inst/gen_clock_conv.gen_async_conv.asyncfifo_axi/inst_fifo_gen/gaxi_full_lite.gwrite_ch.gwrch2.axi_wrch/grf.rf/gntv_or_sync_fifo.gcx.clkx/wr_pntr_cdc_inst/src_gray_ff_reg[1]/C
                            (rising edge-triggered cell FDRE clocked by clk_out1_Top_clk_wiz_1)
  Endpoint Destination:   Top_i/axi_interconnect_1/s00_couplers/auto_cc/inst/gen_clock_conv.gen_async_conv.asyncfifo_axi/inst_fifo_gen/gaxi_full_lite.gwrite_ch.gwrch2.axi_wrch/grf.rf/gntv_or_sync_fifo.gcx.clkx/wr_pntr_cdc_inst/dest_graysync_ff_reg[0][1]/D
                            (rising edge-triggered cell FDRE clocked by userclk2)
  Reference Source:       Top_i/axi_interconnect_1/s00_couplers/auto_cc/inst/gen_clock_conv.gen_async_conv.asyncfifo_axi/inst_fifo_gen/gaxi_full_lite.gwrite_ch.gwrch2.axi_wrch/grf.rf/gntv_or_sync_fifo.gcx.clkx/wr_pntr_cdc_inst/src_gray_ff_reg[3]/C
                            (rising edge-triggered cell FDRE clocked by clk_out1_Top_clk_wiz_1)
  Reference Destination:  Top_i/axi_interconnect_1/s00_couplers/auto_cc/inst/gen_clock_conv.gen_async_conv.asyncfifo_axi/inst_fifo_gen/gaxi_full_lite.gwrite_ch.gwrch2.axi_wrch/grf.rf/gntv_or_sync_fifo.gcx.clkx/wr_pntr_cdc_inst/dest_graysync_ff_reg[0][3]/D
                            (rising edge-triggered cell FDRE clocked by userclk2)
  Path Type:              Bus Skew (Max at Slow Process Corner)
  Requirement:            8.000ns
  Endpoint Relative Delay:   -3.292ns
  Reference Relative Delay:  -4.451ns
  Relative CRPR:              0.434ns
  Actual Bus Skew:            0.725ns  (Endpoint Relative Delay - Reference Relative Delay - Relative CRPR)

Endpoint path:
    Location             Delay type                Incr(ns)  Path(ns)    Netlist Resource(s)
  -------------------------------------------------------------------    -------------------
                         (clock clk_out1_Top_clk_wiz_1 rise edge)
                                                      0.000     0.000 r  
    IBUFDS_GTE2_X0Y2     IBUFDS_GTE2                  0.000     0.000 r  Top_i/util_ds_buf/U0/USE_IBUFDS_GTE2.GEN_IBUFDS_GTE2[0].IBUFDS_GTE2_I/O
                         net (fo=3, routed)           1.638     1.638    Top_i/clk_wiz/inst/clk_in1
    MMCME2_ADV_X0Y4      MMCME2_ADV (Prop_mmcme2_adv_CLKIN1_CLKOUT0)
                                                     -3.816    -2.178 r  Top_i/clk_wiz/inst/mmcm_adv_inst/CLKOUT0
                         net (fo=1, routed)           2.061    -0.117    Top_i/clk_wiz/inst/clk_out1_Top_clk_wiz_1
    BUFGCTRL_X0Y16       BUFG (Prop_bufg_I_O)         0.081    -0.036 r  Top_i/clk_wiz/inst/clkout1_buf/O
                         net (fo=116625, routed)      1.355     1.319    Top_i/axi_interconnect_1/s00_couplers/auto_cc/inst/gen_clock_conv.gen_async_conv.asyncfifo_axi/inst_fifo_gen/gaxi_full_lite.gwrite_ch.gwrch2.axi_wrch/grf.rf/gntv_or_sync_fifo.gcx.clkx/wr_pntr_cdc_inst/src_clk
    SLICE_X82Y183        FDRE                                         r  Top_i/axi_interconnect_1/s00_couplers/auto_cc/inst/gen_clock_conv.gen_async_conv.asyncfifo_axi/inst_fifo_gen/gaxi_full_lite.gwrite_ch.gwrch2.axi_wrch/grf.rf/gntv_or_sync_fifo.gcx.clkx/wr_pntr_cdc_inst/src_gray_ff_reg[1]/C
  -------------------------------------------------------------------    -------------------
    SLICE_X82Y183        FDRE (Prop_fdre_C_Q)         0.348     1.667 r  Top_i/axi_interconnect_1/s00_couplers/auto_cc/inst/gen_clock_conv.gen_async_conv.asyncfifo_axi/inst_fifo_gen/gaxi_full_lite.gwrite_ch.gwrch2.axi_wrch/grf.rf/gntv_or_sync_fifo.gcx.clkx/wr_pntr_cdc_inst/src_gray_ff_reg[1]/Q
                         net (fo=1, routed)           0.479     2.146    Top_i/axi_interconnect_1/s00_couplers/auto_cc/inst/gen_clock_conv.gen_async_conv.asyncfifo_axi/inst_fifo_gen/gaxi_full_lite.gwrite_ch.gwrch2.axi_wrch/grf.rf/gntv_or_sync_fifo.gcx.clkx/wr_pntr_cdc_inst/async_path[1]
    SLICE_X84Y183        FDRE                                         r  Top_i/axi_interconnect_1/s00_couplers/auto_cc/inst/gen_clock_conv.gen_async_conv.asyncfifo_axi/inst_fifo_gen/gaxi_full_lite.gwrite_ch.gwrch2.axi_wrch/grf.rf/gntv_or_sync_fifo.gcx.clkx/wr_pntr_cdc_inst/dest_graysync_ff_reg[0][1]/D
  -------------------------------------------------------------------    -------------------

                         (clock userclk2 rise edge)
                                                      0.000     0.000 r  
    GTPE2_CHANNEL_X0Y6   GTPE2_CHANNEL                0.000     0.000 r  Top_i/xdma_0/inst/Top_xdma_0_0_pcie2_to_pcie3_wrapper_i/pcie2_ip_i/inst/inst/gt_top_i/pipe_wrapper_i/pipe_lane[0].gt_wrapper_i/gtp_channel.gtpe2_channel_i/TXOUTCLK
                         net (fo=1, routed)           1.216     1.216    Top_i/xdma_0/inst/Top_xdma_0_0_pcie2_to_pcie3_wrapper_i/pcie2_ip_i/inst/inst/gt_top_i/pipe_wrapper_i/pipe_clock_int.pipe_clock_i/txoutclk_i.txoutclk_i_0
    BUFGCTRL_X0Y19       BUFG (Prop_bufg_I_O)         0.077     1.293 r  Top_i/xdma_0/inst/Top_xdma_0_0_pcie2_to_pcie3_wrapper_i/pcie2_ip_i/inst/inst/gt_top_i/pipe_wrapper_i/pipe_clock_int.pipe_clock_i/txoutclk_i.txoutclk_i/O
                         net (fo=1, routed)           1.417     2.710    Top_i/xdma_0/inst/Top_xdma_0_0_pcie2_to_pcie3_wrapper_i/pcie2_ip_i/inst/inst/gt_top_i/pipe_wrapper_i/pipe_clock_int.pipe_clock_i/refclk
    MMCME2_ADV_X0Y2      MMCME2_ADV (Prop_mmcme2_adv_CLKIN1_CLKOUT3)
                                                      0.073     2.783 r  Top_i/xdma_0/inst/Top_xdma_0_0_pcie2_to_pcie3_wrapper_i/pcie2_ip_i/inst/inst/gt_top_i/pipe_wrapper_i/pipe_clock_int.pipe_clock_i/mmcm_i/CLKOUT3
                         net (fo=1, routed)           1.488     4.271    Top_i/xdma_0/inst/Top_xdma_0_0_pcie2_to_pcie3_wrapper_i/pcie2_ip_i/inst/inst/gt_top_i/pipe_wrapper_i/pipe_clock_int.pipe_clock_i/userclk2
    BUFGCTRL_X0Y0        BUFG (Prop_bufg_I_O)         0.077     4.348 r  Top_i/xdma_0/inst/Top_xdma_0_0_pcie2_to_pcie3_wrapper_i/pcie2_ip_i/inst/inst/gt_top_i/pipe_wrapper_i/pipe_clock_int.pipe_clock_i/userclk2_i1.usrclk2_i1/O
                         net (fo=19707, routed)       1.258     5.606    Top_i/axi_interconnect_1/s00_couplers/auto_cc/inst/gen_clock_conv.gen_async_conv.asyncfifo_axi/inst_fifo_gen/gaxi_full_lite.gwrite_ch.gwrch2.axi_wrch/grf.rf/gntv_or_sync_fifo.gcx.clkx/wr_pntr_cdc_inst/dest_clk
    SLICE_X84Y183        FDRE                                         r  Top_i/axi_interconnect_1/s00_couplers/auto_cc/inst/gen_clock_conv.gen_async_conv.asyncfifo_axi/inst_fifo_gen/gaxi_full_lite.gwrite_ch.gwrch2.axi_wrch/grf.rf/gntv_or_sync_fifo.gcx.clkx/wr_pntr_cdc_inst/dest_graysync_ff_reg[0][1]/C
                         clock pessimism              0.000     5.606    
    SLICE_X84Y183        FDRE (Setup_fdre_C_D)       -0.168     5.438    Top_i/axi_interconnect_1/s00_couplers/auto_cc/inst/gen_clock_conv.gen_async_conv.asyncfifo_axi/inst_fifo_gen/gaxi_full_lite.gwrite_ch.gwrch2.axi_wrch/grf.rf/gntv_or_sync_fifo.gcx.clkx/wr_pntr_cdc_inst/dest_graysync_ff_reg[0][1]
  -------------------------------------------------------------------
                         data arrival                           2.146    
                         clock arrival                          5.438    
  -------------------------------------------------------------------
                         relative delay                        -3.292    

Reference path:
    Location             Delay type                Incr(ns)  Path(ns)    Netlist Resource(s)
  -------------------------------------------------------------------    -------------------
                         (clock clk_out1_Top_clk_wiz_1 rise edge)
                                                      0.000     0.000 r  
    IBUFDS_GTE2_X0Y2     IBUFDS_GTE2                  0.000     0.000 r  Top_i/util_ds_buf/U0/USE_IBUFDS_GTE2.GEN_IBUFDS_GTE2[0].IBUFDS_GTE2_I/O
                         net (fo=3, routed)           1.452     1.452    Top_i/clk_wiz/inst/clk_in1
    MMCME2_ADV_X0Y4      MMCME2_ADV (Prop_mmcme2_adv_CLKIN1_CLKOUT0)
                                                     -3.606    -2.154 r  Top_i/clk_wiz/inst/mmcm_adv_inst/CLKOUT0
                         net (fo=1, routed)           1.964    -0.190    Top_i/clk_wiz/inst/clk_out1_Top_clk_wiz_1
    BUFGCTRL_X0Y16       BUFG (Prop_bufg_I_O)         0.077    -0.113 r  Top_i/clk_wiz/inst/clkout1_buf/O
                         net (fo=116625, routed)      1.249     1.136    Top_i/axi_interconnect_1/s00_couplers/auto_cc/inst/gen_clock_conv.gen_async_conv.asyncfifo_axi/inst_fifo_gen/gaxi_full_lite.gwrite_ch.gwrch2.axi_wrch/grf.rf/gntv_or_sync_fifo.gcx.clkx/wr_pntr_cdc_inst/src_clk
    SLICE_X82Y183        FDRE                                         r  Top_i/axi_interconnect_1/s00_couplers/auto_cc/inst/gen_clock_conv.gen_async_conv.asyncfifo_axi/inst_fifo_gen/gaxi_full_lite.gwrite_ch.gwrch2.axi_wrch/grf.rf/gntv_or_sync_fifo.gcx.clkx/wr_pntr_cdc_inst/src_gray_ff_reg[3]/C
  -------------------------------------------------------------------    -------------------
    SLICE_X82Y183        FDRE (Prop_fdre_C_Q)         0.304     1.440 r  Top_i/axi_interconnect_1/s00_couplers/auto_cc/inst/gen_clock_conv.gen_async_conv.asyncfifo_axi/inst_fifo_gen/gaxi_full_lite.gwrite_ch.gwrch2.axi_wrch/grf.rf/gntv_or_sync_fifo.gcx.clkx/wr_pntr_cdc_inst/src_gray_ff_reg[3]/Q
                         net (fo=1, routed)           0.198     1.638    Top_i/axi_interconnect_1/s00_couplers/auto_cc/inst/gen_clock_conv.gen_async_conv.asyncfifo_axi/inst_fifo_gen/gaxi_full_lite.gwrite_ch.gwrch2.axi_wrch/grf.rf/gntv_or_sync_fifo.gcx.clkx/wr_pntr_cdc_inst/async_path[3]
    SLICE_X82Y184        FDRE                                         r  Top_i/axi_interconnect_1/s00_couplers/auto_cc/inst/gen_clock_conv.gen_async_conv.asyncfifo_axi/inst_fifo_gen/gaxi_full_lite.gwrite_ch.gwrch2.axi_wrch/grf.rf/gntv_or_sync_fifo.gcx.clkx/wr_pntr_cdc_inst/dest_graysync_ff_reg[0][3]/D
  -------------------------------------------------------------------    -------------------

                         (clock userclk2 rise edge)
                                                      0.000     0.000 r  
    GTPE2_CHANNEL_X0Y6   GTPE2_CHANNEL                0.000     0.000 r  Top_i/xdma_0/inst/Top_xdma_0_0_pcie2_to_pcie3_wrapper_i/pcie2_ip_i/inst/inst/gt_top_i/pipe_wrapper_i/pipe_lane[0].gt_wrapper_i/gtp_channel.gtpe2_channel_i/TXOUTCLK
                         net (fo=1, routed)           1.274     1.274    Top_i/xdma_0/inst/Top_xdma_0_0_pcie2_to_pcie3_wrapper_i/pcie2_ip_i/inst/inst/gt_top_i/pipe_wrapper_i/pipe_clock_int.pipe_clock_i/txoutclk_i.txoutclk_i_0
    BUFGCTRL_X0Y19       BUFG (Prop_bufg_I_O)         0.081     1.355 r  Top_i/xdma_0/inst/Top_xdma_0_0_pcie2_to_pcie3_wrapper_i/pcie2_ip_i/inst/inst/gt_top_i/pipe_wrapper_i/pipe_clock_int.pipe_clock_i/txoutclk_i.txoutclk_i/O
                         net (fo=1, routed)           1.520     2.874    Top_i/xdma_0/inst/Top_xdma_0_0_pcie2_to_pcie3_wrapper_i/pcie2_ip_i/inst/inst/gt_top_i/pipe_wrapper_i/pipe_clock_int.pipe_clock_i/refclk
    MMCME2_ADV_X0Y2      MMCME2_ADV (Prop_mmcme2_adv_CLKIN1_CLKOUT3)
                                                      0.077     2.951 r  Top_i/xdma_0/inst/Top_xdma_0_0_pcie2_to_pcie3_wrapper_i/pcie2_ip_i/inst/inst/gt_top_i/pipe_wrapper_i/pipe_clock_int.pipe_clock_i/mmcm_i/CLKOUT3
                         net (fo=1, routed)           1.559     4.510    Top_i/xdma_0/inst/Top_xdma_0_0_pcie2_to_pcie3_wrapper_i/pcie2_ip_i/inst/inst/gt_top_i/pipe_wrapper_i/pipe_clock_int.pipe_clock_i/userclk2
    BUFGCTRL_X0Y0        BUFG (Prop_bufg_I_O)         0.081     4.591 r  Top_i/xdma_0/inst/Top_xdma_0_0_pcie2_to_pcie3_wrapper_i/pcie2_ip_i/inst/inst/gt_top_i/pipe_wrapper_i/pipe_clock_int.pipe_clock_i/userclk2_i1.usrclk2_i1/O
                         net (fo=19707, routed)       1.359     5.950    Top_i/axi_interconnect_1/s00_couplers/auto_cc/inst/gen_clock_conv.gen_async_conv.asyncfifo_axi/inst_fifo_gen/gaxi_full_lite.gwrite_ch.gwrch2.axi_wrch/grf.rf/gntv_or_sync_fifo.gcx.clkx/wr_pntr_cdc_inst/dest_clk
    SLICE_X82Y184        FDRE                                         r  Top_i/axi_interconnect_1/s00_couplers/auto_cc/inst/gen_clock_conv.gen_async_conv.asyncfifo_axi/inst_fifo_gen/gaxi_full_lite.gwrite_ch.gwrch2.axi_wrch/grf.rf/gntv_or_sync_fifo.gcx.clkx/wr_pntr_cdc_inst/dest_graysync_ff_reg[0][3]/C
                         clock pessimism              0.000     5.950    
    SLICE_X82Y184        FDRE (Hold_fdre_C_D)         0.138     6.088    Top_i/axi_interconnect_1/s00_couplers/auto_cc/inst/gen_clock_conv.gen_async_conv.asyncfifo_axi/inst_fifo_gen/gaxi_full_lite.gwrite_ch.gwrch2.axi_wrch/grf.rf/gntv_or_sync_fifo.gcx.clkx/wr_pntr_cdc_inst/dest_graysync_ff_reg[0][3]
  -------------------------------------------------------------------
                         data arrival                           1.638    
                         clock arrival                          6.088    
  -------------------------------------------------------------------
                         relative delay                        -4.451    



Id: 7
set_bus_skew -from [get_cells [list {Top_i/axi_interconnect_1/s00_couplers/auto_cc/inst/gen_clock_conv.gen_async_conv.asyncfifo_axi/inst_fifo_gen/gaxi_full_lite.gwrite_ch.gwrch2.axi_wrch/grf.rf/gntv_or_sync_fifo.gcx.clkx/rd_pntr_cdc_inst/src_gray_ff_reg[0]} {Top_i/axi_interconnect_1/s00_couplers/auto_cc/inst/gen_clock_conv.gen_async_conv.asyncfifo_axi/inst_fifo_gen/gaxi_full_lite.gwrite_ch.gwrch2.axi_wrch/grf.rf/gntv_or_sync_fifo.gcx.clkx/rd_pntr_cdc_inst/src_gray_ff_reg[1]} {Top_i/axi_interconnect_1/s00_couplers/auto_cc/inst/gen_clock_conv.gen_async_conv.asyncfifo_axi/inst_fifo_gen/gaxi_full_lite.gwrite_ch.gwrch2.axi_wrch/grf.rf/gntv_or_sync_fifo.gcx.clkx/rd_pntr_cdc_inst/src_gray_ff_reg[2]} {Top_i/axi_interconnect_1/s00_couplers/auto_cc/inst/gen_clock_conv.gen_async_conv.asyncfifo_axi/inst_fifo_gen/gaxi_full_lite.gwrite_ch.gwrch2.axi_wrch/grf.rf/gntv_or_sync_fifo.gcx.clkx/rd_pntr_cdc_inst/src_gray_ff_reg[3]}]] -to [get_cells [list {Top_i/axi_interconnect_1/s00_couplers/auto_cc/inst/gen_clock_conv.gen_async_conv.asyncfifo_axi/inst_fifo_gen/gaxi_full_lite.gwrite_ch.gwrch2.axi_wrch/grf.rf/gntv_or_sync_fifo.gcx.clkx/rd_pntr_cdc_inst/dest_graysync_ff_reg[0][0]} {Top_i/axi_interconnect_1/s00_couplers/auto_cc/inst/gen_clock_conv.gen_async_conv.asyncfifo_axi/inst_fifo_gen/gaxi_full_lite.gwrite_ch.gwrch2.axi_wrch/grf.rf/gntv_or_sync_fifo.gcx.clkx/rd_pntr_cdc_inst/dest_graysync_ff_reg[0][1]} {Top_i/axi_interconnect_1/s00_couplers/auto_cc/inst/gen_clock_conv.gen_async_conv.asyncfifo_axi/inst_fifo_gen/gaxi_full_lite.gwrite_ch.gwrch2.axi_wrch/grf.rf/gntv_or_sync_fifo.gcx.clkx/rd_pntr_cdc_inst/dest_graysync_ff_reg[0][2]} {Top_i/axi_interconnect_1/s00_couplers/auto_cc/inst/gen_clock_conv.gen_async_conv.asyncfifo_axi/inst_fifo_gen/gaxi_full_lite.gwrite_ch.gwrch2.axi_wrch/grf.rf/gntv_or_sync_fifo.gcx.clkx/rd_pntr_cdc_inst/dest_graysync_ff_reg[0][3]}]] 8.000
Requirement: 8.000ns
Endpoints: 4

From Clock            To Clock              Endpoint Pin                    Reference Pin                   Corner  Actual(ns)  Slack(ns)
--------------------  --------------------  ------------------------------  ------------------------------  ------  ----------  ---------
userclk2              clk_out1_Top_clk_wiz_1
                                            Top_i/axi_interconnect_1/s00_couplers/auto_cc/inst/gen_clock_conv.gen_async_conv.asyncfifo_axi/inst_fifo_gen/gaxi_full_lite.gwrite_ch.gwrch2.axi_wrch/grf.rf/gntv_or_sync_fifo.gcx.clkx/rd_pntr_cdc_inst/dest_graysync_ff_reg[0][2]/D
                                                                            Top_i/axi_interconnect_1/s00_couplers/auto_cc/inst/gen_clock_conv.gen_async_conv.asyncfifo_axi/inst_fifo_gen/gaxi_full_lite.gwrite_ch.gwrch2.axi_wrch/grf.rf/gntv_or_sync_fifo.gcx.clkx/rd_pntr_cdc_inst/dest_graysync_ff_reg[0][0]/D
                                                                                                            Slow         0.668      7.332


Slack (MET) :             7.332ns  (requirement - actual skew)
  Endpoint Source:        Top_i/axi_interconnect_1/s00_couplers/auto_cc/inst/gen_clock_conv.gen_async_conv.asyncfifo_axi/inst_fifo_gen/gaxi_full_lite.gwrite_ch.gwrch2.axi_wrch/grf.rf/gntv_or_sync_fifo.gcx.clkx/rd_pntr_cdc_inst/src_gray_ff_reg[2]/C
                            (rising edge-triggered cell FDRE clocked by userclk2)
  Endpoint Destination:   Top_i/axi_interconnect_1/s00_couplers/auto_cc/inst/gen_clock_conv.gen_async_conv.asyncfifo_axi/inst_fifo_gen/gaxi_full_lite.gwrite_ch.gwrch2.axi_wrch/grf.rf/gntv_or_sync_fifo.gcx.clkx/rd_pntr_cdc_inst/dest_graysync_ff_reg[0][2]/D
                            (rising edge-triggered cell FDRE clocked by clk_out1_Top_clk_wiz_1)
  Reference Source:       Top_i/axi_interconnect_1/s00_couplers/auto_cc/inst/gen_clock_conv.gen_async_conv.asyncfifo_axi/inst_fifo_gen/gaxi_full_lite.gwrite_ch.gwrch2.axi_wrch/grf.rf/gntv_or_sync_fifo.gcx.clkx/rd_pntr_cdc_inst/src_gray_ff_reg[0]/C
                            (rising edge-triggered cell FDRE clocked by userclk2)
  Reference Destination:  Top_i/axi_interconnect_1/s00_couplers/auto_cc/inst/gen_clock_conv.gen_async_conv.asyncfifo_axi/inst_fifo_gen/gaxi_full_lite.gwrite_ch.gwrch2.axi_wrch/grf.rf/gntv_or_sync_fifo.gcx.clkx/rd_pntr_cdc_inst/dest_graysync_ff_reg[0][0]/D
                            (rising edge-triggered cell FDRE clocked by clk_out1_Top_clk_wiz_1)
  Path Type:              Bus Skew (Max at Slow Process Corner)
  Requirement:            8.000ns
  Endpoint Relative Delay:    5.854ns
  Reference Relative Delay:   4.735ns
  Relative CRPR:              0.452ns
  Actual Bus Skew:            0.668ns  (Endpoint Relative Delay - Reference Relative Delay - Relative CRPR)

Endpoint path:
    Location             Delay type                Incr(ns)  Path(ns)    Netlist Resource(s)
  -------------------------------------------------------------------    -------------------
                         (clock userclk2 rise edge)
                                                      0.000     0.000 r  
    GTPE2_CHANNEL_X0Y6   GTPE2_CHANNEL                0.000     0.000 r  Top_i/xdma_0/inst/Top_xdma_0_0_pcie2_to_pcie3_wrapper_i/pcie2_ip_i/inst/inst/gt_top_i/pipe_wrapper_i/pipe_lane[0].gt_wrapper_i/gtp_channel.gtpe2_channel_i/TXOUTCLK
                         net (fo=1, routed)           1.274     1.274    Top_i/xdma_0/inst/Top_xdma_0_0_pcie2_to_pcie3_wrapper_i/pcie2_ip_i/inst/inst/gt_top_i/pipe_wrapper_i/pipe_clock_int.pipe_clock_i/txoutclk_i.txoutclk_i_0
    BUFGCTRL_X0Y19       BUFG (Prop_bufg_I_O)         0.081     1.355 r  Top_i/xdma_0/inst/Top_xdma_0_0_pcie2_to_pcie3_wrapper_i/pcie2_ip_i/inst/inst/gt_top_i/pipe_wrapper_i/pipe_clock_int.pipe_clock_i/txoutclk_i.txoutclk_i/O
                         net (fo=1, routed)           1.520     2.874    Top_i/xdma_0/inst/Top_xdma_0_0_pcie2_to_pcie3_wrapper_i/pcie2_ip_i/inst/inst/gt_top_i/pipe_wrapper_i/pipe_clock_int.pipe_clock_i/refclk
    MMCME2_ADV_X0Y2      MMCME2_ADV (Prop_mmcme2_adv_CLKIN1_CLKOUT3)
                                                      0.077     2.951 r  Top_i/xdma_0/inst/Top_xdma_0_0_pcie2_to_pcie3_wrapper_i/pcie2_ip_i/inst/inst/gt_top_i/pipe_wrapper_i/pipe_clock_int.pipe_clock_i/mmcm_i/CLKOUT3
                         net (fo=1, routed)           1.559     4.510    Top_i/xdma_0/inst/Top_xdma_0_0_pcie2_to_pcie3_wrapper_i/pcie2_ip_i/inst/inst/gt_top_i/pipe_wrapper_i/pipe_clock_int.pipe_clock_i/userclk2
    BUFGCTRL_X0Y0        BUFG (Prop_bufg_I_O)         0.081     4.591 r  Top_i/xdma_0/inst/Top_xdma_0_0_pcie2_to_pcie3_wrapper_i/pcie2_ip_i/inst/inst/gt_top_i/pipe_wrapper_i/pipe_clock_int.pipe_clock_i/userclk2_i1.usrclk2_i1/O
                         net (fo=19707, routed)       1.364     5.955    Top_i/axi_interconnect_1/s00_couplers/auto_cc/inst/gen_clock_conv.gen_async_conv.asyncfifo_axi/inst_fifo_gen/gaxi_full_lite.gwrite_ch.gwrch2.axi_wrch/grf.rf/gntv_or_sync_fifo.gcx.clkx/rd_pntr_cdc_inst/src_clk
    SLICE_X81Y184        FDRE                                         r  Top_i/axi_interconnect_1/s00_couplers/auto_cc/inst/gen_clock_conv.gen_async_conv.asyncfifo_axi/inst_fifo_gen/gaxi_full_lite.gwrite_ch.gwrch2.axi_wrch/grf.rf/gntv_or_sync_fifo.gcx.clkx/rd_pntr_cdc_inst/src_gray_ff_reg[2]/C
  -------------------------------------------------------------------    -------------------
    SLICE_X81Y184        FDRE (Prop_fdre_C_Q)         0.379     6.334 r  Top_i/axi_interconnect_1/s00_couplers/auto_cc/inst/gen_clock_conv.gen_async_conv.asyncfifo_axi/inst_fifo_gen/gaxi_full_lite.gwrite_ch.gwrch2.axi_wrch/grf.rf/gntv_or_sync_fifo.gcx.clkx/rd_pntr_cdc_inst/src_gray_ff_reg[2]/Q
                         net (fo=1, routed)           0.632     6.967    Top_i/axi_interconnect_1/s00_couplers/auto_cc/inst/gen_clock_conv.gen_async_conv.asyncfifo_axi/inst_fifo_gen/gaxi_full_lite.gwrite_ch.gwrch2.axi_wrch/grf.rf/gntv_or_sync_fifo.gcx.clkx/rd_pntr_cdc_inst/async_path[2]
    SLICE_X80Y184        FDRE                                         r  Top_i/axi_interconnect_1/s00_couplers/auto_cc/inst/gen_clock_conv.gen_async_conv.asyncfifo_axi/inst_fifo_gen/gaxi_full_lite.gwrite_ch.gwrch2.axi_wrch/grf.rf/gntv_or_sync_fifo.gcx.clkx/rd_pntr_cdc_inst/dest_graysync_ff_reg[0][2]/D
  -------------------------------------------------------------------    -------------------

                         (clock clk_out1_Top_clk_wiz_1 rise edge)
                                                      0.000     0.000 r  
    IBUFDS_GTE2_X0Y2     IBUFDS_GTE2                  0.000     0.000 r  Top_i/util_ds_buf/U0/USE_IBUFDS_GTE2.GEN_IBUFDS_GTE2[0].IBUFDS_GTE2_I/O
                         net (fo=3, routed)           1.452     1.452    Top_i/clk_wiz/inst/clk_in1
    MMCME2_ADV_X0Y4      MMCME2_ADV (Prop_mmcme2_adv_CLKIN1_CLKOUT0)
                                                     -3.606    -2.154 r  Top_i/clk_wiz/inst/mmcm_adv_inst/CLKOUT0
                         net (fo=1, routed)           1.964    -0.190    Top_i/clk_wiz/inst/clk_out1_Top_clk_wiz_1
    BUFGCTRL_X0Y16       BUFG (Prop_bufg_I_O)         0.077    -0.113 r  Top_i/clk_wiz/inst/clkout1_buf/O
                         net (fo=116625, routed)      1.254     1.141    Top_i/axi_interconnect_1/s00_couplers/auto_cc/inst/gen_clock_conv.gen_async_conv.asyncfifo_axi/inst_fifo_gen/gaxi_full_lite.gwrite_ch.gwrch2.axi_wrch/grf.rf/gntv_or_sync_fifo.gcx.clkx/rd_pntr_cdc_inst/dest_clk
    SLICE_X80Y184        FDRE                                         r  Top_i/axi_interconnect_1/s00_couplers/auto_cc/inst/gen_clock_conv.gen_async_conv.asyncfifo_axi/inst_fifo_gen/gaxi_full_lite.gwrite_ch.gwrch2.axi_wrch/grf.rf/gntv_or_sync_fifo.gcx.clkx/rd_pntr_cdc_inst/dest_graysync_ff_reg[0][2]/C
                         clock pessimism              0.000     1.141    
    SLICE_X80Y184        FDRE (Setup_fdre_C_D)       -0.029     1.112    Top_i/axi_interconnect_1/s00_couplers/auto_cc/inst/gen_clock_conv.gen_async_conv.asyncfifo_axi/inst_fifo_gen/gaxi_full_lite.gwrite_ch.gwrch2.axi_wrch/grf.rf/gntv_or_sync_fifo.gcx.clkx/rd_pntr_cdc_inst/dest_graysync_ff_reg[0][2]
  -------------------------------------------------------------------
                         data arrival                           6.967    
                         clock arrival                          1.112    
  -------------------------------------------------------------------
                         relative delay                         5.854    

Reference path:
    Location             Delay type                Incr(ns)  Path(ns)    Netlist Resource(s)
  -------------------------------------------------------------------    -------------------
                         (clock userclk2 rise edge)
                                                      0.000     0.000 r  
    GTPE2_CHANNEL_X0Y6   GTPE2_CHANNEL                0.000     0.000 r  Top_i/xdma_0/inst/Top_xdma_0_0_pcie2_to_pcie3_wrapper_i/pcie2_ip_i/inst/inst/gt_top_i/pipe_wrapper_i/pipe_lane[0].gt_wrapper_i/gtp_channel.gtpe2_channel_i/TXOUTCLK
                         net (fo=1, routed)           1.216     1.216    Top_i/xdma_0/inst/Top_xdma_0_0_pcie2_to_pcie3_wrapper_i/pcie2_ip_i/inst/inst/gt_top_i/pipe_wrapper_i/pipe_clock_int.pipe_clock_i/txoutclk_i.txoutclk_i_0
    BUFGCTRL_X0Y19       BUFG (Prop_bufg_I_O)         0.077     1.293 r  Top_i/xdma_0/inst/Top_xdma_0_0_pcie2_to_pcie3_wrapper_i/pcie2_ip_i/inst/inst/gt_top_i/pipe_wrapper_i/pipe_clock_int.pipe_clock_i/txoutclk_i.txoutclk_i/O
                         net (fo=1, routed)           1.417     2.710    Top_i/xdma_0/inst/Top_xdma_0_0_pcie2_to_pcie3_wrapper_i/pcie2_ip_i/inst/inst/gt_top_i/pipe_wrapper_i/pipe_clock_int.pipe_clock_i/refclk
    MMCME2_ADV_X0Y2      MMCME2_ADV (Prop_mmcme2_adv_CLKIN1_CLKOUT3)
                                                      0.073     2.783 r  Top_i/xdma_0/inst/Top_xdma_0_0_pcie2_to_pcie3_wrapper_i/pcie2_ip_i/inst/inst/gt_top_i/pipe_wrapper_i/pipe_clock_int.pipe_clock_i/mmcm_i/CLKOUT3
                         net (fo=1, routed)           1.488     4.271    Top_i/xdma_0/inst/Top_xdma_0_0_pcie2_to_pcie3_wrapper_i/pcie2_ip_i/inst/inst/gt_top_i/pipe_wrapper_i/pipe_clock_int.pipe_clock_i/userclk2
    BUFGCTRL_X0Y0        BUFG (Prop_bufg_I_O)         0.077     4.348 r  Top_i/xdma_0/inst/Top_xdma_0_0_pcie2_to_pcie3_wrapper_i/pcie2_ip_i/inst/inst/gt_top_i/pipe_wrapper_i/pipe_clock_int.pipe_clock_i/userclk2_i1.usrclk2_i1/O
                         net (fo=19707, routed)       1.251     5.599    Top_i/axi_interconnect_1/s00_couplers/auto_cc/inst/gen_clock_conv.gen_async_conv.asyncfifo_axi/inst_fifo_gen/gaxi_full_lite.gwrite_ch.gwrch2.axi_wrch/grf.rf/gntv_or_sync_fifo.gcx.clkx/rd_pntr_cdc_inst/src_clk
    SLICE_X83Y183        FDRE                                         r  Top_i/axi_interconnect_1/s00_couplers/auto_cc/inst/gen_clock_conv.gen_async_conv.asyncfifo_axi/inst_fifo_gen/gaxi_full_lite.gwrite_ch.gwrch2.axi_wrch/grf.rf/gntv_or_sync_fifo.gcx.clkx/rd_pntr_cdc_inst/src_gray_ff_reg[0]/C
  -------------------------------------------------------------------    -------------------
    SLICE_X83Y183        FDRE (Prop_fdre_C_Q)         0.304     5.903 r  Top_i/axi_interconnect_1/s00_couplers/auto_cc/inst/gen_clock_conv.gen_async_conv.asyncfifo_axi/inst_fifo_gen/gaxi_full_lite.gwrite_ch.gwrch2.axi_wrch/grf.rf/gntv_or_sync_fifo.gcx.clkx/rd_pntr_cdc_inst/src_gray_ff_reg[0]/Q
                         net (fo=1, routed)           0.285     6.188    Top_i/axi_interconnect_1/s00_couplers/auto_cc/inst/gen_clock_conv.gen_async_conv.asyncfifo_axi/inst_fifo_gen/gaxi_full_lite.gwrite_ch.gwrch2.axi_wrch/grf.rf/gntv_or_sync_fifo.gcx.clkx/rd_pntr_cdc_inst/async_path[0]
    SLICE_X83Y181        FDRE                                         r  Top_i/axi_interconnect_1/s00_couplers/auto_cc/inst/gen_clock_conv.gen_async_conv.asyncfifo_axi/inst_fifo_gen/gaxi_full_lite.gwrite_ch.gwrch2.axi_wrch/grf.rf/gntv_or_sync_fifo.gcx.clkx/rd_pntr_cdc_inst/dest_graysync_ff_reg[0][0]/D
  -------------------------------------------------------------------    -------------------

                         (clock clk_out1_Top_clk_wiz_1 rise edge)
                                                      0.000     0.000 r  
    IBUFDS_GTE2_X0Y2     IBUFDS_GTE2                  0.000     0.000 r  Top_i/util_ds_buf/U0/USE_IBUFDS_GTE2.GEN_IBUFDS_GTE2[0].IBUFDS_GTE2_I/O
                         net (fo=3, routed)           1.638     1.638    Top_i/clk_wiz/inst/clk_in1
    MMCME2_ADV_X0Y4      MMCME2_ADV (Prop_mmcme2_adv_CLKIN1_CLKOUT0)
                                                     -3.816    -2.178 r  Top_i/clk_wiz/inst/mmcm_adv_inst/CLKOUT0
                         net (fo=1, routed)           2.061    -0.117    Top_i/clk_wiz/inst/clk_out1_Top_clk_wiz_1
    BUFGCTRL_X0Y16       BUFG (Prop_bufg_I_O)         0.081    -0.036 r  Top_i/clk_wiz/inst/clkout1_buf/O
                         net (fo=116625, routed)      1.353     1.317    Top_i/axi_interconnect_1/s00_couplers/auto_cc/inst/gen_clock_conv.gen_async_conv.asyncfifo_axi/inst_fifo_gen/gaxi_full_lite.gwrite_ch.gwrch2.axi_wrch/grf.rf/gntv_or_sync_fifo.gcx.clkx/rd_pntr_cdc_inst/dest_clk
    SLICE_X83Y181        FDRE                                         r  Top_i/axi_interconnect_1/s00_couplers/auto_cc/inst/gen_clock_conv.gen_async_conv.asyncfifo_axi/inst_fifo_gen/gaxi_full_lite.gwrite_ch.gwrch2.axi_wrch/grf.rf/gntv_or_sync_fifo.gcx.clkx/rd_pntr_cdc_inst/dest_graysync_ff_reg[0][0]/C
                         clock pessimism              0.000     1.317    
    SLICE_X83Y181        FDRE (Hold_fdre_C_D)         0.136     1.453    Top_i/axi_interconnect_1/s00_couplers/auto_cc/inst/gen_clock_conv.gen_async_conv.asyncfifo_axi/inst_fifo_gen/gaxi_full_lite.gwrite_ch.gwrch2.axi_wrch/grf.rf/gntv_or_sync_fifo.gcx.clkx/rd_pntr_cdc_inst/dest_graysync_ff_reg[0][0]
  -------------------------------------------------------------------
                         data arrival                           6.188    
                         clock arrival                          1.453    
  -------------------------------------------------------------------
                         relative delay                         4.735    



Id: 8
set_bus_skew -from [get_cells [list {Top_i/axi_interconnect_1/s00_couplers/auto_cc/inst/gen_clock_conv.gen_async_conv.asyncfifo_axi/inst_fifo_gen/gaxi_full_lite.gread_ch.grach2.axi_rach/grf.rf/gntv_or_sync_fifo.gcx.clkx/wr_pntr_cdc_inst/src_gray_ff_reg[0]} {Top_i/axi_interconnect_1/s00_couplers/auto_cc/inst/gen_clock_conv.gen_async_conv.asyncfifo_axi/inst_fifo_gen/gaxi_full_lite.gread_ch.grach2.axi_rach/grf.rf/gntv_or_sync_fifo.gcx.clkx/wr_pntr_cdc_inst/src_gray_ff_reg[1]} {Top_i/axi_interconnect_1/s00_couplers/auto_cc/inst/gen_clock_conv.gen_async_conv.asyncfifo_axi/inst_fifo_gen/gaxi_full_lite.gread_ch.grach2.axi_rach/grf.rf/gntv_or_sync_fifo.gcx.clkx/wr_pntr_cdc_inst/src_gray_ff_reg[2]} {Top_i/axi_interconnect_1/s00_couplers/auto_cc/inst/gen_clock_conv.gen_async_conv.asyncfifo_axi/inst_fifo_gen/gaxi_full_lite.gread_ch.grach2.axi_rach/grf.rf/gntv_or_sync_fifo.gcx.clkx/wr_pntr_cdc_inst/src_gray_ff_reg[3]}]] -to [get_cells [list {Top_i/axi_interconnect_1/s00_couplers/auto_cc/inst/gen_clock_conv.gen_async_conv.asyncfifo_axi/inst_fifo_gen/gaxi_full_lite.gread_ch.grach2.axi_rach/grf.rf/gntv_or_sync_fifo.gcx.clkx/wr_pntr_cdc_inst/dest_graysync_ff_reg[0][0]} {Top_i/axi_interconnect_1/s00_couplers/auto_cc/inst/gen_clock_conv.gen_async_conv.asyncfifo_axi/inst_fifo_gen/gaxi_full_lite.gread_ch.grach2.axi_rach/grf.rf/gntv_or_sync_fifo.gcx.clkx/wr_pntr_cdc_inst/dest_graysync_ff_reg[0][1]} {Top_i/axi_interconnect_1/s00_couplers/auto_cc/inst/gen_clock_conv.gen_async_conv.asyncfifo_axi/inst_fifo_gen/gaxi_full_lite.gread_ch.grach2.axi_rach/grf.rf/gntv_or_sync_fifo.gcx.clkx/wr_pntr_cdc_inst/dest_graysync_ff_reg[0][2]} {Top_i/axi_interconnect_1/s00_couplers/auto_cc/inst/gen_clock_conv.gen_async_conv.asyncfifo_axi/inst_fifo_gen/gaxi_full_lite.gread_ch.grach2.axi_rach/grf.rf/gntv_or_sync_fifo.gcx.clkx/wr_pntr_cdc_inst/dest_graysync_ff_reg[0][3]}]] 8.000
Requirement: 8.000ns
Endpoints: 4

From Clock            To Clock              Endpoint Pin                    Reference Pin                   Corner  Actual(ns)  Slack(ns)
--------------------  --------------------  ------------------------------  ------------------------------  ------  ----------  ---------
userclk2              clk_out1_Top_clk_wiz_1
                                            Top_i/axi_interconnect_1/s00_couplers/auto_cc/inst/gen_clock_conv.gen_async_conv.asyncfifo_axi/inst_fifo_gen/gaxi_full_lite.gread_ch.grach2.axi_rach/grf.rf/gntv_or_sync_fifo.gcx.clkx/wr_pntr_cdc_inst/dest_graysync_ff_reg[0][3]/D
                                                                            Top_i/axi_interconnect_1/s00_couplers/auto_cc/inst/gen_clock_conv.gen_async_conv.asyncfifo_axi/inst_fifo_gen/gaxi_full_lite.gread_ch.grach2.axi_rach/grf.rf/gntv_or_sync_fifo.gcx.clkx/wr_pntr_cdc_inst/dest_graysync_ff_reg[0][0]/D
                                                                                                            Slow         0.623      7.377


Slack (MET) :             7.377ns  (requirement - actual skew)
  Endpoint Source:        Top_i/axi_interconnect_1/s00_couplers/auto_cc/inst/gen_clock_conv.gen_async_conv.asyncfifo_axi/inst_fifo_gen/gaxi_full_lite.gread_ch.grach2.axi_rach/grf.rf/gntv_or_sync_fifo.gcx.clkx/wr_pntr_cdc_inst/src_gray_ff_reg[3]/C
                            (rising edge-triggered cell FDRE clocked by userclk2)
  Endpoint Destination:   Top_i/axi_interconnect_1/s00_couplers/auto_cc/inst/gen_clock_conv.gen_async_conv.asyncfifo_axi/inst_fifo_gen/gaxi_full_lite.gread_ch.grach2.axi_rach/grf.rf/gntv_or_sync_fifo.gcx.clkx/wr_pntr_cdc_inst/dest_graysync_ff_reg[0][3]/D
                            (rising edge-triggered cell FDRE clocked by clk_out1_Top_clk_wiz_1)
  Reference Source:       Top_i/axi_interconnect_1/s00_couplers/auto_cc/inst/gen_clock_conv.gen_async_conv.asyncfifo_axi/inst_fifo_gen/gaxi_full_lite.gread_ch.grach2.axi_rach/grf.rf/gntv_or_sync_fifo.gcx.clkx/wr_pntr_cdc_inst/src_gray_ff_reg[0]/C
                            (rising edge-triggered cell FDRE clocked by userclk2)
  Reference Destination:  Top_i/axi_interconnect_1/s00_couplers/auto_cc/inst/gen_clock_conv.gen_async_conv.asyncfifo_axi/inst_fifo_gen/gaxi_full_lite.gread_ch.grach2.axi_rach/grf.rf/gntv_or_sync_fifo.gcx.clkx/wr_pntr_cdc_inst/dest_graysync_ff_reg[0][0]/D
                            (rising edge-triggered cell FDRE clocked by clk_out1_Top_clk_wiz_1)
  Path Type:              Bus Skew (Max at Slow Process Corner)
  Requirement:            8.000ns
  Endpoint Relative Delay:    5.852ns
  Reference Relative Delay:   4.719ns
  Relative CRPR:              0.510ns
  Actual Bus Skew:            0.623ns  (Endpoint Relative Delay - Reference Relative Delay - Relative CRPR)

Endpoint path:
    Location             Delay type                Incr(ns)  Path(ns)    Netlist Resource(s)
  -------------------------------------------------------------------    -------------------
                         (clock userclk2 rise edge)
                                                      0.000     0.000 r  
    GTPE2_CHANNEL_X0Y6   GTPE2_CHANNEL                0.000     0.000 r  Top_i/xdma_0/inst/Top_xdma_0_0_pcie2_to_pcie3_wrapper_i/pcie2_ip_i/inst/inst/gt_top_i/pipe_wrapper_i/pipe_lane[0].gt_wrapper_i/gtp_channel.gtpe2_channel_i/TXOUTCLK
                         net (fo=1, routed)           1.274     1.274    Top_i/xdma_0/inst/Top_xdma_0_0_pcie2_to_pcie3_wrapper_i/pcie2_ip_i/inst/inst/gt_top_i/pipe_wrapper_i/pipe_clock_int.pipe_clock_i/txoutclk_i.txoutclk_i_0
    BUFGCTRL_X0Y19       BUFG (Prop_bufg_I_O)         0.081     1.355 r  Top_i/xdma_0/inst/Top_xdma_0_0_pcie2_to_pcie3_wrapper_i/pcie2_ip_i/inst/inst/gt_top_i/pipe_wrapper_i/pipe_clock_int.pipe_clock_i/txoutclk_i.txoutclk_i/O
                         net (fo=1, routed)           1.520     2.874    Top_i/xdma_0/inst/Top_xdma_0_0_pcie2_to_pcie3_wrapper_i/pcie2_ip_i/inst/inst/gt_top_i/pipe_wrapper_i/pipe_clock_int.pipe_clock_i/refclk
    MMCME2_ADV_X0Y2      MMCME2_ADV (Prop_mmcme2_adv_CLKIN1_CLKOUT3)
                                                      0.077     2.951 r  Top_i/xdma_0/inst/Top_xdma_0_0_pcie2_to_pcie3_wrapper_i/pcie2_ip_i/inst/inst/gt_top_i/pipe_wrapper_i/pipe_clock_int.pipe_clock_i/mmcm_i/CLKOUT3
                         net (fo=1, routed)           1.559     4.510    Top_i/xdma_0/inst/Top_xdma_0_0_pcie2_to_pcie3_wrapper_i/pcie2_ip_i/inst/inst/gt_top_i/pipe_wrapper_i/pipe_clock_int.pipe_clock_i/userclk2
    BUFGCTRL_X0Y0        BUFG (Prop_bufg_I_O)         0.081     4.591 r  Top_i/xdma_0/inst/Top_xdma_0_0_pcie2_to_pcie3_wrapper_i/pcie2_ip_i/inst/inst/gt_top_i/pipe_wrapper_i/pipe_clock_int.pipe_clock_i/userclk2_i1.usrclk2_i1/O
                         net (fo=19707, routed)       1.365     5.956    Top_i/axi_interconnect_1/s00_couplers/auto_cc/inst/gen_clock_conv.gen_async_conv.asyncfifo_axi/inst_fifo_gen/gaxi_full_lite.gread_ch.grach2.axi_rach/grf.rf/gntv_or_sync_fifo.gcx.clkx/wr_pntr_cdc_inst/src_clk
    SLICE_X80Y185        FDRE                                         r  Top_i/axi_interconnect_1/s00_couplers/auto_cc/inst/gen_clock_conv.gen_async_conv.asyncfifo_axi/inst_fifo_gen/gaxi_full_lite.gread_ch.grach2.axi_rach/grf.rf/gntv_or_sync_fifo.gcx.clkx/wr_pntr_cdc_inst/src_gray_ff_reg[3]/C
  -------------------------------------------------------------------    -------------------
    SLICE_X80Y185        FDRE (Prop_fdre_C_Q)         0.398     6.354 r  Top_i/axi_interconnect_1/s00_couplers/auto_cc/inst/gen_clock_conv.gen_async_conv.asyncfifo_axi/inst_fifo_gen/gaxi_full_lite.gread_ch.grach2.axi_rach/grf.rf/gntv_or_sync_fifo.gcx.clkx/wr_pntr_cdc_inst/src_gray_ff_reg[3]/Q
                         net (fo=1, routed)           0.473     6.827    Top_i/axi_interconnect_1/s00_couplers/auto_cc/inst/gen_clock_conv.gen_async_conv.asyncfifo_axi/inst_fifo_gen/gaxi_full_lite.gread_ch.grach2.axi_rach/grf.rf/gntv_or_sync_fifo.gcx.clkx/wr_pntr_cdc_inst/async_path[3]
    SLICE_X80Y184        FDRE                                         r  Top_i/axi_interconnect_1/s00_couplers/auto_cc/inst/gen_clock_conv.gen_async_conv.asyncfifo_axi/inst_fifo_gen/gaxi_full_lite.gread_ch.grach2.axi_rach/grf.rf/gntv_or_sync_fifo.gcx.clkx/wr_pntr_cdc_inst/dest_graysync_ff_reg[0][3]/D
  -------------------------------------------------------------------    -------------------

                         (clock clk_out1_Top_clk_wiz_1 rise edge)
                                                      0.000     0.000 r  
    IBUFDS_GTE2_X0Y2     IBUFDS_GTE2                  0.000     0.000 r  Top_i/util_ds_buf/U0/USE_IBUFDS_GTE2.GEN_IBUFDS_GTE2[0].IBUFDS_GTE2_I/O
                         net (fo=3, routed)           1.452     1.452    Top_i/clk_wiz/inst/clk_in1
    MMCME2_ADV_X0Y4      MMCME2_ADV (Prop_mmcme2_adv_CLKIN1_CLKOUT0)
                                                     -3.606    -2.154 r  Top_i/clk_wiz/inst/mmcm_adv_inst/CLKOUT0
                         net (fo=1, routed)           1.964    -0.190    Top_i/clk_wiz/inst/clk_out1_Top_clk_wiz_1
    BUFGCTRL_X0Y16       BUFG (Prop_bufg_I_O)         0.077    -0.113 r  Top_i/clk_wiz/inst/clkout1_buf/O
                         net (fo=116625, routed)      1.254     1.141    Top_i/axi_interconnect_1/s00_couplers/auto_cc/inst/gen_clock_conv.gen_async_conv.asyncfifo_axi/inst_fifo_gen/gaxi_full_lite.gread_ch.grach2.axi_rach/grf.rf/gntv_or_sync_fifo.gcx.clkx/wr_pntr_cdc_inst/dest_clk
    SLICE_X80Y184        FDRE                                         r  Top_i/axi_interconnect_1/s00_couplers/auto_cc/inst/gen_clock_conv.gen_async_conv.asyncfifo_axi/inst_fifo_gen/gaxi_full_lite.gread_ch.grach2.axi_rach/grf.rf/gntv_or_sync_fifo.gcx.clkx/wr_pntr_cdc_inst/dest_graysync_ff_reg[0][3]/C
                         clock pessimism              0.000     1.141    
    SLICE_X80Y184        FDRE (Setup_fdre_C_D)       -0.166     0.975    Top_i/axi_interconnect_1/s00_couplers/auto_cc/inst/gen_clock_conv.gen_async_conv.asyncfifo_axi/inst_fifo_gen/gaxi_full_lite.gread_ch.grach2.axi_rach/grf.rf/gntv_or_sync_fifo.gcx.clkx/wr_pntr_cdc_inst/dest_graysync_ff_reg[0][3]
  -------------------------------------------------------------------
                         data arrival                           6.827    
                         clock arrival                          0.975    
  -------------------------------------------------------------------
                         relative delay                         5.852    

Reference path:
    Location             Delay type                Incr(ns)  Path(ns)    Netlist Resource(s)
  -------------------------------------------------------------------    -------------------
                         (clock userclk2 rise edge)
                                                      0.000     0.000 r  
    GTPE2_CHANNEL_X0Y6   GTPE2_CHANNEL                0.000     0.000 r  Top_i/xdma_0/inst/Top_xdma_0_0_pcie2_to_pcie3_wrapper_i/pcie2_ip_i/inst/inst/gt_top_i/pipe_wrapper_i/pipe_lane[0].gt_wrapper_i/gtp_channel.gtpe2_channel_i/TXOUTCLK
                         net (fo=1, routed)           1.216     1.216    Top_i/xdma_0/inst/Top_xdma_0_0_pcie2_to_pcie3_wrapper_i/pcie2_ip_i/inst/inst/gt_top_i/pipe_wrapper_i/pipe_clock_int.pipe_clock_i/txoutclk_i.txoutclk_i_0
    BUFGCTRL_X0Y19       BUFG (Prop_bufg_I_O)         0.077     1.293 r  Top_i/xdma_0/inst/Top_xdma_0_0_pcie2_to_pcie3_wrapper_i/pcie2_ip_i/inst/inst/gt_top_i/pipe_wrapper_i/pipe_clock_int.pipe_clock_i/txoutclk_i.txoutclk_i/O
                         net (fo=1, routed)           1.417     2.710    Top_i/xdma_0/inst/Top_xdma_0_0_pcie2_to_pcie3_wrapper_i/pcie2_ip_i/inst/inst/gt_top_i/pipe_wrapper_i/pipe_clock_int.pipe_clock_i/refclk
    MMCME2_ADV_X0Y2      MMCME2_ADV (Prop_mmcme2_adv_CLKIN1_CLKOUT3)
                                                      0.073     2.783 r  Top_i/xdma_0/inst/Top_xdma_0_0_pcie2_to_pcie3_wrapper_i/pcie2_ip_i/inst/inst/gt_top_i/pipe_wrapper_i/pipe_clock_int.pipe_clock_i/mmcm_i/CLKOUT3
                         net (fo=1, routed)           1.488     4.271    Top_i/xdma_0/inst/Top_xdma_0_0_pcie2_to_pcie3_wrapper_i/pcie2_ip_i/inst/inst/gt_top_i/pipe_wrapper_i/pipe_clock_int.pipe_clock_i/userclk2
    BUFGCTRL_X0Y0        BUFG (Prop_bufg_I_O)         0.077     4.348 r  Top_i/xdma_0/inst/Top_xdma_0_0_pcie2_to_pcie3_wrapper_i/pcie2_ip_i/inst/inst/gt_top_i/pipe_wrapper_i/pipe_clock_int.pipe_clock_i/userclk2_i1.usrclk2_i1/O
                         net (fo=19707, routed)       1.257     5.605    Top_i/axi_interconnect_1/s00_couplers/auto_cc/inst/gen_clock_conv.gen_async_conv.asyncfifo_axi/inst_fifo_gen/gaxi_full_lite.gread_ch.grach2.axi_rach/grf.rf/gntv_or_sync_fifo.gcx.clkx/wr_pntr_cdc_inst/src_clk
    SLICE_X80Y185        FDRE                                         r  Top_i/axi_interconnect_1/s00_couplers/auto_cc/inst/gen_clock_conv.gen_async_conv.asyncfifo_axi/inst_fifo_gen/gaxi_full_lite.gread_ch.grach2.axi_rach/grf.rf/gntv_or_sync_fifo.gcx.clkx/wr_pntr_cdc_inst/src_gray_ff_reg[0]/C
  -------------------------------------------------------------------    -------------------
    SLICE_X80Y185        FDRE (Prop_fdre_C_Q)         0.347     5.952 r  Top_i/axi_interconnect_1/s00_couplers/auto_cc/inst/gen_clock_conv.gen_async_conv.asyncfifo_axi/inst_fifo_gen/gaxi_full_lite.gread_ch.grach2.axi_rach/grf.rf/gntv_or_sync_fifo.gcx.clkx/wr_pntr_cdc_inst/src_gray_ff_reg[0]/Q
                         net (fo=1, routed)           0.286     6.238    Top_i/axi_interconnect_1/s00_couplers/auto_cc/inst/gen_clock_conv.gen_async_conv.asyncfifo_axi/inst_fifo_gen/gaxi_full_lite.gread_ch.grach2.axi_rach/grf.rf/gntv_or_sync_fifo.gcx.clkx/wr_pntr_cdc_inst/async_path[0]
    SLICE_X80Y186        FDRE                                         r  Top_i/axi_interconnect_1/s00_couplers/auto_cc/inst/gen_clock_conv.gen_async_conv.asyncfifo_axi/inst_fifo_gen/gaxi_full_lite.gread_ch.grach2.axi_rach/grf.rf/gntv_or_sync_fifo.gcx.clkx/wr_pntr_cdc_inst/dest_graysync_ff_reg[0][0]/D
  -------------------------------------------------------------------    -------------------

                         (clock clk_out1_Top_clk_wiz_1 rise edge)
                                                      0.000     0.000 r  
    IBUFDS_GTE2_X0Y2     IBUFDS_GTE2                  0.000     0.000 r  Top_i/util_ds_buf/U0/USE_IBUFDS_GTE2.GEN_IBUFDS_GTE2[0].IBUFDS_GTE2_I/O
                         net (fo=3, routed)           1.638     1.638    Top_i/clk_wiz/inst/clk_in1
    MMCME2_ADV_X0Y4      MMCME2_ADV (Prop_mmcme2_adv_CLKIN1_CLKOUT0)
                                                     -3.816    -2.178 r  Top_i/clk_wiz/inst/mmcm_adv_inst/CLKOUT0
                         net (fo=1, routed)           2.061    -0.117    Top_i/clk_wiz/inst/clk_out1_Top_clk_wiz_1
    BUFGCTRL_X0Y16       BUFG (Prop_bufg_I_O)         0.081    -0.036 r  Top_i/clk_wiz/inst/clkout1_buf/O
                         net (fo=116625, routed)      1.364     1.328    Top_i/axi_interconnect_1/s00_couplers/auto_cc/inst/gen_clock_conv.gen_async_conv.asyncfifo_axi/inst_fifo_gen/gaxi_full_lite.gread_ch.grach2.axi_rach/grf.rf/gntv_or_sync_fifo.gcx.clkx/wr_pntr_cdc_inst/dest_clk
    SLICE_X80Y186        FDRE                                         r  Top_i/axi_interconnect_1/s00_couplers/auto_cc/inst/gen_clock_conv.gen_async_conv.asyncfifo_axi/inst_fifo_gen/gaxi_full_lite.gread_ch.grach2.axi_rach/grf.rf/gntv_or_sync_fifo.gcx.clkx/wr_pntr_cdc_inst/dest_graysync_ff_reg[0][0]/C
                         clock pessimism              0.000     1.328    
    SLICE_X80Y186        FDRE (Hold_fdre_C_D)         0.191     1.519    Top_i/axi_interconnect_1/s00_couplers/auto_cc/inst/gen_clock_conv.gen_async_conv.asyncfifo_axi/inst_fifo_gen/gaxi_full_lite.gread_ch.grach2.axi_rach/grf.rf/gntv_or_sync_fifo.gcx.clkx/wr_pntr_cdc_inst/dest_graysync_ff_reg[0][0]
  -------------------------------------------------------------------
                         data arrival                           6.238    
                         clock arrival                          1.519    
  -------------------------------------------------------------------
                         relative delay                         4.719    



Id: 9
set_bus_skew -from [get_cells [list {Top_i/axi_interconnect_1/s00_couplers/auto_cc/inst/gen_clock_conv.gen_async_conv.asyncfifo_axi/inst_fifo_gen/gaxi_full_lite.gread_ch.grach2.axi_rach/grf.rf/gntv_or_sync_fifo.gcx.clkx/rd_pntr_cdc_inst/src_gray_ff_reg[0]} {Top_i/axi_interconnect_1/s00_couplers/auto_cc/inst/gen_clock_conv.gen_async_conv.asyncfifo_axi/inst_fifo_gen/gaxi_full_lite.gread_ch.grach2.axi_rach/grf.rf/gntv_or_sync_fifo.gcx.clkx/rd_pntr_cdc_inst/src_gray_ff_reg[1]} {Top_i/axi_interconnect_1/s00_couplers/auto_cc/inst/gen_clock_conv.gen_async_conv.asyncfifo_axi/inst_fifo_gen/gaxi_full_lite.gread_ch.grach2.axi_rach/grf.rf/gntv_or_sync_fifo.gcx.clkx/rd_pntr_cdc_inst/src_gray_ff_reg[2]} {Top_i/axi_interconnect_1/s00_couplers/auto_cc/inst/gen_clock_conv.gen_async_conv.asyncfifo_axi/inst_fifo_gen/gaxi_full_lite.gread_ch.grach2.axi_rach/grf.rf/gntv_or_sync_fifo.gcx.clkx/rd_pntr_cdc_inst/src_gray_ff_reg[3]}]] -to [get_cells [list {Top_i/axi_interconnect_1/s00_couplers/auto_cc/inst/gen_clock_conv.gen_async_conv.asyncfifo_axi/inst_fifo_gen/gaxi_full_lite.gread_ch.grach2.axi_rach/grf.rf/gntv_or_sync_fifo.gcx.clkx/rd_pntr_cdc_inst/dest_graysync_ff_reg[0][0]} {Top_i/axi_interconnect_1/s00_couplers/auto_cc/inst/gen_clock_conv.gen_async_conv.asyncfifo_axi/inst_fifo_gen/gaxi_full_lite.gread_ch.grach2.axi_rach/grf.rf/gntv_or_sync_fifo.gcx.clkx/rd_pntr_cdc_inst/dest_graysync_ff_reg[0][1]} {Top_i/axi_interconnect_1/s00_couplers/auto_cc/inst/gen_clock_conv.gen_async_conv.asyncfifo_axi/inst_fifo_gen/gaxi_full_lite.gread_ch.grach2.axi_rach/grf.rf/gntv_or_sync_fifo.gcx.clkx/rd_pntr_cdc_inst/dest_graysync_ff_reg[0][2]} {Top_i/axi_interconnect_1/s00_couplers/auto_cc/inst/gen_clock_conv.gen_async_conv.asyncfifo_axi/inst_fifo_gen/gaxi_full_lite.gread_ch.grach2.axi_rach/grf.rf/gntv_or_sync_fifo.gcx.clkx/rd_pntr_cdc_inst/dest_graysync_ff_reg[0][3]}]] 8.000
Requirement: 8.000ns
Endpoints: 4

From Clock            To Clock              Endpoint Pin                    Reference Pin                   Corner  Actual(ns)  Slack(ns)
--------------------  --------------------  ------------------------------  ------------------------------  ------  ----------  ---------
clk_out1_Top_clk_wiz_1
                      userclk2              Top_i/axi_interconnect_1/s00_couplers/auto_cc/inst/gen_clock_conv.gen_async_conv.asyncfifo_axi/inst_fifo_gen/gaxi_full_lite.gread_ch.grach2.axi_rach/grf.rf/gntv_or_sync_fifo.gcx.clkx/rd_pntr_cdc_inst/dest_graysync_ff_reg[0][3]/D
                                                                            Top_i/axi_interconnect_1/s00_couplers/auto_cc/inst/gen_clock_conv.gen_async_conv.asyncfifo_axi/inst_fifo_gen/gaxi_full_lite.gread_ch.grach2.axi_rach/grf.rf/gntv_or_sync_fifo.gcx.clkx/rd_pntr_cdc_inst/dest_graysync_ff_reg[0][1]/D
                                                                                                            Slow         0.704      7.296


Slack (MET) :             7.296ns  (requirement - actual skew)
  Endpoint Source:        Top_i/axi_interconnect_1/s00_couplers/auto_cc/inst/gen_clock_conv.gen_async_conv.asyncfifo_axi/inst_fifo_gen/gaxi_full_lite.gread_ch.grach2.axi_rach/grf.rf/gntv_or_sync_fifo.gcx.clkx/rd_pntr_cdc_inst/src_gray_ff_reg[3]/C
                            (rising edge-triggered cell FDRE clocked by clk_out1_Top_clk_wiz_1)
  Endpoint Destination:   Top_i/axi_interconnect_1/s00_couplers/auto_cc/inst/gen_clock_conv.gen_async_conv.asyncfifo_axi/inst_fifo_gen/gaxi_full_lite.gread_ch.grach2.axi_rach/grf.rf/gntv_or_sync_fifo.gcx.clkx/rd_pntr_cdc_inst/dest_graysync_ff_reg[0][3]/D
                            (rising edge-triggered cell FDRE clocked by userclk2)
  Reference Source:       Top_i/axi_interconnect_1/s00_couplers/auto_cc/inst/gen_clock_conv.gen_async_conv.asyncfifo_axi/inst_fifo_gen/gaxi_full_lite.gread_ch.grach2.axi_rach/grf.rf/gntv_or_sync_fifo.gcx.clkx/rd_pntr_cdc_inst/src_gray_ff_reg[1]/C
                            (rising edge-triggered cell FDRE clocked by clk_out1_Top_clk_wiz_1)
  Reference Destination:  Top_i/axi_interconnect_1/s00_couplers/auto_cc/inst/gen_clock_conv.gen_async_conv.asyncfifo_axi/inst_fifo_gen/gaxi_full_lite.gread_ch.grach2.axi_rach/grf.rf/gntv_or_sync_fifo.gcx.clkx/rd_pntr_cdc_inst/dest_graysync_ff_reg[0][1]/D
                            (rising edge-triggered cell FDRE clocked by userclk2)
  Path Type:              Bus Skew (Max at Slow Process Corner)
  Requirement:            8.000ns
  Endpoint Relative Delay:   -3.239ns
  Reference Relative Delay:  -4.379ns
  Relative CRPR:              0.436ns
  Actual Bus Skew:            0.704ns  (Endpoint Relative Delay - Reference Relative Delay - Relative CRPR)

Endpoint path:
    Location             Delay type                Incr(ns)  Path(ns)    Netlist Resource(s)
  -------------------------------------------------------------------    -------------------
                         (clock clk_out1_Top_clk_wiz_1 rise edge)
                                                      0.000     0.000 r  
    IBUFDS_GTE2_X0Y2     IBUFDS_GTE2                  0.000     0.000 r  Top_i/util_ds_buf/U0/USE_IBUFDS_GTE2.GEN_IBUFDS_GTE2[0].IBUFDS_GTE2_I/O
                         net (fo=3, routed)           1.638     1.638    Top_i/clk_wiz/inst/clk_in1
    MMCME2_ADV_X0Y4      MMCME2_ADV (Prop_mmcme2_adv_CLKIN1_CLKOUT0)
                                                     -3.816    -2.178 r  Top_i/clk_wiz/inst/mmcm_adv_inst/CLKOUT0
                         net (fo=1, routed)           2.061    -0.117    Top_i/clk_wiz/inst/clk_out1_Top_clk_wiz_1
    BUFGCTRL_X0Y16       BUFG (Prop_bufg_I_O)         0.081    -0.036 r  Top_i/clk_wiz/inst/clkout1_buf/O
                         net (fo=116625, routed)      1.364     1.328    Top_i/axi_interconnect_1/s00_couplers/auto_cc/inst/gen_clock_conv.gen_async_conv.asyncfifo_axi/inst_fifo_gen/gaxi_full_lite.gread_ch.grach2.axi_rach/grf.rf/gntv_or_sync_fifo.gcx.clkx/rd_pntr_cdc_inst/src_clk
    SLICE_X80Y186        FDRE                                         r  Top_i/axi_interconnect_1/s00_couplers/auto_cc/inst/gen_clock_conv.gen_async_conv.asyncfifo_axi/inst_fifo_gen/gaxi_full_lite.gread_ch.grach2.axi_rach/grf.rf/gntv_or_sync_fifo.gcx.clkx/rd_pntr_cdc_inst/src_gray_ff_reg[3]/C
  -------------------------------------------------------------------    -------------------
    SLICE_X80Y186        FDRE (Prop_fdre_C_Q)         0.398     1.726 r  Top_i/axi_interconnect_1/s00_couplers/auto_cc/inst/gen_clock_conv.gen_async_conv.asyncfifo_axi/inst_fifo_gen/gaxi_full_lite.gread_ch.grach2.axi_rach/grf.rf/gntv_or_sync_fifo.gcx.clkx/rd_pntr_cdc_inst/src_gray_ff_reg[3]/Q
                         net (fo=1, routed)           0.483     2.209    Top_i/axi_interconnect_1/s00_couplers/auto_cc/inst/gen_clock_conv.gen_async_conv.asyncfifo_axi/inst_fifo_gen/gaxi_full_lite.gread_ch.grach2.axi_rach/grf.rf/gntv_or_sync_fifo.gcx.clkx/rd_pntr_cdc_inst/async_path[3]
    SLICE_X84Y186        FDRE                                         r  Top_i/axi_interconnect_1/s00_couplers/auto_cc/inst/gen_clock_conv.gen_async_conv.asyncfifo_axi/inst_fifo_gen/gaxi_full_lite.gread_ch.grach2.axi_rach/grf.rf/gntv_or_sync_fifo.gcx.clkx/rd_pntr_cdc_inst/dest_graysync_ff_reg[0][3]/D
  -------------------------------------------------------------------    -------------------

                         (clock userclk2 rise edge)
                                                      0.000     0.000 r  
    GTPE2_CHANNEL_X0Y6   GTPE2_CHANNEL                0.000     0.000 r  Top_i/xdma_0/inst/Top_xdma_0_0_pcie2_to_pcie3_wrapper_i/pcie2_ip_i/inst/inst/gt_top_i/pipe_wrapper_i/pipe_lane[0].gt_wrapper_i/gtp_channel.gtpe2_channel_i/TXOUTCLK
                         net (fo=1, routed)           1.216     1.216    Top_i/xdma_0/inst/Top_xdma_0_0_pcie2_to_pcie3_wrapper_i/pcie2_ip_i/inst/inst/gt_top_i/pipe_wrapper_i/pipe_clock_int.pipe_clock_i/txoutclk_i.txoutclk_i_0
    BUFGCTRL_X0Y19       BUFG (Prop_bufg_I_O)         0.077     1.293 r  Top_i/xdma_0/inst/Top_xdma_0_0_pcie2_to_pcie3_wrapper_i/pcie2_ip_i/inst/inst/gt_top_i/pipe_wrapper_i/pipe_clock_int.pipe_clock_i/txoutclk_i.txoutclk_i/O
                         net (fo=1, routed)           1.417     2.710    Top_i/xdma_0/inst/Top_xdma_0_0_pcie2_to_pcie3_wrapper_i/pcie2_ip_i/inst/inst/gt_top_i/pipe_wrapper_i/pipe_clock_int.pipe_clock_i/refclk
    MMCME2_ADV_X0Y2      MMCME2_ADV (Prop_mmcme2_adv_CLKIN1_CLKOUT3)
                                                      0.073     2.783 r  Top_i/xdma_0/inst/Top_xdma_0_0_pcie2_to_pcie3_wrapper_i/pcie2_ip_i/inst/inst/gt_top_i/pipe_wrapper_i/pipe_clock_int.pipe_clock_i/mmcm_i/CLKOUT3
                         net (fo=1, routed)           1.488     4.271    Top_i/xdma_0/inst/Top_xdma_0_0_pcie2_to_pcie3_wrapper_i/pcie2_ip_i/inst/inst/gt_top_i/pipe_wrapper_i/pipe_clock_int.pipe_clock_i/userclk2
    BUFGCTRL_X0Y0        BUFG (Prop_bufg_I_O)         0.077     4.348 r  Top_i/xdma_0/inst/Top_xdma_0_0_pcie2_to_pcie3_wrapper_i/pcie2_ip_i/inst/inst/gt_top_i/pipe_wrapper_i/pipe_clock_int.pipe_clock_i/userclk2_i1.usrclk2_i1/O
                         net (fo=19707, routed)       1.260     5.608    Top_i/axi_interconnect_1/s00_couplers/auto_cc/inst/gen_clock_conv.gen_async_conv.asyncfifo_axi/inst_fifo_gen/gaxi_full_lite.gread_ch.grach2.axi_rach/grf.rf/gntv_or_sync_fifo.gcx.clkx/rd_pntr_cdc_inst/dest_clk
    SLICE_X84Y186        FDRE                                         r  Top_i/axi_interconnect_1/s00_couplers/auto_cc/inst/gen_clock_conv.gen_async_conv.asyncfifo_axi/inst_fifo_gen/gaxi_full_lite.gread_ch.grach2.axi_rach/grf.rf/gntv_or_sync_fifo.gcx.clkx/rd_pntr_cdc_inst/dest_graysync_ff_reg[0][3]/C
                         clock pessimism              0.000     5.608    
    SLICE_X84Y186        FDRE (Setup_fdre_C_D)       -0.160     5.448    Top_i/axi_interconnect_1/s00_couplers/auto_cc/inst/gen_clock_conv.gen_async_conv.asyncfifo_axi/inst_fifo_gen/gaxi_full_lite.gread_ch.grach2.axi_rach/grf.rf/gntv_or_sync_fifo.gcx.clkx/rd_pntr_cdc_inst/dest_graysync_ff_reg[0][3]
  -------------------------------------------------------------------
                         data arrival                           2.209    
                         clock arrival                          5.448    
  -------------------------------------------------------------------
                         relative delay                        -3.239    

Reference path:
    Location             Delay type                Incr(ns)  Path(ns)    Netlist Resource(s)
  -------------------------------------------------------------------    -------------------
                         (clock clk_out1_Top_clk_wiz_1 rise edge)
                                                      0.000     0.000 r  
    IBUFDS_GTE2_X0Y2     IBUFDS_GTE2                  0.000     0.000 r  Top_i/util_ds_buf/U0/USE_IBUFDS_GTE2.GEN_IBUFDS_GTE2[0].IBUFDS_GTE2_I/O
                         net (fo=3, routed)           1.452     1.452    Top_i/clk_wiz/inst/clk_in1
    MMCME2_ADV_X0Y4      MMCME2_ADV (Prop_mmcme2_adv_CLKIN1_CLKOUT0)
                                                     -3.606    -2.154 r  Top_i/clk_wiz/inst/mmcm_adv_inst/CLKOUT0
                         net (fo=1, routed)           1.964    -0.190    Top_i/clk_wiz/inst/clk_out1_Top_clk_wiz_1
    BUFGCTRL_X0Y16       BUFG (Prop_bufg_I_O)         0.077    -0.113 r  Top_i/clk_wiz/inst/clkout1_buf/O
                         net (fo=116625, routed)      1.256     1.143    Top_i/axi_interconnect_1/s00_couplers/auto_cc/inst/gen_clock_conv.gen_async_conv.asyncfifo_axi/inst_fifo_gen/gaxi_full_lite.gread_ch.grach2.axi_rach/grf.rf/gntv_or_sync_fifo.gcx.clkx/rd_pntr_cdc_inst/src_clk
    SLICE_X80Y186        FDRE                                         r  Top_i/axi_interconnect_1/s00_couplers/auto_cc/inst/gen_clock_conv.gen_async_conv.asyncfifo_axi/inst_fifo_gen/gaxi_full_lite.gread_ch.grach2.axi_rach/grf.rf/gntv_or_sync_fifo.gcx.clkx/rd_pntr_cdc_inst/src_gray_ff_reg[1]/C
  -------------------------------------------------------------------    -------------------
    SLICE_X80Y186        FDRE (Prop_fdre_C_Q)         0.319     1.462 r  Top_i/axi_interconnect_1/s00_couplers/auto_cc/inst/gen_clock_conv.gen_async_conv.asyncfifo_axi/inst_fifo_gen/gaxi_full_lite.gread_ch.grach2.axi_rach/grf.rf/gntv_or_sync_fifo.gcx.clkx/rd_pntr_cdc_inst/src_gray_ff_reg[1]/Q
                         net (fo=1, routed)           0.206     1.668    Top_i/axi_interconnect_1/s00_couplers/auto_cc/inst/gen_clock_conv.gen_async_conv.asyncfifo_axi/inst_fifo_gen/gaxi_full_lite.gread_ch.grach2.axi_rach/grf.rf/gntv_or_sync_fifo.gcx.clkx/rd_pntr_cdc_inst/async_path[1]
    SLICE_X80Y188        FDRE                                         r  Top_i/axi_interconnect_1/s00_couplers/auto_cc/inst/gen_clock_conv.gen_async_conv.asyncfifo_axi/inst_fifo_gen/gaxi_full_lite.gread_ch.grach2.axi_rach/grf.rf/gntv_or_sync_fifo.gcx.clkx/rd_pntr_cdc_inst/dest_graysync_ff_reg[0][1]/D
  -------------------------------------------------------------------    -------------------

                         (clock userclk2 rise edge)
                                                      0.000     0.000 r  
    GTPE2_CHANNEL_X0Y6   GTPE2_CHANNEL                0.000     0.000 r  Top_i/xdma_0/inst/Top_xdma_0_0_pcie2_to_pcie3_wrapper_i/pcie2_ip_i/inst/inst/gt_top_i/pipe_wrapper_i/pipe_lane[0].gt_wrapper_i/gtp_channel.gtpe2_channel_i/TXOUTCLK
                         net (fo=1, routed)           1.274     1.274    Top_i/xdma_0/inst/Top_xdma_0_0_pcie2_to_pcie3_wrapper_i/pcie2_ip_i/inst/inst/gt_top_i/pipe_wrapper_i/pipe_clock_int.pipe_clock_i/txoutclk_i.txoutclk_i_0
    BUFGCTRL_X0Y19       BUFG (Prop_bufg_I_O)         0.081     1.355 r  Top_i/xdma_0/inst/Top_xdma_0_0_pcie2_to_pcie3_wrapper_i/pcie2_ip_i/inst/inst/gt_top_i/pipe_wrapper_i/pipe_clock_int.pipe_clock_i/txoutclk_i.txoutclk_i/O
                         net (fo=1, routed)           1.520     2.874    Top_i/xdma_0/inst/Top_xdma_0_0_pcie2_to_pcie3_wrapper_i/pcie2_ip_i/inst/inst/gt_top_i/pipe_wrapper_i/pipe_clock_int.pipe_clock_i/refclk
    MMCME2_ADV_X0Y2      MMCME2_ADV (Prop_mmcme2_adv_CLKIN1_CLKOUT3)
                                                      0.077     2.951 r  Top_i/xdma_0/inst/Top_xdma_0_0_pcie2_to_pcie3_wrapper_i/pcie2_ip_i/inst/inst/gt_top_i/pipe_wrapper_i/pipe_clock_int.pipe_clock_i/mmcm_i/CLKOUT3
                         net (fo=1, routed)           1.559     4.510    Top_i/xdma_0/inst/Top_xdma_0_0_pcie2_to_pcie3_wrapper_i/pcie2_ip_i/inst/inst/gt_top_i/pipe_wrapper_i/pipe_clock_int.pipe_clock_i/userclk2
    BUFGCTRL_X0Y0        BUFG (Prop_bufg_I_O)         0.081     4.591 r  Top_i/xdma_0/inst/Top_xdma_0_0_pcie2_to_pcie3_wrapper_i/pcie2_ip_i/inst/inst/gt_top_i/pipe_wrapper_i/pipe_clock_int.pipe_clock_i/userclk2_i1.usrclk2_i1/O
                         net (fo=19707, routed)       1.368     5.959    Top_i/axi_interconnect_1/s00_couplers/auto_cc/inst/gen_clock_conv.gen_async_conv.asyncfifo_axi/inst_fifo_gen/gaxi_full_lite.gread_ch.grach2.axi_rach/grf.rf/gntv_or_sync_fifo.gcx.clkx/rd_pntr_cdc_inst/dest_clk
    SLICE_X80Y188        FDRE                                         r  Top_i/axi_interconnect_1/s00_couplers/auto_cc/inst/gen_clock_conv.gen_async_conv.asyncfifo_axi/inst_fifo_gen/gaxi_full_lite.gread_ch.grach2.axi_rach/grf.rf/gntv_or_sync_fifo.gcx.clkx/rd_pntr_cdc_inst/dest_graysync_ff_reg[0][1]/C
                         clock pessimism              0.000     5.959    
    SLICE_X80Y188        FDRE (Hold_fdre_C_D)         0.087     6.046    Top_i/axi_interconnect_1/s00_couplers/auto_cc/inst/gen_clock_conv.gen_async_conv.asyncfifo_axi/inst_fifo_gen/gaxi_full_lite.gread_ch.grach2.axi_rach/grf.rf/gntv_or_sync_fifo.gcx.clkx/rd_pntr_cdc_inst/dest_graysync_ff_reg[0][1]
  -------------------------------------------------------------------
                         data arrival                           1.668    
                         clock arrival                          6.046    
  -------------------------------------------------------------------
                         relative delay                        -4.379    



Id: 10
set_bus_skew -from [get_cells [list {Top_i/axi_interconnect_1/s00_couplers/auto_cc/inst/gen_clock_conv.gen_async_conv.asyncfifo_axi/inst_fifo_gen/gaxi_full_lite.gread_ch.grdch2.axi_rdch/grf.rf/gntv_or_sync_fifo.gcx.clkx/wr_pntr_cdc_inst/src_gray_ff_reg[0]} {Top_i/axi_interconnect_1/s00_couplers/auto_cc/inst/gen_clock_conv.gen_async_conv.asyncfifo_axi/inst_fifo_gen/gaxi_full_lite.gread_ch.grdch2.axi_rdch/grf.rf/gntv_or_sync_fifo.gcx.clkx/wr_pntr_cdc_inst/src_gray_ff_reg[1]} {Top_i/axi_interconnect_1/s00_couplers/auto_cc/inst/gen_clock_conv.gen_async_conv.asyncfifo_axi/inst_fifo_gen/gaxi_full_lite.gread_ch.grdch2.axi_rdch/grf.rf/gntv_or_sync_fifo.gcx.clkx/wr_pntr_cdc_inst/src_gray_ff_reg[2]} {Top_i/axi_interconnect_1/s00_couplers/auto_cc/inst/gen_clock_conv.gen_async_conv.asyncfifo_axi/inst_fifo_gen/gaxi_full_lite.gread_ch.grdch2.axi_rdch/grf.rf/gntv_or_sync_fifo.gcx.clkx/wr_pntr_cdc_inst/src_gray_ff_reg[3]}]] -to [get_cells [list {Top_i/axi_interconnect_1/s00_couplers/auto_cc/inst/gen_clock_conv.gen_async_conv.asyncfifo_axi/inst_fifo_gen/gaxi_full_lite.gread_ch.grdch2.axi_rdch/grf.rf/gntv_or_sync_fifo.gcx.clkx/wr_pntr_cdc_inst/dest_graysync_ff_reg[0][0]} {Top_i/axi_interconnect_1/s00_couplers/auto_cc/inst/gen_clock_conv.gen_async_conv.asyncfifo_axi/inst_fifo_gen/gaxi_full_lite.gread_ch.grdch2.axi_rdch/grf.rf/gntv_or_sync_fifo.gcx.clkx/wr_pntr_cdc_inst/dest_graysync_ff_reg[0][1]} {Top_i/axi_interconnect_1/s00_couplers/auto_cc/inst/gen_clock_conv.gen_async_conv.asyncfifo_axi/inst_fifo_gen/gaxi_full_lite.gread_ch.grdch2.axi_rdch/grf.rf/gntv_or_sync_fifo.gcx.clkx/wr_pntr_cdc_inst/dest_graysync_ff_reg[0][2]} {Top_i/axi_interconnect_1/s00_couplers/auto_cc/inst/gen_clock_conv.gen_async_conv.asyncfifo_axi/inst_fifo_gen/gaxi_full_lite.gread_ch.grdch2.axi_rdch/grf.rf/gntv_or_sync_fifo.gcx.clkx/wr_pntr_cdc_inst/dest_graysync_ff_reg[0][3]}]] 8.000
Requirement: 8.000ns
Endpoints: 4

From Clock            To Clock              Endpoint Pin                    Reference Pin                   Corner  Actual(ns)  Slack(ns)
--------------------  --------------------  ------------------------------  ------------------------------  ------  ----------  ---------
clk_out1_Top_clk_wiz_1
                      userclk2              Top_i/axi_interconnect_1/s00_couplers/auto_cc/inst/gen_clock_conv.gen_async_conv.asyncfifo_axi/inst_fifo_gen/gaxi_full_lite.gread_ch.grdch2.axi_rdch/grf.rf/gntv_or_sync_fifo.gcx.clkx/wr_pntr_cdc_inst/dest_graysync_ff_reg[0][3]/D
                                                                            Top_i/axi_interconnect_1/s00_couplers/auto_cc/inst/gen_clock_conv.gen_async_conv.asyncfifo_axi/inst_fifo_gen/gaxi_full_lite.gread_ch.grdch2.axi_rdch/grf.rf/gntv_or_sync_fifo.gcx.clkx/wr_pntr_cdc_inst/dest_graysync_ff_reg[0][1]/D
                                                                                                            Slow         0.612      7.388


Slack (MET) :             7.388ns  (requirement - actual skew)
  Endpoint Source:        Top_i/axi_interconnect_1/s00_couplers/auto_cc/inst/gen_clock_conv.gen_async_conv.asyncfifo_axi/inst_fifo_gen/gaxi_full_lite.gread_ch.grdch2.axi_rdch/grf.rf/gntv_or_sync_fifo.gcx.clkx/wr_pntr_cdc_inst/src_gray_ff_reg[3]/C
                            (rising edge-triggered cell FDRE clocked by clk_out1_Top_clk_wiz_1)
  Endpoint Destination:   Top_i/axi_interconnect_1/s00_couplers/auto_cc/inst/gen_clock_conv.gen_async_conv.asyncfifo_axi/inst_fifo_gen/gaxi_full_lite.gread_ch.grdch2.axi_rdch/grf.rf/gntv_or_sync_fifo.gcx.clkx/wr_pntr_cdc_inst/dest_graysync_ff_reg[0][3]/D
                            (rising edge-triggered cell FDRE clocked by userclk2)
  Reference Source:       Top_i/axi_interconnect_1/s00_couplers/auto_cc/inst/gen_clock_conv.gen_async_conv.asyncfifo_axi/inst_fifo_gen/gaxi_full_lite.gread_ch.grdch2.axi_rdch/grf.rf/gntv_or_sync_fifo.gcx.clkx/wr_pntr_cdc_inst/src_gray_ff_reg[1]/C
                            (rising edge-triggered cell FDRE clocked by clk_out1_Top_clk_wiz_1)
  Reference Destination:  Top_i/axi_interconnect_1/s00_couplers/auto_cc/inst/gen_clock_conv.gen_async_conv.asyncfifo_axi/inst_fifo_gen/gaxi_full_lite.gread_ch.grdch2.axi_rdch/grf.rf/gntv_or_sync_fifo.gcx.clkx/wr_pntr_cdc_inst/dest_graysync_ff_reg[0][1]/D
                            (rising edge-triggered cell FDRE clocked by userclk2)
  Path Type:              Bus Skew (Max at Slow Process Corner)
  Requirement:            8.000ns
  Endpoint Relative Delay:   -3.288ns
  Reference Relative Delay:  -4.352ns
  Relative CRPR:              0.452ns
  Actual Bus Skew:            0.612ns  (Endpoint Relative Delay - Reference Relative Delay - Relative CRPR)

Endpoint path:
    Location             Delay type                Incr(ns)  Path(ns)    Netlist Resource(s)
  -------------------------------------------------------------------    -------------------
                         (clock clk_out1_Top_clk_wiz_1 rise edge)
                                                      0.000     0.000 r  
    IBUFDS_GTE2_X0Y2     IBUFDS_GTE2                  0.000     0.000 r  Top_i/util_ds_buf/U0/USE_IBUFDS_GTE2.GEN_IBUFDS_GTE2[0].IBUFDS_GTE2_I/O
                         net (fo=3, routed)           1.638     1.638    Top_i/clk_wiz/inst/clk_in1
    MMCME2_ADV_X0Y4      MMCME2_ADV (Prop_mmcme2_adv_CLKIN1_CLKOUT0)
                                                     -3.816    -2.178 r  Top_i/clk_wiz/inst/mmcm_adv_inst/CLKOUT0
                         net (fo=1, routed)           2.061    -0.117    Top_i/clk_wiz/inst/clk_out1_Top_clk_wiz_1
    BUFGCTRL_X0Y16       BUFG (Prop_bufg_I_O)         0.081    -0.036 r  Top_i/clk_wiz/inst/clkout1_buf/O
                         net (fo=116625, routed)      1.366     1.330    Top_i/axi_interconnect_1/s00_couplers/auto_cc/inst/gen_clock_conv.gen_async_conv.asyncfifo_axi/inst_fifo_gen/gaxi_full_lite.gread_ch.grdch2.axi_rdch/grf.rf/gntv_or_sync_fifo.gcx.clkx/wr_pntr_cdc_inst/src_clk
    SLICE_X67Y175        FDRE                                         r  Top_i/axi_interconnect_1/s00_couplers/auto_cc/inst/gen_clock_conv.gen_async_conv.asyncfifo_axi/inst_fifo_gen/gaxi_full_lite.gread_ch.grdch2.axi_rdch/grf.rf/gntv_or_sync_fifo.gcx.clkx/wr_pntr_cdc_inst/src_gray_ff_reg[3]/C
  -------------------------------------------------------------------    -------------------
    SLICE_X67Y175        FDRE (Prop_fdre_C_Q)         0.348     1.678 r  Top_i/axi_interconnect_1/s00_couplers/auto_cc/inst/gen_clock_conv.gen_async_conv.asyncfifo_axi/inst_fifo_gen/gaxi_full_lite.gread_ch.grdch2.axi_rdch/grf.rf/gntv_or_sync_fifo.gcx.clkx/wr_pntr_cdc_inst/src_gray_ff_reg[3]/Q
                         net (fo=1, routed)           0.475     2.153    Top_i/axi_interconnect_1/s00_couplers/auto_cc/inst/gen_clock_conv.gen_async_conv.asyncfifo_axi/inst_fifo_gen/gaxi_full_lite.gread_ch.grdch2.axi_rdch/grf.rf/gntv_or_sync_fifo.gcx.clkx/wr_pntr_cdc_inst/async_path[3]
    SLICE_X66Y175        FDRE                                         r  Top_i/axi_interconnect_1/s00_couplers/auto_cc/inst/gen_clock_conv.gen_async_conv.asyncfifo_axi/inst_fifo_gen/gaxi_full_lite.gread_ch.grdch2.axi_rdch/grf.rf/gntv_or_sync_fifo.gcx.clkx/wr_pntr_cdc_inst/dest_graysync_ff_reg[0][3]/D
  -------------------------------------------------------------------    -------------------

                         (clock userclk2 rise edge)
                                                      0.000     0.000 r  
    GTPE2_CHANNEL_X0Y6   GTPE2_CHANNEL                0.000     0.000 r  Top_i/xdma_0/inst/Top_xdma_0_0_pcie2_to_pcie3_wrapper_i/pcie2_ip_i/inst/inst/gt_top_i/pipe_wrapper_i/pipe_lane[0].gt_wrapper_i/gtp_channel.gtpe2_channel_i/TXOUTCLK
                         net (fo=1, routed)           1.216     1.216    Top_i/xdma_0/inst/Top_xdma_0_0_pcie2_to_pcie3_wrapper_i/pcie2_ip_i/inst/inst/gt_top_i/pipe_wrapper_i/pipe_clock_int.pipe_clock_i/txoutclk_i.txoutclk_i_0
    BUFGCTRL_X0Y19       BUFG (Prop_bufg_I_O)         0.077     1.293 r  Top_i/xdma_0/inst/Top_xdma_0_0_pcie2_to_pcie3_wrapper_i/pcie2_ip_i/inst/inst/gt_top_i/pipe_wrapper_i/pipe_clock_int.pipe_clock_i/txoutclk_i.txoutclk_i/O
                         net (fo=1, routed)           1.417     2.710    Top_i/xdma_0/inst/Top_xdma_0_0_pcie2_to_pcie3_wrapper_i/pcie2_ip_i/inst/inst/gt_top_i/pipe_wrapper_i/pipe_clock_int.pipe_clock_i/refclk
    MMCME2_ADV_X0Y2      MMCME2_ADV (Prop_mmcme2_adv_CLKIN1_CLKOUT3)
                                                      0.073     2.783 r  Top_i/xdma_0/inst/Top_xdma_0_0_pcie2_to_pcie3_wrapper_i/pcie2_ip_i/inst/inst/gt_top_i/pipe_wrapper_i/pipe_clock_int.pipe_clock_i/mmcm_i/CLKOUT3
                         net (fo=1, routed)           1.488     4.271    Top_i/xdma_0/inst/Top_xdma_0_0_pcie2_to_pcie3_wrapper_i/pcie2_ip_i/inst/inst/gt_top_i/pipe_wrapper_i/pipe_clock_int.pipe_clock_i/userclk2
    BUFGCTRL_X0Y0        BUFG (Prop_bufg_I_O)         0.077     4.348 r  Top_i/xdma_0/inst/Top_xdma_0_0_pcie2_to_pcie3_wrapper_i/pcie2_ip_i/inst/inst/gt_top_i/pipe_wrapper_i/pipe_clock_int.pipe_clock_i/userclk2_i1.usrclk2_i1/O
                         net (fo=19707, routed)       1.263     5.611    Top_i/axi_interconnect_1/s00_couplers/auto_cc/inst/gen_clock_conv.gen_async_conv.asyncfifo_axi/inst_fifo_gen/gaxi_full_lite.gread_ch.grdch2.axi_rdch/grf.rf/gntv_or_sync_fifo.gcx.clkx/wr_pntr_cdc_inst/dest_clk
    SLICE_X66Y175        FDRE                                         r  Top_i/axi_interconnect_1/s00_couplers/auto_cc/inst/gen_clock_conv.gen_async_conv.asyncfifo_axi/inst_fifo_gen/gaxi_full_lite.gread_ch.grdch2.axi_rdch/grf.rf/gntv_or_sync_fifo.gcx.clkx/wr_pntr_cdc_inst/dest_graysync_ff_reg[0][3]/C
                         clock pessimism              0.000     5.611    
    SLICE_X66Y175        FDRE (Setup_fdre_C_D)       -0.170     5.441    Top_i/axi_interconnect_1/s00_couplers/auto_cc/inst/gen_clock_conv.gen_async_conv.asyncfifo_axi/inst_fifo_gen/gaxi_full_lite.gread_ch.grdch2.axi_rdch/grf.rf/gntv_or_sync_fifo.gcx.clkx/wr_pntr_cdc_inst/dest_graysync_ff_reg[0][3]
  -------------------------------------------------------------------
                         data arrival                           2.153    
                         clock arrival                          5.441    
  -------------------------------------------------------------------
                         relative delay                        -3.288    

Reference path:
    Location             Delay type                Incr(ns)  Path(ns)    Netlist Resource(s)
  -------------------------------------------------------------------    -------------------
                         (clock clk_out1_Top_clk_wiz_1 rise edge)
                                                      0.000     0.000 r  
    IBUFDS_GTE2_X0Y2     IBUFDS_GTE2                  0.000     0.000 r  Top_i/util_ds_buf/U0/USE_IBUFDS_GTE2.GEN_IBUFDS_GTE2[0].IBUFDS_GTE2_I/O
                         net (fo=3, routed)           1.452     1.452    Top_i/clk_wiz/inst/clk_in1
    MMCME2_ADV_X0Y4      MMCME2_ADV (Prop_mmcme2_adv_CLKIN1_CLKOUT0)
                                                     -3.606    -2.154 r  Top_i/clk_wiz/inst/mmcm_adv_inst/CLKOUT0
                         net (fo=1, routed)           1.964    -0.190    Top_i/clk_wiz/inst/clk_out1_Top_clk_wiz_1
    BUFGCTRL_X0Y16       BUFG (Prop_bufg_I_O)         0.077    -0.113 r  Top_i/clk_wiz/inst/clkout1_buf/O
                         net (fo=116625, routed)      1.266     1.153    Top_i/axi_interconnect_1/s00_couplers/auto_cc/inst/gen_clock_conv.gen_async_conv.asyncfifo_axi/inst_fifo_gen/gaxi_full_lite.gread_ch.grdch2.axi_rdch/grf.rf/gntv_or_sync_fifo.gcx.clkx/wr_pntr_cdc_inst/src_clk
    SLICE_X64Y171        FDRE                                         r  Top_i/axi_interconnect_1/s00_couplers/auto_cc/inst/gen_clock_conv.gen_async_conv.asyncfifo_axi/inst_fifo_gen/gaxi_full_lite.gread_ch.grdch2.axi_rdch/grf.rf/gntv_or_sync_fifo.gcx.clkx/wr_pntr_cdc_inst/src_gray_ff_reg[1]/C
  -------------------------------------------------------------------    -------------------
    SLICE_X64Y171        FDRE (Prop_fdre_C_Q)         0.319     1.472 r  Top_i/axi_interconnect_1/s00_couplers/auto_cc/inst/gen_clock_conv.gen_async_conv.asyncfifo_axi/inst_fifo_gen/gaxi_full_lite.gread_ch.grdch2.axi_rdch/grf.rf/gntv_or_sync_fifo.gcx.clkx/wr_pntr_cdc_inst/src_gray_ff_reg[1]/Q
                         net (fo=1, routed)           0.229     1.701    Top_i/axi_interconnect_1/s00_couplers/auto_cc/inst/gen_clock_conv.gen_async_conv.asyncfifo_axi/inst_fifo_gen/gaxi_full_lite.gread_ch.grdch2.axi_rdch/grf.rf/gntv_or_sync_fifo.gcx.clkx/wr_pntr_cdc_inst/async_path[1]
    SLICE_X62Y172        FDRE                                         r  Top_i/axi_interconnect_1/s00_couplers/auto_cc/inst/gen_clock_conv.gen_async_conv.asyncfifo_axi/inst_fifo_gen/gaxi_full_lite.gread_ch.grdch2.axi_rdch/grf.rf/gntv_or_sync_fifo.gcx.clkx/wr_pntr_cdc_inst/dest_graysync_ff_reg[0][1]/D
  -------------------------------------------------------------------    -------------------

                         (clock userclk2 rise edge)
                                                      0.000     0.000 r  
    GTPE2_CHANNEL_X0Y6   GTPE2_CHANNEL                0.000     0.000 r  Top_i/xdma_0/inst/Top_xdma_0_0_pcie2_to_pcie3_wrapper_i/pcie2_ip_i/inst/inst/gt_top_i/pipe_wrapper_i/pipe_lane[0].gt_wrapper_i/gtp_channel.gtpe2_channel_i/TXOUTCLK
                         net (fo=1, routed)           1.274     1.274    Top_i/xdma_0/inst/Top_xdma_0_0_pcie2_to_pcie3_wrapper_i/pcie2_ip_i/inst/inst/gt_top_i/pipe_wrapper_i/pipe_clock_int.pipe_clock_i/txoutclk_i.txoutclk_i_0
    BUFGCTRL_X0Y19       BUFG (Prop_bufg_I_O)         0.081     1.355 r  Top_i/xdma_0/inst/Top_xdma_0_0_pcie2_to_pcie3_wrapper_i/pcie2_ip_i/inst/inst/gt_top_i/pipe_wrapper_i/pipe_clock_int.pipe_clock_i/txoutclk_i.txoutclk_i/O
                         net (fo=1, routed)           1.520     2.874    Top_i/xdma_0/inst/Top_xdma_0_0_pcie2_to_pcie3_wrapper_i/pcie2_ip_i/inst/inst/gt_top_i/pipe_wrapper_i/pipe_clock_int.pipe_clock_i/refclk
    MMCME2_ADV_X0Y2      MMCME2_ADV (Prop_mmcme2_adv_CLKIN1_CLKOUT3)
                                                      0.077     2.951 r  Top_i/xdma_0/inst/Top_xdma_0_0_pcie2_to_pcie3_wrapper_i/pcie2_ip_i/inst/inst/gt_top_i/pipe_wrapper_i/pipe_clock_int.pipe_clock_i/mmcm_i/CLKOUT3
                         net (fo=1, routed)           1.559     4.510    Top_i/xdma_0/inst/Top_xdma_0_0_pcie2_to_pcie3_wrapper_i/pcie2_ip_i/inst/inst/gt_top_i/pipe_wrapper_i/pipe_clock_int.pipe_clock_i/userclk2
    BUFGCTRL_X0Y0        BUFG (Prop_bufg_I_O)         0.081     4.591 r  Top_i/xdma_0/inst/Top_xdma_0_0_pcie2_to_pcie3_wrapper_i/pcie2_ip_i/inst/inst/gt_top_i/pipe_wrapper_i/pipe_clock_int.pipe_clock_i/userclk2_i1.usrclk2_i1/O
                         net (fo=19707, routed)       1.376     5.967    Top_i/axi_interconnect_1/s00_couplers/auto_cc/inst/gen_clock_conv.gen_async_conv.asyncfifo_axi/inst_fifo_gen/gaxi_full_lite.gread_ch.grdch2.axi_rdch/grf.rf/gntv_or_sync_fifo.gcx.clkx/wr_pntr_cdc_inst/dest_clk
    SLICE_X62Y172        FDRE                                         r  Top_i/axi_interconnect_1/s00_couplers/auto_cc/inst/gen_clock_conv.gen_async_conv.asyncfifo_axi/inst_fifo_gen/gaxi_full_lite.gread_ch.grdch2.axi_rdch/grf.rf/gntv_or_sync_fifo.gcx.clkx/wr_pntr_cdc_inst/dest_graysync_ff_reg[0][1]/C
                         clock pessimism              0.000     5.967    
    SLICE_X62Y172        FDRE (Hold_fdre_C_D)         0.085     6.052    Top_i/axi_interconnect_1/s00_couplers/auto_cc/inst/gen_clock_conv.gen_async_conv.asyncfifo_axi/inst_fifo_gen/gaxi_full_lite.gread_ch.grdch2.axi_rdch/grf.rf/gntv_or_sync_fifo.gcx.clkx/wr_pntr_cdc_inst/dest_graysync_ff_reg[0][1]
  -------------------------------------------------------------------
                         data arrival                           1.701    
                         clock arrival                          6.052    
  -------------------------------------------------------------------
                         relative delay                        -4.352    



Id: 11
set_bus_skew -from [get_cells [list {Top_i/xdma_0_axi_periph/s00_couplers/auto_cc/inst/gen_clock_conv.gen_async_lite_conv.clock_conv_lite_fwd_ar/handshake/src_hsdata_ff_reg[2]} \
          {Top_i/xdma_0_axi_periph/s00_couplers/auto_cc/inst/gen_clock_conv.gen_async_lite_conv.clock_conv_lite_fwd_ar/handshake/src_hsdata_ff_reg[8]} \
          {Top_i/xdma_0_axi_periph/s00_couplers/auto_cc/inst/gen_clock_conv.gen_async_lite_conv.clock_conv_lite_fwd_ar/handshake/src_hsdata_ff_reg[30]} \
          {Top_i/xdma_0_axi_periph/s00_couplers/auto_cc/inst/gen_clock_conv.gen_async_lite_conv.clock_conv_lite_fwd_ar/handshake/src_hsdata_ff_reg[31]} \
          {Top_i/xdma_0_axi_periph/s00_couplers/auto_cc/inst/gen_clock_conv.gen_async_lite_conv.clock_conv_lite_fwd_ar/handshake/src_hsdata_ff_reg[13]} \
          {Top_i/xdma_0_axi_periph/s00_couplers/auto_cc/inst/gen_clock_conv.gen_async_lite_conv.clock_conv_lite_fwd_ar/handshake/src_hsdata_ff_reg[14]} \
          {Top_i/xdma_0_axi_periph/s00_couplers/auto_cc/inst/gen_clock_conv.gen_async_lite_conv.clock_conv_lite_fwd_ar/handshake/src_hsdata_ff_reg[15]} \
          {Top_i/xdma_0_axi_periph/s00_couplers/auto_cc/inst/gen_clock_conv.gen_async_lite_conv.clock_conv_lite_fwd_ar/handshake/src_hsdata_ff_reg[16]} \
          {Top_i/xdma_0_axi_periph/s00_couplers/auto_cc/inst/gen_clock_conv.gen_async_lite_conv.clock_conv_lite_fwd_ar/handshake/src_hsdata_ff_reg[17]} \
          {Top_i/xdma_0_axi_periph/s00_couplers/auto_cc/inst/gen_clock_conv.gen_async_lite_conv.clock_conv_lite_fwd_ar/handshake/src_hsdata_ff_reg[18]} \
          {Top_i/xdma_0_axi_periph/s00_couplers/auto_cc/inst/gen_clock_conv.gen_async_lite_conv.clock_conv_lite_fwd_ar/handshake/src_hsdata_ff_reg[19]} \
          {Top_i/xdma_0_axi_periph/s00_couplers/auto_cc/inst/gen_clock_conv.gen_async_lite_conv.clock_conv_lite_fwd_ar/handshake/src_hsdata_ff_reg[3]} \
          {Top_i/xdma_0_axi_periph/s00_couplers/auto_cc/inst/gen_clock_conv.gen_async_lite_conv.clock_conv_lite_fwd_ar/handshake/src_hsdata_ff_reg[20]} \
          {Top_i/xdma_0_axi_periph/s00_couplers/auto_cc/inst/gen_clock_conv.gen_async_lite_conv.clock_conv_lite_fwd_ar/handshake/src_hsdata_ff_reg[21]} \
          {Top_i/xdma_0_axi_periph/s00_couplers/auto_cc/inst/gen_clock_conv.gen_async_lite_conv.clock_conv_lite_fwd_ar/handshake/src_hsdata_ff_reg[22]} \
          {Top_i/xdma_0_axi_periph/s00_couplers/auto_cc/inst/gen_clock_conv.gen_async_lite_conv.clock_conv_lite_fwd_ar/handshake/src_hsdata_ff_reg[23]} \
          {Top_i/xdma_0_axi_periph/s00_couplers/auto_cc/inst/gen_clock_conv.gen_async_lite_conv.clock_conv_lite_fwd_ar/handshake/src_hsdata_ff_reg[24]} \
          {Top_i/xdma_0_axi_periph/s00_couplers/auto_cc/inst/gen_clock_conv.gen_async_lite_conv.clock_conv_lite_fwd_ar/handshake/src_hsdata_ff_reg[25]} \
          {Top_i/xdma_0_axi_periph/s00_couplers/auto_cc/inst/gen_clock_conv.gen_async_lite_conv.clock_conv_lite_fwd_ar/handshake/src_hsdata_ff_reg[26]} \
          {Top_i/xdma_0_axi_periph/s00_couplers/auto_cc/inst/gen_clock_conv.gen_async_lite_conv.clock_conv_lite_fwd_ar/handshake/src_hsdata_ff_reg[27]} \
          {Top_i/xdma_0_axi_periph/s00_couplers/auto_cc/inst/gen_clock_conv.gen_async_lite_conv.clock_conv_lite_fwd_ar/handshake/src_hsdata_ff_reg[28]} \
          {Top_i/xdma_0_axi_periph/s00_couplers/auto_cc/inst/gen_clock_conv.gen_async_lite_conv.clock_conv_lite_fwd_ar/handshake/src_hsdata_ff_reg[29]}]] -to [get_cells [list {Top_i/xdma_0_axi_periph/s00_couplers/auto_cc/inst/gen_clock_conv.gen_async_lite_conv.clock_conv_lite_fwd_ar/handshake/dest_hsdata_ff_reg[2]} \
          {Top_i/xdma_0_axi_periph/s00_couplers/auto_cc/inst/gen_clock_conv.gen_async_lite_conv.clock_conv_lite_fwd_ar/handshake/dest_hsdata_ff_reg[8]} \
          {Top_i/xdma_0_axi_periph/s00_couplers/auto_cc/inst/gen_clock_conv.gen_async_lite_conv.clock_conv_lite_fwd_ar/handshake/dest_hsdata_ff_reg[30]} \
          {Top_i/xdma_0_axi_periph/s00_couplers/auto_cc/inst/gen_clock_conv.gen_async_lite_conv.clock_conv_lite_fwd_ar/handshake/dest_hsdata_ff_reg[31]} \
          {Top_i/xdma_0_axi_periph/s00_couplers/auto_cc/inst/gen_clock_conv.gen_async_lite_conv.clock_conv_lite_fwd_ar/handshake/dest_hsdata_ff_reg[13]} \
          {Top_i/xdma_0_axi_periph/s00_couplers/auto_cc/inst/gen_clock_conv.gen_async_lite_conv.clock_conv_lite_fwd_ar/handshake/dest_hsdata_ff_reg[14]} \
          {Top_i/xdma_0_axi_periph/s00_couplers/auto_cc/inst/gen_clock_conv.gen_async_lite_conv.clock_conv_lite_fwd_ar/handshake/dest_hsdata_ff_reg[15]} \
          {Top_i/xdma_0_axi_periph/s00_couplers/auto_cc/inst/gen_clock_conv.gen_async_lite_conv.clock_conv_lite_fwd_ar/handshake/dest_hsdata_ff_reg[16]} \
          {Top_i/xdma_0_axi_periph/s00_couplers/auto_cc/inst/gen_clock_conv.gen_async_lite_conv.clock_conv_lite_fwd_ar/handshake/dest_hsdata_ff_reg[17]} \
          {Top_i/xdma_0_axi_periph/s00_couplers/auto_cc/inst/gen_clock_conv.gen_async_lite_conv.clock_conv_lite_fwd_ar/handshake/dest_hsdata_ff_reg[18]} \
          {Top_i/xdma_0_axi_periph/s00_couplers/auto_cc/inst/gen_clock_conv.gen_async_lite_conv.clock_conv_lite_fwd_ar/handshake/dest_hsdata_ff_reg[19]} \
          {Top_i/xdma_0_axi_periph/s00_couplers/auto_cc/inst/gen_clock_conv.gen_async_lite_conv.clock_conv_lite_fwd_ar/handshake/dest_hsdata_ff_reg[3]} \
          {Top_i/xdma_0_axi_periph/s00_couplers/auto_cc/inst/gen_clock_conv.gen_async_lite_conv.clock_conv_lite_fwd_ar/handshake/dest_hsdata_ff_reg[20]} \
          {Top_i/xdma_0_axi_periph/s00_couplers/auto_cc/inst/gen_clock_conv.gen_async_lite_conv.clock_conv_lite_fwd_ar/handshake/dest_hsdata_ff_reg[21]} \
          {Top_i/xdma_0_axi_periph/s00_couplers/auto_cc/inst/gen_clock_conv.gen_async_lite_conv.clock_conv_lite_fwd_ar/handshake/dest_hsdata_ff_reg[22]} \
          {Top_i/xdma_0_axi_periph/s00_couplers/auto_cc/inst/gen_clock_conv.gen_async_lite_conv.clock_conv_lite_fwd_ar/handshake/dest_hsdata_ff_reg[23]} \
          {Top_i/xdma_0_axi_periph/s00_couplers/auto_cc/inst/gen_clock_conv.gen_async_lite_conv.clock_conv_lite_fwd_ar/handshake/dest_hsdata_ff_reg[24]} \
          {Top_i/xdma_0_axi_periph/s00_couplers/auto_cc/inst/gen_clock_conv.gen_async_lite_conv.clock_conv_lite_fwd_ar/handshake/dest_hsdata_ff_reg[25]} \
          {Top_i/xdma_0_axi_periph/s00_couplers/auto_cc/inst/gen_clock_conv.gen_async_lite_conv.clock_conv_lite_fwd_ar/handshake/dest_hsdata_ff_reg[26]} \
          {Top_i/xdma_0_axi_periph/s00_couplers/auto_cc/inst/gen_clock_conv.gen_async_lite_conv.clock_conv_lite_fwd_ar/handshake/dest_hsdata_ff_reg[27]} \
          {Top_i/xdma_0_axi_periph/s00_couplers/auto_cc/inst/gen_clock_conv.gen_async_lite_conv.clock_conv_lite_fwd_ar/handshake/dest_hsdata_ff_reg[28]} \
          {Top_i/xdma_0_axi_periph/s00_couplers/auto_cc/inst/gen_clock_conv.gen_async_lite_conv.clock_conv_lite_fwd_ar/handshake/dest_hsdata_ff_reg[29]}]] 30.000
Requirement: 30.000ns
Endpoints: 22

From Clock            To Clock              Endpoint Pin                    Reference Pin                   Corner  Actual(ns)  Slack(ns)
--------------------  --------------------  ------------------------------  ------------------------------  ------  ----------  ---------
userclk2              clk_out1_Top_clk_wiz_1
                                            Top_i/xdma_0_axi_periph/s00_couplers/auto_cc/inst/gen_clock_conv.gen_async_lite_conv.clock_conv_lite_fwd_ar/handshake/dest_hsdata_ff_reg[31]/D
                                                                            Top_i/xdma_0_axi_periph/s00_couplers/auto_cc/inst/gen_clock_conv.gen_async_lite_conv.clock_conv_lite_fwd_ar/handshake/dest_hsdata_ff_reg[16]/D
                                                                                                            Slow         0.945     29.055


Slack (MET) :             29.055ns  (requirement - actual skew)
  Endpoint Source:        Top_i/xdma_0_axi_periph/s00_couplers/auto_cc/inst/gen_clock_conv.gen_async_lite_conv.clock_conv_lite_fwd_ar/handshake/src_hsdata_ff_reg[31]/C
                            (rising edge-triggered cell FDRE clocked by userclk2)
  Endpoint Destination:   Top_i/xdma_0_axi_periph/s00_couplers/auto_cc/inst/gen_clock_conv.gen_async_lite_conv.clock_conv_lite_fwd_ar/handshake/dest_hsdata_ff_reg[31]/D
                            (rising edge-triggered cell FDRE clocked by clk_out1_Top_clk_wiz_1)
  Reference Source:       Top_i/xdma_0_axi_periph/s00_couplers/auto_cc/inst/gen_clock_conv.gen_async_lite_conv.clock_conv_lite_fwd_ar/handshake/src_hsdata_ff_reg[16]/C
                            (rising edge-triggered cell FDRE clocked by userclk2)
  Reference Destination:  Top_i/xdma_0_axi_periph/s00_couplers/auto_cc/inst/gen_clock_conv.gen_async_lite_conv.clock_conv_lite_fwd_ar/handshake/dest_hsdata_ff_reg[16]/D
                            (rising edge-triggered cell FDRE clocked by clk_out1_Top_clk_wiz_1)
  Path Type:              Bus Skew (Max at Slow Process Corner)
  Requirement:            30.000ns
  Endpoint Relative Delay:    6.046ns
  Reference Relative Delay:   4.633ns
  Relative CRPR:              0.468ns
  Actual Bus Skew:            0.945ns  (Endpoint Relative Delay - Reference Relative Delay - Relative CRPR)

Endpoint path:
    Location             Delay type                Incr(ns)  Path(ns)    Netlist Resource(s)
  -------------------------------------------------------------------    -------------------
                         (clock userclk2 rise edge)
                                                      0.000     0.000 r  
    GTPE2_CHANNEL_X0Y6   GTPE2_CHANNEL                0.000     0.000 r  Top_i/xdma_0/inst/Top_xdma_0_0_pcie2_to_pcie3_wrapper_i/pcie2_ip_i/inst/inst/gt_top_i/pipe_wrapper_i/pipe_lane[0].gt_wrapper_i/gtp_channel.gtpe2_channel_i/TXOUTCLK
                         net (fo=1, routed)           1.274     1.274    Top_i/xdma_0/inst/Top_xdma_0_0_pcie2_to_pcie3_wrapper_i/pcie2_ip_i/inst/inst/gt_top_i/pipe_wrapper_i/pipe_clock_int.pipe_clock_i/txoutclk_i.txoutclk_i_0
    BUFGCTRL_X0Y19       BUFG (Prop_bufg_I_O)         0.081     1.355 r  Top_i/xdma_0/inst/Top_xdma_0_0_pcie2_to_pcie3_wrapper_i/pcie2_ip_i/inst/inst/gt_top_i/pipe_wrapper_i/pipe_clock_int.pipe_clock_i/txoutclk_i.txoutclk_i/O
                         net (fo=1, routed)           1.520     2.874    Top_i/xdma_0/inst/Top_xdma_0_0_pcie2_to_pcie3_wrapper_i/pcie2_ip_i/inst/inst/gt_top_i/pipe_wrapper_i/pipe_clock_int.pipe_clock_i/refclk
    MMCME2_ADV_X0Y2      MMCME2_ADV (Prop_mmcme2_adv_CLKIN1_CLKOUT3)
                                                      0.077     2.951 r  Top_i/xdma_0/inst/Top_xdma_0_0_pcie2_to_pcie3_wrapper_i/pcie2_ip_i/inst/inst/gt_top_i/pipe_wrapper_i/pipe_clock_int.pipe_clock_i/mmcm_i/CLKOUT3
                         net (fo=1, routed)           1.559     4.510    Top_i/xdma_0/inst/Top_xdma_0_0_pcie2_to_pcie3_wrapper_i/pcie2_ip_i/inst/inst/gt_top_i/pipe_wrapper_i/pipe_clock_int.pipe_clock_i/userclk2
    BUFGCTRL_X0Y0        BUFG (Prop_bufg_I_O)         0.081     4.591 r  Top_i/xdma_0/inst/Top_xdma_0_0_pcie2_to_pcie3_wrapper_i/pcie2_ip_i/inst/inst/gt_top_i/pipe_wrapper_i/pipe_clock_int.pipe_clock_i/userclk2_i1.usrclk2_i1/O
                         net (fo=19707, routed)       1.661     6.252    Top_i/xdma_0_axi_periph/s00_couplers/auto_cc/inst/gen_clock_conv.gen_async_lite_conv.clock_conv_lite_fwd_ar/handshake/src_clk
    SLICE_X18Y246        FDRE                                         r  Top_i/xdma_0_axi_periph/s00_couplers/auto_cc/inst/gen_clock_conv.gen_async_lite_conv.clock_conv_lite_fwd_ar/handshake/src_hsdata_ff_reg[31]/C
  -------------------------------------------------------------------    -------------------
    SLICE_X18Y246        FDRE (Prop_fdre_C_Q)         0.398     6.650 r  Top_i/xdma_0_axi_periph/s00_couplers/auto_cc/inst/gen_clock_conv.gen_async_lite_conv.clock_conv_lite_fwd_ar/handshake/src_hsdata_ff_reg[31]/Q
                         net (fo=1, routed)           0.670     7.321    Top_i/xdma_0_axi_periph/s00_couplers/auto_cc/inst/gen_clock_conv.gen_async_lite_conv.clock_conv_lite_fwd_ar/handshake/src_hsdata_ff[31]
    SLICE_X17Y246        FDRE                                         r  Top_i/xdma_0_axi_periph/s00_couplers/auto_cc/inst/gen_clock_conv.gen_async_lite_conv.clock_conv_lite_fwd_ar/handshake/dest_hsdata_ff_reg[31]/D
  -------------------------------------------------------------------    -------------------

                         (clock clk_out1_Top_clk_wiz_1 rise edge)
                                                      0.000     0.000 r  
    IBUFDS_GTE2_X0Y2     IBUFDS_GTE2                  0.000     0.000 r  Top_i/util_ds_buf/U0/USE_IBUFDS_GTE2.GEN_IBUFDS_GTE2[0].IBUFDS_GTE2_I/O
                         net (fo=3, routed)           1.452     1.452    Top_i/clk_wiz/inst/clk_in1
    MMCME2_ADV_X0Y4      MMCME2_ADV (Prop_mmcme2_adv_CLKIN1_CLKOUT0)
                                                     -3.606    -2.154 r  Top_i/clk_wiz/inst/mmcm_adv_inst/CLKOUT0
                         net (fo=1, routed)           1.964    -0.190    Top_i/clk_wiz/inst/clk_out1_Top_clk_wiz_1
    BUFGCTRL_X0Y16       BUFG (Prop_bufg_I_O)         0.077    -0.113 r  Top_i/clk_wiz/inst/clkout1_buf/O
                         net (fo=116625, routed)      1.541     1.428    Top_i/xdma_0_axi_periph/s00_couplers/auto_cc/inst/gen_clock_conv.gen_async_lite_conv.clock_conv_lite_fwd_ar/handshake/dest_clk
    SLICE_X17Y246        FDRE                                         r  Top_i/xdma_0_axi_periph/s00_couplers/auto_cc/inst/gen_clock_conv.gen_async_lite_conv.clock_conv_lite_fwd_ar/handshake/dest_hsdata_ff_reg[31]/C
                         clock pessimism              0.000     1.428    
    SLICE_X17Y246        FDRE (Setup_fdre_C_D)       -0.153     1.275    Top_i/xdma_0_axi_periph/s00_couplers/auto_cc/inst/gen_clock_conv.gen_async_lite_conv.clock_conv_lite_fwd_ar/handshake/dest_hsdata_ff_reg[31]
  -------------------------------------------------------------------
                         data arrival                           7.321    
                         clock arrival                          1.275    
  -------------------------------------------------------------------
                         relative delay                         6.046    

Reference path:
    Location             Delay type                Incr(ns)  Path(ns)    Netlist Resource(s)
  -------------------------------------------------------------------    -------------------
                         (clock userclk2 rise edge)
                                                      0.000     0.000 r  
    GTPE2_CHANNEL_X0Y6   GTPE2_CHANNEL                0.000     0.000 r  Top_i/xdma_0/inst/Top_xdma_0_0_pcie2_to_pcie3_wrapper_i/pcie2_ip_i/inst/inst/gt_top_i/pipe_wrapper_i/pipe_lane[0].gt_wrapper_i/gtp_channel.gtpe2_channel_i/TXOUTCLK
                         net (fo=1, routed)           1.216     1.216    Top_i/xdma_0/inst/Top_xdma_0_0_pcie2_to_pcie3_wrapper_i/pcie2_ip_i/inst/inst/gt_top_i/pipe_wrapper_i/pipe_clock_int.pipe_clock_i/txoutclk_i.txoutclk_i_0
    BUFGCTRL_X0Y19       BUFG (Prop_bufg_I_O)         0.077     1.293 r  Top_i/xdma_0/inst/Top_xdma_0_0_pcie2_to_pcie3_wrapper_i/pcie2_ip_i/inst/inst/gt_top_i/pipe_wrapper_i/pipe_clock_int.pipe_clock_i/txoutclk_i.txoutclk_i/O
                         net (fo=1, routed)           1.417     2.710    Top_i/xdma_0/inst/Top_xdma_0_0_pcie2_to_pcie3_wrapper_i/pcie2_ip_i/inst/inst/gt_top_i/pipe_wrapper_i/pipe_clock_int.pipe_clock_i/refclk
    MMCME2_ADV_X0Y2      MMCME2_ADV (Prop_mmcme2_adv_CLKIN1_CLKOUT3)
                                                      0.073     2.783 r  Top_i/xdma_0/inst/Top_xdma_0_0_pcie2_to_pcie3_wrapper_i/pcie2_ip_i/inst/inst/gt_top_i/pipe_wrapper_i/pipe_clock_int.pipe_clock_i/mmcm_i/CLKOUT3
                         net (fo=1, routed)           1.488     4.271    Top_i/xdma_0/inst/Top_xdma_0_0_pcie2_to_pcie3_wrapper_i/pcie2_ip_i/inst/inst/gt_top_i/pipe_wrapper_i/pipe_clock_int.pipe_clock_i/userclk2
    BUFGCTRL_X0Y0        BUFG (Prop_bufg_I_O)         0.077     4.348 r  Top_i/xdma_0/inst/Top_xdma_0_0_pcie2_to_pcie3_wrapper_i/pcie2_ip_i/inst/inst/gt_top_i/pipe_wrapper_i/pipe_clock_int.pipe_clock_i/userclk2_i1.usrclk2_i1/O
                         net (fo=19707, routed)       1.535     5.882    Top_i/xdma_0_axi_periph/s00_couplers/auto_cc/inst/gen_clock_conv.gen_async_lite_conv.clock_conv_lite_fwd_ar/handshake/src_clk
    SLICE_X21Y234        FDRE                                         r  Top_i/xdma_0_axi_periph/s00_couplers/auto_cc/inst/gen_clock_conv.gen_async_lite_conv.clock_conv_lite_fwd_ar/handshake/src_hsdata_ff_reg[16]/C
  -------------------------------------------------------------------    -------------------
    SLICE_X21Y234        FDRE (Prop_fdre_C_Q)         0.304     6.186 r  Top_i/xdma_0_axi_periph/s00_couplers/auto_cc/inst/gen_clock_conv.gen_async_lite_conv.clock_conv_lite_fwd_ar/handshake/src_hsdata_ff_reg[16]/Q
                         net (fo=1, routed)           0.221     6.407    Top_i/xdma_0_axi_periph/s00_couplers/auto_cc/inst/gen_clock_conv.gen_async_lite_conv.clock_conv_lite_fwd_ar/handshake/src_hsdata_ff[16]
    SLICE_X21Y232        FDRE                                         r  Top_i/xdma_0_axi_periph/s00_couplers/auto_cc/inst/gen_clock_conv.gen_async_lite_conv.clock_conv_lite_fwd_ar/handshake/dest_hsdata_ff_reg[16]/D
  -------------------------------------------------------------------    -------------------

                         (clock clk_out1_Top_clk_wiz_1 rise edge)
                                                      0.000     0.000 r  
    IBUFDS_GTE2_X0Y2     IBUFDS_GTE2                  0.000     0.000 r  Top_i/util_ds_buf/U0/USE_IBUFDS_GTE2.GEN_IBUFDS_GTE2[0].IBUFDS_GTE2_I/O
                         net (fo=3, routed)           1.638     1.638    Top_i/clk_wiz/inst/clk_in1
    MMCME2_ADV_X0Y4      MMCME2_ADV (Prop_mmcme2_adv_CLKIN1_CLKOUT0)
                                                     -3.816    -2.178 r  Top_i/clk_wiz/inst/mmcm_adv_inst/CLKOUT0
                         net (fo=1, routed)           2.061    -0.117    Top_i/clk_wiz/inst/clk_out1_Top_clk_wiz_1
    BUFGCTRL_X0Y16       BUFG (Prop_bufg_I_O)         0.081    -0.036 r  Top_i/clk_wiz/inst/clkout1_buf/O
                         net (fo=116625, routed)      1.646     1.610    Top_i/xdma_0_axi_periph/s00_couplers/auto_cc/inst/gen_clock_conv.gen_async_lite_conv.clock_conv_lite_fwd_ar/handshake/dest_clk
    SLICE_X21Y232        FDRE                                         r  Top_i/xdma_0_axi_periph/s00_couplers/auto_cc/inst/gen_clock_conv.gen_async_lite_conv.clock_conv_lite_fwd_ar/handshake/dest_hsdata_ff_reg[16]/C
                         clock pessimism              0.000     1.610    
    SLICE_X21Y232        FDRE (Hold_fdre_C_D)         0.164     1.774    Top_i/xdma_0_axi_periph/s00_couplers/auto_cc/inst/gen_clock_conv.gen_async_lite_conv.clock_conv_lite_fwd_ar/handshake/dest_hsdata_ff_reg[16]
  -------------------------------------------------------------------
                         data arrival                           6.407    
                         clock arrival                          1.774    
  -------------------------------------------------------------------
                         relative delay                         4.633    



Id: 12
set_bus_skew -from [get_cells [list {Top_i/xdma_0_axi_periph/s00_couplers/auto_cc/inst/gen_clock_conv.gen_async_lite_conv.clock_conv_lite_fwd_w/handshake/src_hsdata_ff_reg[0]} \
          {Top_i/xdma_0_axi_periph/s00_couplers/auto_cc/inst/gen_clock_conv.gen_async_lite_conv.clock_conv_lite_fwd_w/handshake/src_hsdata_ff_reg[10]} \
          {Top_i/xdma_0_axi_periph/s00_couplers/auto_cc/inst/gen_clock_conv.gen_async_lite_conv.clock_conv_lite_fwd_w/handshake/src_hsdata_ff_reg[11]} \
          {Top_i/xdma_0_axi_periph/s00_couplers/auto_cc/inst/gen_clock_conv.gen_async_lite_conv.clock_conv_lite_fwd_w/handshake/src_hsdata_ff_reg[12]} \
          {Top_i/xdma_0_axi_periph/s00_couplers/auto_cc/inst/gen_clock_conv.gen_async_lite_conv.clock_conv_lite_fwd_w/handshake/src_hsdata_ff_reg[13]} \
          {Top_i/xdma_0_axi_periph/s00_couplers/auto_cc/inst/gen_clock_conv.gen_async_lite_conv.clock_conv_lite_fwd_w/handshake/src_hsdata_ff_reg[14]} \
          {Top_i/xdma_0_axi_periph/s00_couplers/auto_cc/inst/gen_clock_conv.gen_async_lite_conv.clock_conv_lite_fwd_w/handshake/src_hsdata_ff_reg[15]} \
          {Top_i/xdma_0_axi_periph/s00_couplers/auto_cc/inst/gen_clock_conv.gen_async_lite_conv.clock_conv_lite_fwd_w/handshake/src_hsdata_ff_reg[16]} \
          {Top_i/xdma_0_axi_periph/s00_couplers/auto_cc/inst/gen_clock_conv.gen_async_lite_conv.clock_conv_lite_fwd_w/handshake/src_hsdata_ff_reg[17]} \
          {Top_i/xdma_0_axi_periph/s00_couplers/auto_cc/inst/gen_clock_conv.gen_async_lite_conv.clock_conv_lite_fwd_w/handshake/src_hsdata_ff_reg[18]} \
          {Top_i/xdma_0_axi_periph/s00_couplers/auto_cc/inst/gen_clock_conv.gen_async_lite_conv.clock_conv_lite_fwd_w/handshake/src_hsdata_ff_reg[19]} \
          {Top_i/xdma_0_axi_periph/s00_couplers/auto_cc/inst/gen_clock_conv.gen_async_lite_conv.clock_conv_lite_fwd_w/handshake/src_hsdata_ff_reg[1]} \
          {Top_i/xdma_0_axi_periph/s00_couplers/auto_cc/inst/gen_clock_conv.gen_async_lite_conv.clock_conv_lite_fwd_w/handshake/src_hsdata_ff_reg[20]} \
          {Top_i/xdma_0_axi_periph/s00_couplers/auto_cc/inst/gen_clock_conv.gen_async_lite_conv.clock_conv_lite_fwd_w/handshake/src_hsdata_ff_reg[21]} \
          {Top_i/xdma_0_axi_periph/s00_couplers/auto_cc/inst/gen_clock_conv.gen_async_lite_conv.clock_conv_lite_fwd_w/handshake/src_hsdata_ff_reg[22]} \
          {Top_i/xdma_0_axi_periph/s00_couplers/auto_cc/inst/gen_clock_conv.gen_async_lite_conv.clock_conv_lite_fwd_w/handshake/src_hsdata_ff_reg[23]} \
          {Top_i/xdma_0_axi_periph/s00_couplers/auto_cc/inst/gen_clock_conv.gen_async_lite_conv.clock_conv_lite_fwd_w/handshake/src_hsdata_ff_reg[24]} \
          {Top_i/xdma_0_axi_periph/s00_couplers/auto_cc/inst/gen_clock_conv.gen_async_lite_conv.clock_conv_lite_fwd_w/handshake/src_hsdata_ff_reg[25]} \
          {Top_i/xdma_0_axi_periph/s00_couplers/auto_cc/inst/gen_clock_conv.gen_async_lite_conv.clock_conv_lite_fwd_w/handshake/src_hsdata_ff_reg[26]} \
          {Top_i/xdma_0_axi_periph/s00_couplers/auto_cc/inst/gen_clock_conv.gen_async_lite_conv.clock_conv_lite_fwd_w/handshake/src_hsdata_ff_reg[27]} \
          {Top_i/xdma_0_axi_periph/s00_couplers/auto_cc/inst/gen_clock_conv.gen_async_lite_conv.clock_conv_lite_fwd_w/handshake/src_hsdata_ff_reg[28]} \
          {Top_i/xdma_0_axi_periph/s00_couplers/auto_cc/inst/gen_clock_conv.gen_async_lite_conv.clock_conv_lite_fwd_w/handshake/src_hsdata_ff_reg[29]} \
          {Top_i/xdma_0_axi_periph/s00_couplers/auto_cc/inst/gen_clock_conv.gen_async_lite_conv.clock_conv_lite_fwd_w/handshake/src_hsdata_ff_reg[2]} \
          {Top_i/xdma_0_axi_periph/s00_couplers/auto_cc/inst/gen_clock_conv.gen_async_lite_conv.clock_conv_lite_fwd_w/handshake/src_hsdata_ff_reg[30]} \
          {Top_i/xdma_0_axi_periph/s00_couplers/auto_cc/inst/gen_clock_conv.gen_async_lite_conv.clock_conv_lite_fwd_w/handshake/src_hsdata_ff_reg[31]} \
          {Top_i/xdma_0_axi_periph/s00_couplers/auto_cc/inst/gen_clock_conv.gen_async_lite_conv.clock_conv_lite_fwd_w/handshake/src_hsdata_ff_reg[9]} \
          {Top_i/xdma_0_axi_periph/s00_couplers/auto_cc/inst/gen_clock_conv.gen_async_lite_conv.clock_conv_lite_fwd_w/handshake/src_hsdata_ff_reg[8]} \
          {Top_i/xdma_0_axi_periph/s00_couplers/auto_cc/inst/gen_clock_conv.gen_async_lite_conv.clock_conv_lite_fwd_w/handshake/src_hsdata_ff_reg[7]} \
          {Top_i/xdma_0_axi_periph/s00_couplers/auto_cc/inst/gen_clock_conv.gen_async_lite_conv.clock_conv_lite_fwd_w/handshake/src_hsdata_ff_reg[6]} \
          {Top_i/xdma_0_axi_periph/s00_couplers/auto_cc/inst/gen_clock_conv.gen_async_lite_conv.clock_conv_lite_fwd_w/handshake/src_hsdata_ff_reg[3]} \
          {Top_i/xdma_0_axi_periph/s00_couplers/auto_cc/inst/gen_clock_conv.gen_async_lite_conv.clock_conv_lite_fwd_w/handshake/src_hsdata_ff_reg[4]} \
          {Top_i/xdma_0_axi_periph/s00_couplers/auto_cc/inst/gen_clock_conv.gen_async_lite_conv.clock_conv_lite_fwd_w/handshake/src_hsdata_ff_reg[5]}]] -to [get_cells [list {Top_i/xdma_0_axi_periph/s00_couplers/auto_cc/inst/gen_clock_conv.gen_async_lite_conv.clock_conv_lite_fwd_w/handshake/dest_hsdata_ff_reg[0]} \
          {Top_i/xdma_0_axi_periph/s00_couplers/auto_cc/inst/gen_clock_conv.gen_async_lite_conv.clock_conv_lite_fwd_w/handshake/dest_hsdata_ff_reg[10]} \
          {Top_i/xdma_0_axi_periph/s00_couplers/auto_cc/inst/gen_clock_conv.gen_async_lite_conv.clock_conv_lite_fwd_w/handshake/dest_hsdata_ff_reg[11]} \
          {Top_i/xdma_0_axi_periph/s00_couplers/auto_cc/inst/gen_clock_conv.gen_async_lite_conv.clock_conv_lite_fwd_w/handshake/dest_hsdata_ff_reg[12]} \
          {Top_i/xdma_0_axi_periph/s00_couplers/auto_cc/inst/gen_clock_conv.gen_async_lite_conv.clock_conv_lite_fwd_w/handshake/dest_hsdata_ff_reg[13]} \
          {Top_i/xdma_0_axi_periph/s00_couplers/auto_cc/inst/gen_clock_conv.gen_async_lite_conv.clock_conv_lite_fwd_w/handshake/dest_hsdata_ff_reg[14]} \
          {Top_i/xdma_0_axi_periph/s00_couplers/auto_cc/inst/gen_clock_conv.gen_async_lite_conv.clock_conv_lite_fwd_w/handshake/dest_hsdata_ff_reg[15]} \
          {Top_i/xdma_0_axi_periph/s00_couplers/auto_cc/inst/gen_clock_conv.gen_async_lite_conv.clock_conv_lite_fwd_w/handshake/dest_hsdata_ff_reg[16]} \
          {Top_i/xdma_0_axi_periph/s00_couplers/auto_cc/inst/gen_clock_conv.gen_async_lite_conv.clock_conv_lite_fwd_w/handshake/dest_hsdata_ff_reg[17]} \
          {Top_i/xdma_0_axi_periph/s00_couplers/auto_cc/inst/gen_clock_conv.gen_async_lite_conv.clock_conv_lite_fwd_w/handshake/dest_hsdata_ff_reg[18]} \
          {Top_i/xdma_0_axi_periph/s00_couplers/auto_cc/inst/gen_clock_conv.gen_async_lite_conv.clock_conv_lite_fwd_w/handshake/dest_hsdata_ff_reg[19]} \
          {Top_i/xdma_0_axi_periph/s00_couplers/auto_cc/inst/gen_clock_conv.gen_async_lite_conv.clock_conv_lite_fwd_w/handshake/dest_hsdata_ff_reg[1]} \
          {Top_i/xdma_0_axi_periph/s00_couplers/auto_cc/inst/gen_clock_conv.gen_async_lite_conv.clock_conv_lite_fwd_w/handshake/dest_hsdata_ff_reg[20]} \
          {Top_i/xdma_0_axi_periph/s00_couplers/auto_cc/inst/gen_clock_conv.gen_async_lite_conv.clock_conv_lite_fwd_w/handshake/dest_hsdata_ff_reg[21]} \
          {Top_i/xdma_0_axi_periph/s00_couplers/auto_cc/inst/gen_clock_conv.gen_async_lite_conv.clock_conv_lite_fwd_w/handshake/dest_hsdata_ff_reg[22]} \
          {Top_i/xdma_0_axi_periph/s00_couplers/auto_cc/inst/gen_clock_conv.gen_async_lite_conv.clock_conv_lite_fwd_w/handshake/dest_hsdata_ff_reg[23]} \
          {Top_i/xdma_0_axi_periph/s00_couplers/auto_cc/inst/gen_clock_conv.gen_async_lite_conv.clock_conv_lite_fwd_w/handshake/dest_hsdata_ff_reg[24]} \
          {Top_i/xdma_0_axi_periph/s00_couplers/auto_cc/inst/gen_clock_conv.gen_async_lite_conv.clock_conv_lite_fwd_w/handshake/dest_hsdata_ff_reg[25]} \
          {Top_i/xdma_0_axi_periph/s00_couplers/auto_cc/inst/gen_clock_conv.gen_async_lite_conv.clock_conv_lite_fwd_w/handshake/dest_hsdata_ff_reg[26]} \
          {Top_i/xdma_0_axi_periph/s00_couplers/auto_cc/inst/gen_clock_conv.gen_async_lite_conv.clock_conv_lite_fwd_w/handshake/dest_hsdata_ff_reg[27]} \
          {Top_i/xdma_0_axi_periph/s00_couplers/auto_cc/inst/gen_clock_conv.gen_async_lite_conv.clock_conv_lite_fwd_w/handshake/dest_hsdata_ff_reg[28]} \
          {Top_i/xdma_0_axi_periph/s00_couplers/auto_cc/inst/gen_clock_conv.gen_async_lite_conv.clock_conv_lite_fwd_w/handshake/dest_hsdata_ff_reg[29]} \
          {Top_i/xdma_0_axi_periph/s00_couplers/auto_cc/inst/gen_clock_conv.gen_async_lite_conv.clock_conv_lite_fwd_w/handshake/dest_hsdata_ff_reg[2]} \
          {Top_i/xdma_0_axi_periph/s00_couplers/auto_cc/inst/gen_clock_conv.gen_async_lite_conv.clock_conv_lite_fwd_w/handshake/dest_hsdata_ff_reg[30]} \
          {Top_i/xdma_0_axi_periph/s00_couplers/auto_cc/inst/gen_clock_conv.gen_async_lite_conv.clock_conv_lite_fwd_w/handshake/dest_hsdata_ff_reg[31]} \
          {Top_i/xdma_0_axi_periph/s00_couplers/auto_cc/inst/gen_clock_conv.gen_async_lite_conv.clock_conv_lite_fwd_w/handshake/dest_hsdata_ff_reg[9]} \
          {Top_i/xdma_0_axi_periph/s00_couplers/auto_cc/inst/gen_clock_conv.gen_async_lite_conv.clock_conv_lite_fwd_w/handshake/dest_hsdata_ff_reg[8]} \
          {Top_i/xdma_0_axi_periph/s00_couplers/auto_cc/inst/gen_clock_conv.gen_async_lite_conv.clock_conv_lite_fwd_w/handshake/dest_hsdata_ff_reg[7]} \
          {Top_i/xdma_0_axi_periph/s00_couplers/auto_cc/inst/gen_clock_conv.gen_async_lite_conv.clock_conv_lite_fwd_w/handshake/dest_hsdata_ff_reg[6]} \
          {Top_i/xdma_0_axi_periph/s00_couplers/auto_cc/inst/gen_clock_conv.gen_async_lite_conv.clock_conv_lite_fwd_w/handshake/dest_hsdata_ff_reg[3]} \
          {Top_i/xdma_0_axi_periph/s00_couplers/auto_cc/inst/gen_clock_conv.gen_async_lite_conv.clock_conv_lite_fwd_w/handshake/dest_hsdata_ff_reg[4]} \
          {Top_i/xdma_0_axi_periph/s00_couplers/auto_cc/inst/gen_clock_conv.gen_async_lite_conv.clock_conv_lite_fwd_w/handshake/dest_hsdata_ff_reg[5]}]] 30.000
Requirement: 30.000ns
Endpoints: 32

From Clock            To Clock              Endpoint Pin                    Reference Pin                   Corner  Actual(ns)  Slack(ns)
--------------------  --------------------  ------------------------------  ------------------------------  ------  ----------  ---------
userclk2              clk_out1_Top_clk_wiz_1
                                            Top_i/xdma_0_axi_periph/s00_couplers/auto_cc/inst/gen_clock_conv.gen_async_lite_conv.clock_conv_lite_fwd_w/handshake/dest_hsdata_ff_reg[11]/D
                                                                            Top_i/xdma_0_axi_periph/s00_couplers/auto_cc/inst/gen_clock_conv.gen_async_lite_conv.clock_conv_lite_fwd_w/handshake/dest_hsdata_ff_reg[6]/D
                                                                                                            Slow         1.554     28.446


Slack (MET) :             28.446ns  (requirement - actual skew)
  Endpoint Source:        Top_i/xdma_0_axi_periph/s00_couplers/auto_cc/inst/gen_clock_conv.gen_async_lite_conv.clock_conv_lite_fwd_w/handshake/src_hsdata_ff_reg[11]/C
                            (rising edge-triggered cell FDRE clocked by userclk2)
  Endpoint Destination:   Top_i/xdma_0_axi_periph/s00_couplers/auto_cc/inst/gen_clock_conv.gen_async_lite_conv.clock_conv_lite_fwd_w/handshake/dest_hsdata_ff_reg[11]/D
                            (rising edge-triggered cell FDRE clocked by clk_out1_Top_clk_wiz_1)
  Reference Source:       Top_i/xdma_0_axi_periph/s00_couplers/auto_cc/inst/gen_clock_conv.gen_async_lite_conv.clock_conv_lite_fwd_w/handshake/src_hsdata_ff_reg[6]/C
                            (rising edge-triggered cell FDRE clocked by userclk2)
  Reference Destination:  Top_i/xdma_0_axi_periph/s00_couplers/auto_cc/inst/gen_clock_conv.gen_async_lite_conv.clock_conv_lite_fwd_w/handshake/dest_hsdata_ff_reg[6]/D
                            (rising edge-triggered cell FDRE clocked by clk_out1_Top_clk_wiz_1)
  Path Type:              Bus Skew (Max at Slow Process Corner)
  Requirement:            30.000ns
  Endpoint Relative Delay:    6.564ns
  Reference Relative Delay:   4.623ns
  Relative CRPR:              0.387ns
  Actual Bus Skew:            1.554ns  (Endpoint Relative Delay - Reference Relative Delay - Relative CRPR)

Endpoint path:
    Location             Delay type                Incr(ns)  Path(ns)    Netlist Resource(s)
  -------------------------------------------------------------------    -------------------
                         (clock userclk2 rise edge)
                                                      0.000     0.000 r  
    GTPE2_CHANNEL_X0Y6   GTPE2_CHANNEL                0.000     0.000 r  Top_i/xdma_0/inst/Top_xdma_0_0_pcie2_to_pcie3_wrapper_i/pcie2_ip_i/inst/inst/gt_top_i/pipe_wrapper_i/pipe_lane[0].gt_wrapper_i/gtp_channel.gtpe2_channel_i/TXOUTCLK
                         net (fo=1, routed)           1.274     1.274    Top_i/xdma_0/inst/Top_xdma_0_0_pcie2_to_pcie3_wrapper_i/pcie2_ip_i/inst/inst/gt_top_i/pipe_wrapper_i/pipe_clock_int.pipe_clock_i/txoutclk_i.txoutclk_i_0
    BUFGCTRL_X0Y19       BUFG (Prop_bufg_I_O)         0.081     1.355 r  Top_i/xdma_0/inst/Top_xdma_0_0_pcie2_to_pcie3_wrapper_i/pcie2_ip_i/inst/inst/gt_top_i/pipe_wrapper_i/pipe_clock_int.pipe_clock_i/txoutclk_i.txoutclk_i/O
                         net (fo=1, routed)           1.520     2.874    Top_i/xdma_0/inst/Top_xdma_0_0_pcie2_to_pcie3_wrapper_i/pcie2_ip_i/inst/inst/gt_top_i/pipe_wrapper_i/pipe_clock_int.pipe_clock_i/refclk
    MMCME2_ADV_X0Y2      MMCME2_ADV (Prop_mmcme2_adv_CLKIN1_CLKOUT3)
                                                      0.077     2.951 r  Top_i/xdma_0/inst/Top_xdma_0_0_pcie2_to_pcie3_wrapper_i/pcie2_ip_i/inst/inst/gt_top_i/pipe_wrapper_i/pipe_clock_int.pipe_clock_i/mmcm_i/CLKOUT3
                         net (fo=1, routed)           1.559     4.510    Top_i/xdma_0/inst/Top_xdma_0_0_pcie2_to_pcie3_wrapper_i/pcie2_ip_i/inst/inst/gt_top_i/pipe_wrapper_i/pipe_clock_int.pipe_clock_i/userclk2
    BUFGCTRL_X0Y0        BUFG (Prop_bufg_I_O)         0.081     4.591 r  Top_i/xdma_0/inst/Top_xdma_0_0_pcie2_to_pcie3_wrapper_i/pcie2_ip_i/inst/inst/gt_top_i/pipe_wrapper_i/pipe_clock_int.pipe_clock_i/userclk2_i1.usrclk2_i1/O
                         net (fo=19707, routed)       1.474     6.065    Top_i/xdma_0_axi_periph/s00_couplers/auto_cc/inst/gen_clock_conv.gen_async_lite_conv.clock_conv_lite_fwd_w/handshake/src_clk
    SLICE_X36Y154        FDRE                                         r  Top_i/xdma_0_axi_periph/s00_couplers/auto_cc/inst/gen_clock_conv.gen_async_lite_conv.clock_conv_lite_fwd_w/handshake/src_hsdata_ff_reg[11]/C
  -------------------------------------------------------------------    -------------------
    SLICE_X36Y154        FDRE (Prop_fdre_C_Q)         0.433     6.498 r  Top_i/xdma_0_axi_periph/s00_couplers/auto_cc/inst/gen_clock_conv.gen_async_lite_conv.clock_conv_lite_fwd_w/handshake/src_hsdata_ff_reg[11]/Q
                         net (fo=1, routed)           1.293     7.792    Top_i/xdma_0_axi_periph/s00_couplers/auto_cc/inst/gen_clock_conv.gen_async_lite_conv.clock_conv_lite_fwd_w/handshake/src_hsdata_ff[11]
    SLICE_X36Y128        FDRE                                         r  Top_i/xdma_0_axi_periph/s00_couplers/auto_cc/inst/gen_clock_conv.gen_async_lite_conv.clock_conv_lite_fwd_w/handshake/dest_hsdata_ff_reg[11]/D
  -------------------------------------------------------------------    -------------------

                         (clock clk_out1_Top_clk_wiz_1 rise edge)
                                                      0.000     0.000 r  
    IBUFDS_GTE2_X0Y2     IBUFDS_GTE2                  0.000     0.000 r  Top_i/util_ds_buf/U0/USE_IBUFDS_GTE2.GEN_IBUFDS_GTE2[0].IBUFDS_GTE2_I/O
                         net (fo=3, routed)           1.452     1.452    Top_i/clk_wiz/inst/clk_in1
    MMCME2_ADV_X0Y4      MMCME2_ADV (Prop_mmcme2_adv_CLKIN1_CLKOUT0)
                                                     -3.606    -2.154 r  Top_i/clk_wiz/inst/mmcm_adv_inst/CLKOUT0
                         net (fo=1, routed)           1.964    -0.190    Top_i/clk_wiz/inst/clk_out1_Top_clk_wiz_1
    BUFGCTRL_X0Y16       BUFG (Prop_bufg_I_O)         0.077    -0.113 r  Top_i/clk_wiz/inst/clkout1_buf/O
                         net (fo=116625, routed)      1.368     1.255    Top_i/xdma_0_axi_periph/s00_couplers/auto_cc/inst/gen_clock_conv.gen_async_lite_conv.clock_conv_lite_fwd_w/handshake/dest_clk
    SLICE_X36Y128        FDRE                                         r  Top_i/xdma_0_axi_periph/s00_couplers/auto_cc/inst/gen_clock_conv.gen_async_lite_conv.clock_conv_lite_fwd_w/handshake/dest_hsdata_ff_reg[11]/C
                         clock pessimism              0.000     1.255    
    SLICE_X36Y128        FDRE (Setup_fdre_C_D)       -0.027     1.228    Top_i/xdma_0_axi_periph/s00_couplers/auto_cc/inst/gen_clock_conv.gen_async_lite_conv.clock_conv_lite_fwd_w/handshake/dest_hsdata_ff_reg[11]
  -------------------------------------------------------------------
                         data arrival                           7.792    
                         clock arrival                          1.228    
  -------------------------------------------------------------------
                         relative delay                         6.564    

Reference path:
    Location             Delay type                Incr(ns)  Path(ns)    Netlist Resource(s)
  -------------------------------------------------------------------    -------------------
                         (clock userclk2 rise edge)
                                                      0.000     0.000 r  
    GTPE2_CHANNEL_X0Y6   GTPE2_CHANNEL                0.000     0.000 r  Top_i/xdma_0/inst/Top_xdma_0_0_pcie2_to_pcie3_wrapper_i/pcie2_ip_i/inst/inst/gt_top_i/pipe_wrapper_i/pipe_lane[0].gt_wrapper_i/gtp_channel.gtpe2_channel_i/TXOUTCLK
                         net (fo=1, routed)           1.216     1.216    Top_i/xdma_0/inst/Top_xdma_0_0_pcie2_to_pcie3_wrapper_i/pcie2_ip_i/inst/inst/gt_top_i/pipe_wrapper_i/pipe_clock_int.pipe_clock_i/txoutclk_i.txoutclk_i_0
    BUFGCTRL_X0Y19       BUFG (Prop_bufg_I_O)         0.077     1.293 r  Top_i/xdma_0/inst/Top_xdma_0_0_pcie2_to_pcie3_wrapper_i/pcie2_ip_i/inst/inst/gt_top_i/pipe_wrapper_i/pipe_clock_int.pipe_clock_i/txoutclk_i.txoutclk_i/O
                         net (fo=1, routed)           1.417     2.710    Top_i/xdma_0/inst/Top_xdma_0_0_pcie2_to_pcie3_wrapper_i/pcie2_ip_i/inst/inst/gt_top_i/pipe_wrapper_i/pipe_clock_int.pipe_clock_i/refclk
    MMCME2_ADV_X0Y2      MMCME2_ADV (Prop_mmcme2_adv_CLKIN1_CLKOUT3)
                                                      0.073     2.783 r  Top_i/xdma_0/inst/Top_xdma_0_0_pcie2_to_pcie3_wrapper_i/pcie2_ip_i/inst/inst/gt_top_i/pipe_wrapper_i/pipe_clock_int.pipe_clock_i/mmcm_i/CLKOUT3
                         net (fo=1, routed)           1.488     4.271    Top_i/xdma_0/inst/Top_xdma_0_0_pcie2_to_pcie3_wrapper_i/pcie2_ip_i/inst/inst/gt_top_i/pipe_wrapper_i/pipe_clock_int.pipe_clock_i/userclk2
    BUFGCTRL_X0Y0        BUFG (Prop_bufg_I_O)         0.077     4.348 r  Top_i/xdma_0/inst/Top_xdma_0_0_pcie2_to_pcie3_wrapper_i/pcie2_ip_i/inst/inst/gt_top_i/pipe_wrapper_i/pipe_clock_int.pipe_clock_i/userclk2_i1.usrclk2_i1/O
                         net (fo=19707, routed)       1.374     5.722    Top_i/xdma_0_axi_periph/s00_couplers/auto_cc/inst/gen_clock_conv.gen_async_lite_conv.clock_conv_lite_fwd_w/handshake/src_clk
    SLICE_X23Y155        FDRE                                         r  Top_i/xdma_0_axi_periph/s00_couplers/auto_cc/inst/gen_clock_conv.gen_async_lite_conv.clock_conv_lite_fwd_w/handshake/src_hsdata_ff_reg[6]/C
  -------------------------------------------------------------------    -------------------
    SLICE_X23Y155        FDRE (Prop_fdre_C_Q)         0.304     6.026 r  Top_i/xdma_0_axi_periph/s00_couplers/auto_cc/inst/gen_clock_conv.gen_async_lite_conv.clock_conv_lite_fwd_w/handshake/src_hsdata_ff_reg[6]/Q
                         net (fo=1, routed)           0.239     6.265    Top_i/xdma_0_axi_periph/s00_couplers/auto_cc/inst/gen_clock_conv.gen_async_lite_conv.clock_conv_lite_fwd_w/handshake/src_hsdata_ff[6]
    SLICE_X22Y155        FDRE                                         r  Top_i/xdma_0_axi_periph/s00_couplers/auto_cc/inst/gen_clock_conv.gen_async_lite_conv.clock_conv_lite_fwd_w/handshake/dest_hsdata_ff_reg[6]/D
  -------------------------------------------------------------------    -------------------

                         (clock clk_out1_Top_clk_wiz_1 rise edge)
                                                      0.000     0.000 r  
    IBUFDS_GTE2_X0Y2     IBUFDS_GTE2                  0.000     0.000 r  Top_i/util_ds_buf/U0/USE_IBUFDS_GTE2.GEN_IBUFDS_GTE2[0].IBUFDS_GTE2_I/O
                         net (fo=3, routed)           1.638     1.638    Top_i/clk_wiz/inst/clk_in1
    MMCME2_ADV_X0Y4      MMCME2_ADV (Prop_mmcme2_adv_CLKIN1_CLKOUT0)
                                                     -3.816    -2.178 r  Top_i/clk_wiz/inst/mmcm_adv_inst/CLKOUT0
                         net (fo=1, routed)           2.061    -0.117    Top_i/clk_wiz/inst/clk_out1_Top_clk_wiz_1
    BUFGCTRL_X0Y16       BUFG (Prop_bufg_I_O)         0.081    -0.036 r  Top_i/clk_wiz/inst/clkout1_buf/O
                         net (fo=116625, routed)      1.480     1.444    Top_i/xdma_0_axi_periph/s00_couplers/auto_cc/inst/gen_clock_conv.gen_async_lite_conv.clock_conv_lite_fwd_w/handshake/dest_clk
    SLICE_X22Y155        FDRE                                         r  Top_i/xdma_0_axi_periph/s00_couplers/auto_cc/inst/gen_clock_conv.gen_async_lite_conv.clock_conv_lite_fwd_w/handshake/dest_hsdata_ff_reg[6]/C
                         clock pessimism              0.000     1.444    
    SLICE_X22Y155        FDRE (Hold_fdre_C_D)         0.197     1.641    Top_i/xdma_0_axi_periph/s00_couplers/auto_cc/inst/gen_clock_conv.gen_async_lite_conv.clock_conv_lite_fwd_w/handshake/dest_hsdata_ff_reg[6]
  -------------------------------------------------------------------
                         data arrival                           6.265    
                         clock arrival                          1.641    
  -------------------------------------------------------------------
                         relative delay                         4.623    



Id: 13
set_bus_skew -from [get_cells [list {Top_i/xdma_0_axi_periph/s00_couplers/auto_cc/inst/gen_clock_conv.gen_async_lite_conv.clock_conv_lite_resp_r/handshake/src_hsdata_ff_reg[0]} \
          {Top_i/xdma_0_axi_periph/s00_couplers/auto_cc/inst/gen_clock_conv.gen_async_lite_conv.clock_conv_lite_resp_r/handshake/src_hsdata_ff_reg[10]} \
          {Top_i/xdma_0_axi_periph/s00_couplers/auto_cc/inst/gen_clock_conv.gen_async_lite_conv.clock_conv_lite_resp_r/handshake/src_hsdata_ff_reg[11]} \
          {Top_i/xdma_0_axi_periph/s00_couplers/auto_cc/inst/gen_clock_conv.gen_async_lite_conv.clock_conv_lite_resp_r/handshake/src_hsdata_ff_reg[12]} \
          {Top_i/xdma_0_axi_periph/s00_couplers/auto_cc/inst/gen_clock_conv.gen_async_lite_conv.clock_conv_lite_resp_r/handshake/src_hsdata_ff_reg[13]} \
          {Top_i/xdma_0_axi_periph/s00_couplers/auto_cc/inst/gen_clock_conv.gen_async_lite_conv.clock_conv_lite_resp_r/handshake/src_hsdata_ff_reg[14]} \
          {Top_i/xdma_0_axi_periph/s00_couplers/auto_cc/inst/gen_clock_conv.gen_async_lite_conv.clock_conv_lite_resp_r/handshake/src_hsdata_ff_reg[15]} \
          {Top_i/xdma_0_axi_periph/s00_couplers/auto_cc/inst/gen_clock_conv.gen_async_lite_conv.clock_conv_lite_resp_r/handshake/src_hsdata_ff_reg[16]} \
          {Top_i/xdma_0_axi_periph/s00_couplers/auto_cc/inst/gen_clock_conv.gen_async_lite_conv.clock_conv_lite_resp_r/handshake/src_hsdata_ff_reg[17]} \
          {Top_i/xdma_0_axi_periph/s00_couplers/auto_cc/inst/gen_clock_conv.gen_async_lite_conv.clock_conv_lite_resp_r/handshake/src_hsdata_ff_reg[18]} \
          {Top_i/xdma_0_axi_periph/s00_couplers/auto_cc/inst/gen_clock_conv.gen_async_lite_conv.clock_conv_lite_resp_r/handshake/src_hsdata_ff_reg[19]} \
          {Top_i/xdma_0_axi_periph/s00_couplers/auto_cc/inst/gen_clock_conv.gen_async_lite_conv.clock_conv_lite_resp_r/handshake/src_hsdata_ff_reg[1]} \
          {Top_i/xdma_0_axi_periph/s00_couplers/auto_cc/inst/gen_clock_conv.gen_async_lite_conv.clock_conv_lite_resp_r/handshake/src_hsdata_ff_reg[20]} \
          {Top_i/xdma_0_axi_periph/s00_couplers/auto_cc/inst/gen_clock_conv.gen_async_lite_conv.clock_conv_lite_resp_r/handshake/src_hsdata_ff_reg[21]} \
          {Top_i/xdma_0_axi_periph/s00_couplers/auto_cc/inst/gen_clock_conv.gen_async_lite_conv.clock_conv_lite_resp_r/handshake/src_hsdata_ff_reg[22]} \
          {Top_i/xdma_0_axi_periph/s00_couplers/auto_cc/inst/gen_clock_conv.gen_async_lite_conv.clock_conv_lite_resp_r/handshake/src_hsdata_ff_reg[23]} \
          {Top_i/xdma_0_axi_periph/s00_couplers/auto_cc/inst/gen_clock_conv.gen_async_lite_conv.clock_conv_lite_resp_r/handshake/src_hsdata_ff_reg[24]} \
          {Top_i/xdma_0_axi_periph/s00_couplers/auto_cc/inst/gen_clock_conv.gen_async_lite_conv.clock_conv_lite_resp_r/handshake/src_hsdata_ff_reg[25]} \
          {Top_i/xdma_0_axi_periph/s00_couplers/auto_cc/inst/gen_clock_conv.gen_async_lite_conv.clock_conv_lite_resp_r/handshake/src_hsdata_ff_reg[26]} \
          {Top_i/xdma_0_axi_periph/s00_couplers/auto_cc/inst/gen_clock_conv.gen_async_lite_conv.clock_conv_lite_resp_r/handshake/src_hsdata_ff_reg[27]} \
          {Top_i/xdma_0_axi_periph/s00_couplers/auto_cc/inst/gen_clock_conv.gen_async_lite_conv.clock_conv_lite_resp_r/handshake/src_hsdata_ff_reg[28]} \
          {Top_i/xdma_0_axi_periph/s00_couplers/auto_cc/inst/gen_clock_conv.gen_async_lite_conv.clock_conv_lite_resp_r/handshake/src_hsdata_ff_reg[29]} \
          {Top_i/xdma_0_axi_periph/s00_couplers/auto_cc/inst/gen_clock_conv.gen_async_lite_conv.clock_conv_lite_resp_r/handshake/src_hsdata_ff_reg[2]} \
          {Top_i/xdma_0_axi_periph/s00_couplers/auto_cc/inst/gen_clock_conv.gen_async_lite_conv.clock_conv_lite_resp_r/handshake/src_hsdata_ff_reg[30]} \
          {Top_i/xdma_0_axi_periph/s00_couplers/auto_cc/inst/gen_clock_conv.gen_async_lite_conv.clock_conv_lite_resp_r/handshake/src_hsdata_ff_reg[31]} \
          {Top_i/xdma_0_axi_periph/s00_couplers/auto_cc/inst/gen_clock_conv.gen_async_lite_conv.clock_conv_lite_resp_r/handshake/src_hsdata_ff_reg[32]} \
          {Top_i/xdma_0_axi_periph/s00_couplers/auto_cc/inst/gen_clock_conv.gen_async_lite_conv.clock_conv_lite_resp_r/handshake/src_hsdata_ff_reg[33]} \
          {Top_i/xdma_0_axi_periph/s00_couplers/auto_cc/inst/gen_clock_conv.gen_async_lite_conv.clock_conv_lite_resp_r/handshake/src_hsdata_ff_reg[3]} \
          {Top_i/xdma_0_axi_periph/s00_couplers/auto_cc/inst/gen_clock_conv.gen_async_lite_conv.clock_conv_lite_resp_r/handshake/src_hsdata_ff_reg[4]} \
          {Top_i/xdma_0_axi_periph/s00_couplers/auto_cc/inst/gen_clock_conv.gen_async_lite_conv.clock_conv_lite_resp_r/handshake/src_hsdata_ff_reg[5]} \
          {Top_i/xdma_0_axi_periph/s00_couplers/auto_cc/inst/gen_clock_conv.gen_async_lite_conv.clock_conv_lite_resp_r/handshake/src_hsdata_ff_reg[6]} \
          {Top_i/xdma_0_axi_periph/s00_couplers/auto_cc/inst/gen_clock_conv.gen_async_lite_conv.clock_conv_lite_resp_r/handshake/src_hsdata_ff_reg[7]} \
          {Top_i/xdma_0_axi_periph/s00_couplers/auto_cc/inst/gen_clock_conv.gen_async_lite_conv.clock_conv_lite_resp_r/handshake/src_hsdata_ff_reg[8]} \
          {Top_i/xdma_0_axi_periph/s00_couplers/auto_cc/inst/gen_clock_conv.gen_async_lite_conv.clock_conv_lite_resp_r/handshake/src_hsdata_ff_reg[9]}]] -to [get_cells [list {Top_i/xdma_0_axi_periph/s00_couplers/auto_cc/inst/gen_clock_conv.gen_async_lite_conv.clock_conv_lite_resp_r/handshake/dest_hsdata_ff_reg[0]} \
          {Top_i/xdma_0_axi_periph/s00_couplers/auto_cc/inst/gen_clock_conv.gen_async_lite_conv.clock_conv_lite_resp_r/handshake/dest_hsdata_ff_reg[10]} \
          {Top_i/xdma_0_axi_periph/s00_couplers/auto_cc/inst/gen_clock_conv.gen_async_lite_conv.clock_conv_lite_resp_r/handshake/dest_hsdata_ff_reg[11]} \
          {Top_i/xdma_0_axi_periph/s00_couplers/auto_cc/inst/gen_clock_conv.gen_async_lite_conv.clock_conv_lite_resp_r/handshake/dest_hsdata_ff_reg[12]} \
          {Top_i/xdma_0_axi_periph/s00_couplers/auto_cc/inst/gen_clock_conv.gen_async_lite_conv.clock_conv_lite_resp_r/handshake/dest_hsdata_ff_reg[13]} \
          {Top_i/xdma_0_axi_periph/s00_couplers/auto_cc/inst/gen_clock_conv.gen_async_lite_conv.clock_conv_lite_resp_r/handshake/dest_hsdata_ff_reg[14]} \
          {Top_i/xdma_0_axi_periph/s00_couplers/auto_cc/inst/gen_clock_conv.gen_async_lite_conv.clock_conv_lite_resp_r/handshake/dest_hsdata_ff_reg[15]} \
          {Top_i/xdma_0_axi_periph/s00_couplers/auto_cc/inst/gen_clock_conv.gen_async_lite_conv.clock_conv_lite_resp_r/handshake/dest_hsdata_ff_reg[16]} \
          {Top_i/xdma_0_axi_periph/s00_couplers/auto_cc/inst/gen_clock_conv.gen_async_lite_conv.clock_conv_lite_resp_r/handshake/dest_hsdata_ff_reg[17]} \
          {Top_i/xdma_0_axi_periph/s00_couplers/auto_cc/inst/gen_clock_conv.gen_async_lite_conv.clock_conv_lite_resp_r/handshake/dest_hsdata_ff_reg[18]} \
          {Top_i/xdma_0_axi_periph/s00_couplers/auto_cc/inst/gen_clock_conv.gen_async_lite_conv.clock_conv_lite_resp_r/handshake/dest_hsdata_ff_reg[19]} \
          {Top_i/xdma_0_axi_periph/s00_couplers/auto_cc/inst/gen_clock_conv.gen_async_lite_conv.clock_conv_lite_resp_r/handshake/dest_hsdata_ff_reg[1]} \
          {Top_i/xdma_0_axi_periph/s00_couplers/auto_cc/inst/gen_clock_conv.gen_async_lite_conv.clock_conv_lite_resp_r/handshake/dest_hsdata_ff_reg[20]} \
          {Top_i/xdma_0_axi_periph/s00_couplers/auto_cc/inst/gen_clock_conv.gen_async_lite_conv.clock_conv_lite_resp_r/handshake/dest_hsdata_ff_reg[21]} \
          {Top_i/xdma_0_axi_periph/s00_couplers/auto_cc/inst/gen_clock_conv.gen_async_lite_conv.clock_conv_lite_resp_r/handshake/dest_hsdata_ff_reg[22]} \
          {Top_i/xdma_0_axi_periph/s00_couplers/auto_cc/inst/gen_clock_conv.gen_async_lite_conv.clock_conv_lite_resp_r/handshake/dest_hsdata_ff_reg[23]} \
          {Top_i/xdma_0_axi_periph/s00_couplers/auto_cc/inst/gen_clock_conv.gen_async_lite_conv.clock_conv_lite_resp_r/handshake/dest_hsdata_ff_reg[24]} \
          {Top_i/xdma_0_axi_periph/s00_couplers/auto_cc/inst/gen_clock_conv.gen_async_lite_conv.clock_conv_lite_resp_r/handshake/dest_hsdata_ff_reg[25]} \
          {Top_i/xdma_0_axi_periph/s00_couplers/auto_cc/inst/gen_clock_conv.gen_async_lite_conv.clock_conv_lite_resp_r/handshake/dest_hsdata_ff_reg[26]} \
          {Top_i/xdma_0_axi_periph/s00_couplers/auto_cc/inst/gen_clock_conv.gen_async_lite_conv.clock_conv_lite_resp_r/handshake/dest_hsdata_ff_reg[27]} \
          {Top_i/xdma_0_axi_periph/s00_couplers/auto_cc/inst/gen_clock_conv.gen_async_lite_conv.clock_conv_lite_resp_r/handshake/dest_hsdata_ff_reg[28]} \
          {Top_i/xdma_0_axi_periph/s00_couplers/auto_cc/inst/gen_clock_conv.gen_async_lite_conv.clock_conv_lite_resp_r/handshake/dest_hsdata_ff_reg[29]} \
          {Top_i/xdma_0_axi_periph/s00_couplers/auto_cc/inst/gen_clock_conv.gen_async_lite_conv.clock_conv_lite_resp_r/handshake/dest_hsdata_ff_reg[2]} \
          {Top_i/xdma_0_axi_periph/s00_couplers/auto_cc/inst/gen_clock_conv.gen_async_lite_conv.clock_conv_lite_resp_r/handshake/dest_hsdata_ff_reg[30]} \
          {Top_i/xdma_0_axi_periph/s00_couplers/auto_cc/inst/gen_clock_conv.gen_async_lite_conv.clock_conv_lite_resp_r/handshake/dest_hsdata_ff_reg[31]} \
          {Top_i/xdma_0_axi_periph/s00_couplers/auto_cc/inst/gen_clock_conv.gen_async_lite_conv.clock_conv_lite_resp_r/handshake/dest_hsdata_ff_reg[32]} \
          {Top_i/xdma_0_axi_periph/s00_couplers/auto_cc/inst/gen_clock_conv.gen_async_lite_conv.clock_conv_lite_resp_r/handshake/dest_hsdata_ff_reg[33]} \
          {Top_i/xdma_0_axi_periph/s00_couplers/auto_cc/inst/gen_clock_conv.gen_async_lite_conv.clock_conv_lite_resp_r/handshake/dest_hsdata_ff_reg[3]} \
          {Top_i/xdma_0_axi_periph/s00_couplers/auto_cc/inst/gen_clock_conv.gen_async_lite_conv.clock_conv_lite_resp_r/handshake/dest_hsdata_ff_reg[4]} \
          {Top_i/xdma_0_axi_periph/s00_couplers/auto_cc/inst/gen_clock_conv.gen_async_lite_conv.clock_conv_lite_resp_r/handshake/dest_hsdata_ff_reg[5]} \
          {Top_i/xdma_0_axi_periph/s00_couplers/auto_cc/inst/gen_clock_conv.gen_async_lite_conv.clock_conv_lite_resp_r/handshake/dest_hsdata_ff_reg[6]} \
          {Top_i/xdma_0_axi_periph/s00_couplers/auto_cc/inst/gen_clock_conv.gen_async_lite_conv.clock_conv_lite_resp_r/handshake/dest_hsdata_ff_reg[7]} \
          {Top_i/xdma_0_axi_periph/s00_couplers/auto_cc/inst/gen_clock_conv.gen_async_lite_conv.clock_conv_lite_resp_r/handshake/dest_hsdata_ff_reg[8]} \
          {Top_i/xdma_0_axi_periph/s00_couplers/auto_cc/inst/gen_clock_conv.gen_async_lite_conv.clock_conv_lite_resp_r/handshake/dest_hsdata_ff_reg[9]}]] 24.000
Requirement: 24.000ns
Endpoints: 34

From Clock            To Clock              Endpoint Pin                    Reference Pin                   Corner  Actual(ns)  Slack(ns)
--------------------  --------------------  ------------------------------  ------------------------------  ------  ----------  ---------
clk_out1_Top_clk_wiz_1
                      userclk2              Top_i/xdma_0_axi_periph/s00_couplers/auto_cc/inst/gen_clock_conv.gen_async_lite_conv.clock_conv_lite_resp_r/handshake/dest_hsdata_ff_reg[5]/D
                                                                            Top_i/xdma_0_axi_periph/s00_couplers/auto_cc/inst/gen_clock_conv.gen_async_lite_conv.clock_conv_lite_resp_r/handshake/dest_hsdata_ff_reg[31]/D
                                                                                                            Slow         1.438     22.562


Slack (MET) :             22.562ns  (requirement - actual skew)
  Endpoint Source:        Top_i/xdma_0_axi_periph/s00_couplers/auto_cc/inst/gen_clock_conv.gen_async_lite_conv.clock_conv_lite_resp_r/handshake/src_hsdata_ff_reg[5]/C
                            (rising edge-triggered cell FDRE clocked by clk_out1_Top_clk_wiz_1)
  Endpoint Destination:   Top_i/xdma_0_axi_periph/s00_couplers/auto_cc/inst/gen_clock_conv.gen_async_lite_conv.clock_conv_lite_resp_r/handshake/dest_hsdata_ff_reg[5]/D
                            (rising edge-triggered cell FDRE clocked by userclk2)
  Reference Source:       Top_i/xdma_0_axi_periph/s00_couplers/auto_cc/inst/gen_clock_conv.gen_async_lite_conv.clock_conv_lite_resp_r/handshake/src_hsdata_ff_reg[31]/C
                            (rising edge-triggered cell FDRE clocked by clk_out1_Top_clk_wiz_1)
  Reference Destination:  Top_i/xdma_0_axi_periph/s00_couplers/auto_cc/inst/gen_clock_conv.gen_async_lite_conv.clock_conv_lite_resp_r/handshake/dest_hsdata_ff_reg[31]/D
                            (rising edge-triggered cell FDRE clocked by userclk2)
  Path Type:              Bus Skew (Max at Slow Process Corner)
  Requirement:            24.000ns
  Endpoint Relative Delay:   -2.362ns
  Reference Relative Delay:  -4.203ns
  Relative CRPR:              0.403ns
  Actual Bus Skew:            1.438ns  (Endpoint Relative Delay - Reference Relative Delay - Relative CRPR)

Endpoint path:
    Location             Delay type                Incr(ns)  Path(ns)    Netlist Resource(s)
  -------------------------------------------------------------------    -------------------
                         (clock clk_out1_Top_clk_wiz_1 rise edge)
                                                      0.000     0.000 r  
    IBUFDS_GTE2_X0Y2     IBUFDS_GTE2                  0.000     0.000 r  Top_i/util_ds_buf/U0/USE_IBUFDS_GTE2.GEN_IBUFDS_GTE2[0].IBUFDS_GTE2_I/O
                         net (fo=3, routed)           1.638     1.638    Top_i/clk_wiz/inst/clk_in1
    MMCME2_ADV_X0Y4      MMCME2_ADV (Prop_mmcme2_adv_CLKIN1_CLKOUT0)
                                                     -3.816    -2.178 r  Top_i/clk_wiz/inst/mmcm_adv_inst/CLKOUT0
                         net (fo=1, routed)           2.061    -0.117    Top_i/clk_wiz/inst/clk_out1_Top_clk_wiz_1
    BUFGCTRL_X0Y16       BUFG (Prop_bufg_I_O)         0.081    -0.036 r  Top_i/clk_wiz/inst/clkout1_buf/O
                         net (fo=116625, routed)      1.500     1.464    Top_i/xdma_0_axi_periph/s00_couplers/auto_cc/inst/gen_clock_conv.gen_async_lite_conv.clock_conv_lite_resp_r/handshake/src_clk
    SLICE_X22Y144        FDRE                                         r  Top_i/xdma_0_axi_periph/s00_couplers/auto_cc/inst/gen_clock_conv.gen_async_lite_conv.clock_conv_lite_resp_r/handshake/src_hsdata_ff_reg[5]/C
  -------------------------------------------------------------------    -------------------
    SLICE_X22Y144        FDRE (Prop_fdre_C_Q)         0.398     1.862 r  Top_i/xdma_0_axi_periph/s00_couplers/auto_cc/inst/gen_clock_conv.gen_async_lite_conv.clock_conv_lite_resp_r/handshake/src_hsdata_ff_reg[5]/Q
                         net (fo=1, routed)           1.291     3.153    Top_i/xdma_0_axi_periph/s00_couplers/auto_cc/inst/gen_clock_conv.gen_async_lite_conv.clock_conv_lite_resp_r/handshake/src_hsdata_ff[5]
    SLICE_X17Y170        FDRE                                         r  Top_i/xdma_0_axi_periph/s00_couplers/auto_cc/inst/gen_clock_conv.gen_async_lite_conv.clock_conv_lite_resp_r/handshake/dest_hsdata_ff_reg[5]/D
  -------------------------------------------------------------------    -------------------

                         (clock userclk2 rise edge)
                                                      0.000     0.000 r  
    GTPE2_CHANNEL_X0Y6   GTPE2_CHANNEL                0.000     0.000 r  Top_i/xdma_0/inst/Top_xdma_0_0_pcie2_to_pcie3_wrapper_i/pcie2_ip_i/inst/inst/gt_top_i/pipe_wrapper_i/pipe_lane[0].gt_wrapper_i/gtp_channel.gtpe2_channel_i/TXOUTCLK
                         net (fo=1, routed)           1.216     1.216    Top_i/xdma_0/inst/Top_xdma_0_0_pcie2_to_pcie3_wrapper_i/pcie2_ip_i/inst/inst/gt_top_i/pipe_wrapper_i/pipe_clock_int.pipe_clock_i/txoutclk_i.txoutclk_i_0
    BUFGCTRL_X0Y19       BUFG (Prop_bufg_I_O)         0.077     1.293 r  Top_i/xdma_0/inst/Top_xdma_0_0_pcie2_to_pcie3_wrapper_i/pcie2_ip_i/inst/inst/gt_top_i/pipe_wrapper_i/pipe_clock_int.pipe_clock_i/txoutclk_i.txoutclk_i/O
                         net (fo=1, routed)           1.417     2.710    Top_i/xdma_0/inst/Top_xdma_0_0_pcie2_to_pcie3_wrapper_i/pcie2_ip_i/inst/inst/gt_top_i/pipe_wrapper_i/pipe_clock_int.pipe_clock_i/refclk
    MMCME2_ADV_X0Y2      MMCME2_ADV (Prop_mmcme2_adv_CLKIN1_CLKOUT3)
                                                      0.073     2.783 r  Top_i/xdma_0/inst/Top_xdma_0_0_pcie2_to_pcie3_wrapper_i/pcie2_ip_i/inst/inst/gt_top_i/pipe_wrapper_i/pipe_clock_int.pipe_clock_i/mmcm_i/CLKOUT3
                         net (fo=1, routed)           1.488     4.271    Top_i/xdma_0/inst/Top_xdma_0_0_pcie2_to_pcie3_wrapper_i/pcie2_ip_i/inst/inst/gt_top_i/pipe_wrapper_i/pipe_clock_int.pipe_clock_i/userclk2
    BUFGCTRL_X0Y0        BUFG (Prop_bufg_I_O)         0.077     4.348 r  Top_i/xdma_0/inst/Top_xdma_0_0_pcie2_to_pcie3_wrapper_i/pcie2_ip_i/inst/inst/gt_top_i/pipe_wrapper_i/pipe_clock_int.pipe_clock_i/userclk2_i1.usrclk2_i1/O
                         net (fo=19707, routed)       1.366     5.714    Top_i/xdma_0_axi_periph/s00_couplers/auto_cc/inst/gen_clock_conv.gen_async_lite_conv.clock_conv_lite_resp_r/handshake/dest_clk
    SLICE_X17Y170        FDRE                                         r  Top_i/xdma_0_axi_periph/s00_couplers/auto_cc/inst/gen_clock_conv.gen_async_lite_conv.clock_conv_lite_resp_r/handshake/dest_hsdata_ff_reg[5]/C
                         clock pessimism              0.000     5.714    
    SLICE_X17Y170        FDRE (Setup_fdre_C_D)       -0.199     5.515    Top_i/xdma_0_axi_periph/s00_couplers/auto_cc/inst/gen_clock_conv.gen_async_lite_conv.clock_conv_lite_resp_r/handshake/dest_hsdata_ff_reg[5]
  -------------------------------------------------------------------
                         data arrival                           3.153    
                         clock arrival                          5.515    
  -------------------------------------------------------------------
                         relative delay                        -2.362    

Reference path:
    Location             Delay type                Incr(ns)  Path(ns)    Netlist Resource(s)
  -------------------------------------------------------------------    -------------------
                         (clock clk_out1_Top_clk_wiz_1 rise edge)
                                                      0.000     0.000 r  
    IBUFDS_GTE2_X0Y2     IBUFDS_GTE2                  0.000     0.000 r  Top_i/util_ds_buf/U0/USE_IBUFDS_GTE2.GEN_IBUFDS_GTE2[0].IBUFDS_GTE2_I/O
                         net (fo=3, routed)           1.452     1.452    Top_i/clk_wiz/inst/clk_in1
    MMCME2_ADV_X0Y4      MMCME2_ADV (Prop_mmcme2_adv_CLKIN1_CLKOUT0)
                                                     -3.606    -2.154 r  Top_i/clk_wiz/inst/mmcm_adv_inst/CLKOUT0
                         net (fo=1, routed)           1.964    -0.190    Top_i/clk_wiz/inst/clk_out1_Top_clk_wiz_1
    BUFGCTRL_X0Y16       BUFG (Prop_bufg_I_O)         0.077    -0.113 r  Top_i/clk_wiz/inst/clkout1_buf/O
                         net (fo=116625, routed)      1.373     1.260    Top_i/xdma_0_axi_periph/s00_couplers/auto_cc/inst/gen_clock_conv.gen_async_lite_conv.clock_conv_lite_resp_r/handshake/src_clk
    SLICE_X19Y159        FDRE                                         r  Top_i/xdma_0_axi_periph/s00_couplers/auto_cc/inst/gen_clock_conv.gen_async_lite_conv.clock_conv_lite_resp_r/handshake/src_hsdata_ff_reg[31]/C
  -------------------------------------------------------------------    -------------------
    SLICE_X19Y159        FDRE (Prop_fdre_C_Q)         0.304     1.564 r  Top_i/xdma_0_axi_periph/s00_couplers/auto_cc/inst/gen_clock_conv.gen_async_lite_conv.clock_conv_lite_resp_r/handshake/src_hsdata_ff_reg[31]/Q
                         net (fo=1, routed)           0.455     2.020    Top_i/xdma_0_axi_periph/s00_couplers/auto_cc/inst/gen_clock_conv.gen_async_lite_conv.clock_conv_lite_resp_r/handshake/src_hsdata_ff[31]
    SLICE_X17Y168        FDRE                                         r  Top_i/xdma_0_axi_periph/s00_couplers/auto_cc/inst/gen_clock_conv.gen_async_lite_conv.clock_conv_lite_resp_r/handshake/dest_hsdata_ff_reg[31]/D
  -------------------------------------------------------------------    -------------------

                         (clock userclk2 rise edge)
                                                      0.000     0.000 r  
    GTPE2_CHANNEL_X0Y6   GTPE2_CHANNEL                0.000     0.000 r  Top_i/xdma_0/inst/Top_xdma_0_0_pcie2_to_pcie3_wrapper_i/pcie2_ip_i/inst/inst/gt_top_i/pipe_wrapper_i/pipe_lane[0].gt_wrapper_i/gtp_channel.gtpe2_channel_i/TXOUTCLK
                         net (fo=1, routed)           1.274     1.274    Top_i/xdma_0/inst/Top_xdma_0_0_pcie2_to_pcie3_wrapper_i/pcie2_ip_i/inst/inst/gt_top_i/pipe_wrapper_i/pipe_clock_int.pipe_clock_i/txoutclk_i.txoutclk_i_0
    BUFGCTRL_X0Y19       BUFG (Prop_bufg_I_O)         0.081     1.355 r  Top_i/xdma_0/inst/Top_xdma_0_0_pcie2_to_pcie3_wrapper_i/pcie2_ip_i/inst/inst/gt_top_i/pipe_wrapper_i/pipe_clock_int.pipe_clock_i/txoutclk_i.txoutclk_i/O
                         net (fo=1, routed)           1.520     2.874    Top_i/xdma_0/inst/Top_xdma_0_0_pcie2_to_pcie3_wrapper_i/pcie2_ip_i/inst/inst/gt_top_i/pipe_wrapper_i/pipe_clock_int.pipe_clock_i/refclk
    MMCME2_ADV_X0Y2      MMCME2_ADV (Prop_mmcme2_adv_CLKIN1_CLKOUT3)
                                                      0.077     2.951 r  Top_i/xdma_0/inst/Top_xdma_0_0_pcie2_to_pcie3_wrapper_i/pcie2_ip_i/inst/inst/gt_top_i/pipe_wrapper_i/pipe_clock_int.pipe_clock_i/mmcm_i/CLKOUT3
                         net (fo=1, routed)           1.559     4.510    Top_i/xdma_0/inst/Top_xdma_0_0_pcie2_to_pcie3_wrapper_i/pcie2_ip_i/inst/inst/gt_top_i/pipe_wrapper_i/pipe_clock_int.pipe_clock_i/userclk2
    BUFGCTRL_X0Y0        BUFG (Prop_bufg_I_O)         0.081     4.591 r  Top_i/xdma_0/inst/Top_xdma_0_0_pcie2_to_pcie3_wrapper_i/pcie2_ip_i/inst/inst/gt_top_i/pipe_wrapper_i/pipe_clock_int.pipe_clock_i/userclk2_i1.usrclk2_i1/O
                         net (fo=19707, routed)       1.475     6.066    Top_i/xdma_0_axi_periph/s00_couplers/auto_cc/inst/gen_clock_conv.gen_async_lite_conv.clock_conv_lite_resp_r/handshake/dest_clk
    SLICE_X17Y168        FDRE                                         r  Top_i/xdma_0_axi_periph/s00_couplers/auto_cc/inst/gen_clock_conv.gen_async_lite_conv.clock_conv_lite_resp_r/handshake/dest_hsdata_ff_reg[31]/C
                         clock pessimism              0.000     6.066    
    SLICE_X17Y168        FDRE (Hold_fdre_C_D)         0.156     6.222    Top_i/xdma_0_axi_periph/s00_couplers/auto_cc/inst/gen_clock_conv.gen_async_lite_conv.clock_conv_lite_resp_r/handshake/dest_hsdata_ff_reg[31]
  -------------------------------------------------------------------
                         data arrival                           2.020    
                         clock arrival                          6.222    
  -------------------------------------------------------------------
                         relative delay                        -4.203    



Id: 14
set_bus_skew -from [get_cells [list {Top_i/xdma_0_axi_periph/s00_couplers/auto_cc/inst/gen_clock_conv.gen_async_lite_conv.clock_conv_lite_fwd_aw/handshake/src_hsdata_ff_reg[2]} \
          {Top_i/xdma_0_axi_periph/s00_couplers/auto_cc/inst/gen_clock_conv.gen_async_lite_conv.clock_conv_lite_fwd_aw/handshake/src_hsdata_ff_reg[8]} \
          {Top_i/xdma_0_axi_periph/s00_couplers/auto_cc/inst/gen_clock_conv.gen_async_lite_conv.clock_conv_lite_fwd_aw/handshake/src_hsdata_ff_reg[30]} \
          {Top_i/xdma_0_axi_periph/s00_couplers/auto_cc/inst/gen_clock_conv.gen_async_lite_conv.clock_conv_lite_fwd_aw/handshake/src_hsdata_ff_reg[31]} \
          {Top_i/xdma_0_axi_periph/s00_couplers/auto_cc/inst/gen_clock_conv.gen_async_lite_conv.clock_conv_lite_fwd_aw/handshake/src_hsdata_ff_reg[13]} \
          {Top_i/xdma_0_axi_periph/s00_couplers/auto_cc/inst/gen_clock_conv.gen_async_lite_conv.clock_conv_lite_fwd_aw/handshake/src_hsdata_ff_reg[14]} \
          {Top_i/xdma_0_axi_periph/s00_couplers/auto_cc/inst/gen_clock_conv.gen_async_lite_conv.clock_conv_lite_fwd_aw/handshake/src_hsdata_ff_reg[15]} \
          {Top_i/xdma_0_axi_periph/s00_couplers/auto_cc/inst/gen_clock_conv.gen_async_lite_conv.clock_conv_lite_fwd_aw/handshake/src_hsdata_ff_reg[16]} \
          {Top_i/xdma_0_axi_periph/s00_couplers/auto_cc/inst/gen_clock_conv.gen_async_lite_conv.clock_conv_lite_fwd_aw/handshake/src_hsdata_ff_reg[17]} \
          {Top_i/xdma_0_axi_periph/s00_couplers/auto_cc/inst/gen_clock_conv.gen_async_lite_conv.clock_conv_lite_fwd_aw/handshake/src_hsdata_ff_reg[18]} \
          {Top_i/xdma_0_axi_periph/s00_couplers/auto_cc/inst/gen_clock_conv.gen_async_lite_conv.clock_conv_lite_fwd_aw/handshake/src_hsdata_ff_reg[19]} \
          {Top_i/xdma_0_axi_periph/s00_couplers/auto_cc/inst/gen_clock_conv.gen_async_lite_conv.clock_conv_lite_fwd_aw/handshake/src_hsdata_ff_reg[3]} \
          {Top_i/xdma_0_axi_periph/s00_couplers/auto_cc/inst/gen_clock_conv.gen_async_lite_conv.clock_conv_lite_fwd_aw/handshake/src_hsdata_ff_reg[20]} \
          {Top_i/xdma_0_axi_periph/s00_couplers/auto_cc/inst/gen_clock_conv.gen_async_lite_conv.clock_conv_lite_fwd_aw/handshake/src_hsdata_ff_reg[21]} \
          {Top_i/xdma_0_axi_periph/s00_couplers/auto_cc/inst/gen_clock_conv.gen_async_lite_conv.clock_conv_lite_fwd_aw/handshake/src_hsdata_ff_reg[22]} \
          {Top_i/xdma_0_axi_periph/s00_couplers/auto_cc/inst/gen_clock_conv.gen_async_lite_conv.clock_conv_lite_fwd_aw/handshake/src_hsdata_ff_reg[23]} \
          {Top_i/xdma_0_axi_periph/s00_couplers/auto_cc/inst/gen_clock_conv.gen_async_lite_conv.clock_conv_lite_fwd_aw/handshake/src_hsdata_ff_reg[24]} \
          {Top_i/xdma_0_axi_periph/s00_couplers/auto_cc/inst/gen_clock_conv.gen_async_lite_conv.clock_conv_lite_fwd_aw/handshake/src_hsdata_ff_reg[25]} \
          {Top_i/xdma_0_axi_periph/s00_couplers/auto_cc/inst/gen_clock_conv.gen_async_lite_conv.clock_conv_lite_fwd_aw/handshake/src_hsdata_ff_reg[26]} \
          {Top_i/xdma_0_axi_periph/s00_couplers/auto_cc/inst/gen_clock_conv.gen_async_lite_conv.clock_conv_lite_fwd_aw/handshake/src_hsdata_ff_reg[27]} \
          {Top_i/xdma_0_axi_periph/s00_couplers/auto_cc/inst/gen_clock_conv.gen_async_lite_conv.clock_conv_lite_fwd_aw/handshake/src_hsdata_ff_reg[28]} \
          {Top_i/xdma_0_axi_periph/s00_couplers/auto_cc/inst/gen_clock_conv.gen_async_lite_conv.clock_conv_lite_fwd_aw/handshake/src_hsdata_ff_reg[29]}]] -to [get_cells [list {Top_i/xdma_0_axi_periph/s00_couplers/auto_cc/inst/gen_clock_conv.gen_async_lite_conv.clock_conv_lite_fwd_aw/handshake/dest_hsdata_ff_reg[2]} \
          {Top_i/xdma_0_axi_periph/s00_couplers/auto_cc/inst/gen_clock_conv.gen_async_lite_conv.clock_conv_lite_fwd_aw/handshake/dest_hsdata_ff_reg[8]} \
          {Top_i/xdma_0_axi_periph/s00_couplers/auto_cc/inst/gen_clock_conv.gen_async_lite_conv.clock_conv_lite_fwd_aw/handshake/dest_hsdata_ff_reg[30]} \
          {Top_i/xdma_0_axi_periph/s00_couplers/auto_cc/inst/gen_clock_conv.gen_async_lite_conv.clock_conv_lite_fwd_aw/handshake/dest_hsdata_ff_reg[31]} \
          {Top_i/xdma_0_axi_periph/s00_couplers/auto_cc/inst/gen_clock_conv.gen_async_lite_conv.clock_conv_lite_fwd_aw/handshake/dest_hsdata_ff_reg[13]} \
          {Top_i/xdma_0_axi_periph/s00_couplers/auto_cc/inst/gen_clock_conv.gen_async_lite_conv.clock_conv_lite_fwd_aw/handshake/dest_hsdata_ff_reg[14]} \
          {Top_i/xdma_0_axi_periph/s00_couplers/auto_cc/inst/gen_clock_conv.gen_async_lite_conv.clock_conv_lite_fwd_aw/handshake/dest_hsdata_ff_reg[15]} \
          {Top_i/xdma_0_axi_periph/s00_couplers/auto_cc/inst/gen_clock_conv.gen_async_lite_conv.clock_conv_lite_fwd_aw/handshake/dest_hsdata_ff_reg[16]} \
          {Top_i/xdma_0_axi_periph/s00_couplers/auto_cc/inst/gen_clock_conv.gen_async_lite_conv.clock_conv_lite_fwd_aw/handshake/dest_hsdata_ff_reg[17]} \
          {Top_i/xdma_0_axi_periph/s00_couplers/auto_cc/inst/gen_clock_conv.gen_async_lite_conv.clock_conv_lite_fwd_aw/handshake/dest_hsdata_ff_reg[18]} \
          {Top_i/xdma_0_axi_periph/s00_couplers/auto_cc/inst/gen_clock_conv.gen_async_lite_conv.clock_conv_lite_fwd_aw/handshake/dest_hsdata_ff_reg[19]} \
          {Top_i/xdma_0_axi_periph/s00_couplers/auto_cc/inst/gen_clock_conv.gen_async_lite_conv.clock_conv_lite_fwd_aw/handshake/dest_hsdata_ff_reg[3]} \
          {Top_i/xdma_0_axi_periph/s00_couplers/auto_cc/inst/gen_clock_conv.gen_async_lite_conv.clock_conv_lite_fwd_aw/handshake/dest_hsdata_ff_reg[20]} \
          {Top_i/xdma_0_axi_periph/s00_couplers/auto_cc/inst/gen_clock_conv.gen_async_lite_conv.clock_conv_lite_fwd_aw/handshake/dest_hsdata_ff_reg[21]} \
          {Top_i/xdma_0_axi_periph/s00_couplers/auto_cc/inst/gen_clock_conv.gen_async_lite_conv.clock_conv_lite_fwd_aw/handshake/dest_hsdata_ff_reg[22]} \
          {Top_i/xdma_0_axi_periph/s00_couplers/auto_cc/inst/gen_clock_conv.gen_async_lite_conv.clock_conv_lite_fwd_aw/handshake/dest_hsdata_ff_reg[23]} \
          {Top_i/xdma_0_axi_periph/s00_couplers/auto_cc/inst/gen_clock_conv.gen_async_lite_conv.clock_conv_lite_fwd_aw/handshake/dest_hsdata_ff_reg[24]} \
          {Top_i/xdma_0_axi_periph/s00_couplers/auto_cc/inst/gen_clock_conv.gen_async_lite_conv.clock_conv_lite_fwd_aw/handshake/dest_hsdata_ff_reg[25]} \
          {Top_i/xdma_0_axi_periph/s00_couplers/auto_cc/inst/gen_clock_conv.gen_async_lite_conv.clock_conv_lite_fwd_aw/handshake/dest_hsdata_ff_reg[26]} \
          {Top_i/xdma_0_axi_periph/s00_couplers/auto_cc/inst/gen_clock_conv.gen_async_lite_conv.clock_conv_lite_fwd_aw/handshake/dest_hsdata_ff_reg[27]} \
          {Top_i/xdma_0_axi_periph/s00_couplers/auto_cc/inst/gen_clock_conv.gen_async_lite_conv.clock_conv_lite_fwd_aw/handshake/dest_hsdata_ff_reg[28]} \
          {Top_i/xdma_0_axi_periph/s00_couplers/auto_cc/inst/gen_clock_conv.gen_async_lite_conv.clock_conv_lite_fwd_aw/handshake/dest_hsdata_ff_reg[29]}]] 30.000
Requirement: 30.000ns
Endpoints: 22

From Clock            To Clock              Endpoint Pin                    Reference Pin                   Corner  Actual(ns)  Slack(ns)
--------------------  --------------------  ------------------------------  ------------------------------  ------  ----------  ---------
userclk2              clk_out1_Top_clk_wiz_1
                                            Top_i/xdma_0_axi_periph/s00_couplers/auto_cc/inst/gen_clock_conv.gen_async_lite_conv.clock_conv_lite_fwd_aw/handshake/dest_hsdata_ff_reg[30]/D
                                                                            Top_i/xdma_0_axi_periph/s00_couplers/auto_cc/inst/gen_clock_conv.gen_async_lite_conv.clock_conv_lite_fwd_aw/handshake/dest_hsdata_ff_reg[2]/D
                                                                                                            Slow         0.788     29.212


Slack (MET) :             29.212ns  (requirement - actual skew)
  Endpoint Source:        Top_i/xdma_0_axi_periph/s00_couplers/auto_cc/inst/gen_clock_conv.gen_async_lite_conv.clock_conv_lite_fwd_aw/handshake/src_hsdata_ff_reg[30]/C
                            (rising edge-triggered cell FDRE clocked by userclk2)
  Endpoint Destination:   Top_i/xdma_0_axi_periph/s00_couplers/auto_cc/inst/gen_clock_conv.gen_async_lite_conv.clock_conv_lite_fwd_aw/handshake/dest_hsdata_ff_reg[30]/D
                            (rising edge-triggered cell FDRE clocked by clk_out1_Top_clk_wiz_1)
  Reference Source:       Top_i/xdma_0_axi_periph/s00_couplers/auto_cc/inst/gen_clock_conv.gen_async_lite_conv.clock_conv_lite_fwd_aw/handshake/src_hsdata_ff_reg[2]/C
                            (rising edge-triggered cell FDRE clocked by userclk2)
  Reference Destination:  Top_i/xdma_0_axi_periph/s00_couplers/auto_cc/inst/gen_clock_conv.gen_async_lite_conv.clock_conv_lite_fwd_aw/handshake/dest_hsdata_ff_reg[2]/D
                            (rising edge-triggered cell FDRE clocked by clk_out1_Top_clk_wiz_1)
  Path Type:              Bus Skew (Max at Slow Process Corner)
  Requirement:            30.000ns
  Endpoint Relative Delay:    5.880ns
  Reference Relative Delay:   4.624ns
  Relative CRPR:              0.468ns
  Actual Bus Skew:            0.788ns  (Endpoint Relative Delay - Reference Relative Delay - Relative CRPR)

Endpoint path:
    Location             Delay type                Incr(ns)  Path(ns)    Netlist Resource(s)
  -------------------------------------------------------------------    -------------------
                         (clock userclk2 rise edge)
                                                      0.000     0.000 r  
    GTPE2_CHANNEL_X0Y6   GTPE2_CHANNEL                0.000     0.000 r  Top_i/xdma_0/inst/Top_xdma_0_0_pcie2_to_pcie3_wrapper_i/pcie2_ip_i/inst/inst/gt_top_i/pipe_wrapper_i/pipe_lane[0].gt_wrapper_i/gtp_channel.gtpe2_channel_i/TXOUTCLK
                         net (fo=1, routed)           1.274     1.274    Top_i/xdma_0/inst/Top_xdma_0_0_pcie2_to_pcie3_wrapper_i/pcie2_ip_i/inst/inst/gt_top_i/pipe_wrapper_i/pipe_clock_int.pipe_clock_i/txoutclk_i.txoutclk_i_0
    BUFGCTRL_X0Y19       BUFG (Prop_bufg_I_O)         0.081     1.355 r  Top_i/xdma_0/inst/Top_xdma_0_0_pcie2_to_pcie3_wrapper_i/pcie2_ip_i/inst/inst/gt_top_i/pipe_wrapper_i/pipe_clock_int.pipe_clock_i/txoutclk_i.txoutclk_i/O
                         net (fo=1, routed)           1.520     2.874    Top_i/xdma_0/inst/Top_xdma_0_0_pcie2_to_pcie3_wrapper_i/pcie2_ip_i/inst/inst/gt_top_i/pipe_wrapper_i/pipe_clock_int.pipe_clock_i/refclk
    MMCME2_ADV_X0Y2      MMCME2_ADV (Prop_mmcme2_adv_CLKIN1_CLKOUT3)
                                                      0.077     2.951 r  Top_i/xdma_0/inst/Top_xdma_0_0_pcie2_to_pcie3_wrapper_i/pcie2_ip_i/inst/inst/gt_top_i/pipe_wrapper_i/pipe_clock_int.pipe_clock_i/mmcm_i/CLKOUT3
                         net (fo=1, routed)           1.559     4.510    Top_i/xdma_0/inst/Top_xdma_0_0_pcie2_to_pcie3_wrapper_i/pcie2_ip_i/inst/inst/gt_top_i/pipe_wrapper_i/pipe_clock_int.pipe_clock_i/userclk2
    BUFGCTRL_X0Y0        BUFG (Prop_bufg_I_O)         0.081     4.591 r  Top_i/xdma_0/inst/Top_xdma_0_0_pcie2_to_pcie3_wrapper_i/pcie2_ip_i/inst/inst/gt_top_i/pipe_wrapper_i/pipe_clock_int.pipe_clock_i/userclk2_i1.usrclk2_i1/O
                         net (fo=19707, routed)       1.661     6.252    Top_i/xdma_0_axi_periph/s00_couplers/auto_cc/inst/gen_clock_conv.gen_async_lite_conv.clock_conv_lite_fwd_aw/handshake/src_clk
    SLICE_X16Y244        FDRE                                         r  Top_i/xdma_0_axi_periph/s00_couplers/auto_cc/inst/gen_clock_conv.gen_async_lite_conv.clock_conv_lite_fwd_aw/handshake/src_hsdata_ff_reg[30]/C
  -------------------------------------------------------------------    -------------------
    SLICE_X16Y244        FDRE (Prop_fdre_C_Q)         0.398     6.650 r  Top_i/xdma_0_axi_periph/s00_couplers/auto_cc/inst/gen_clock_conv.gen_async_lite_conv.clock_conv_lite_fwd_aw/handshake/src_hsdata_ff_reg[30]/Q
                         net (fo=1, routed)           0.528     7.179    Top_i/xdma_0_axi_periph/s00_couplers/auto_cc/inst/gen_clock_conv.gen_async_lite_conv.clock_conv_lite_fwd_aw/handshake/src_hsdata_ff[30]
    SLICE_X16Y245        FDRE                                         r  Top_i/xdma_0_axi_periph/s00_couplers/auto_cc/inst/gen_clock_conv.gen_async_lite_conv.clock_conv_lite_fwd_aw/handshake/dest_hsdata_ff_reg[30]/D
  -------------------------------------------------------------------    -------------------

                         (clock clk_out1_Top_clk_wiz_1 rise edge)
                                                      0.000     0.000 r  
    IBUFDS_GTE2_X0Y2     IBUFDS_GTE2                  0.000     0.000 r  Top_i/util_ds_buf/U0/USE_IBUFDS_GTE2.GEN_IBUFDS_GTE2[0].IBUFDS_GTE2_I/O
                         net (fo=3, routed)           1.452     1.452    Top_i/clk_wiz/inst/clk_in1
    MMCME2_ADV_X0Y4      MMCME2_ADV (Prop_mmcme2_adv_CLKIN1_CLKOUT0)
                                                     -3.606    -2.154 r  Top_i/clk_wiz/inst/mmcm_adv_inst/CLKOUT0
                         net (fo=1, routed)           1.964    -0.190    Top_i/clk_wiz/inst/clk_out1_Top_clk_wiz_1
    BUFGCTRL_X0Y16       BUFG (Prop_bufg_I_O)         0.077    -0.113 r  Top_i/clk_wiz/inst/clkout1_buf/O
                         net (fo=116625, routed)      1.541     1.428    Top_i/xdma_0_axi_periph/s00_couplers/auto_cc/inst/gen_clock_conv.gen_async_lite_conv.clock_conv_lite_fwd_aw/handshake/dest_clk
    SLICE_X16Y245        FDRE                                         r  Top_i/xdma_0_axi_periph/s00_couplers/auto_cc/inst/gen_clock_conv.gen_async_lite_conv.clock_conv_lite_fwd_aw/handshake/dest_hsdata_ff_reg[30]/C
                         clock pessimism              0.000     1.428    
    SLICE_X16Y245        FDRE (Setup_fdre_C_D)       -0.129     1.299    Top_i/xdma_0_axi_periph/s00_couplers/auto_cc/inst/gen_clock_conv.gen_async_lite_conv.clock_conv_lite_fwd_aw/handshake/dest_hsdata_ff_reg[30]
  -------------------------------------------------------------------
                         data arrival                           7.179    
                         clock arrival                          1.299    
  -------------------------------------------------------------------
                         relative delay                         5.880    

Reference path:
    Location             Delay type                Incr(ns)  Path(ns)    Netlist Resource(s)
  -------------------------------------------------------------------    -------------------
                         (clock userclk2 rise edge)
                                                      0.000     0.000 r  
    GTPE2_CHANNEL_X0Y6   GTPE2_CHANNEL                0.000     0.000 r  Top_i/xdma_0/inst/Top_xdma_0_0_pcie2_to_pcie3_wrapper_i/pcie2_ip_i/inst/inst/gt_top_i/pipe_wrapper_i/pipe_lane[0].gt_wrapper_i/gtp_channel.gtpe2_channel_i/TXOUTCLK
                         net (fo=1, routed)           1.216     1.216    Top_i/xdma_0/inst/Top_xdma_0_0_pcie2_to_pcie3_wrapper_i/pcie2_ip_i/inst/inst/gt_top_i/pipe_wrapper_i/pipe_clock_int.pipe_clock_i/txoutclk_i.txoutclk_i_0
    BUFGCTRL_X0Y19       BUFG (Prop_bufg_I_O)         0.077     1.293 r  Top_i/xdma_0/inst/Top_xdma_0_0_pcie2_to_pcie3_wrapper_i/pcie2_ip_i/inst/inst/gt_top_i/pipe_wrapper_i/pipe_clock_int.pipe_clock_i/txoutclk_i.txoutclk_i/O
                         net (fo=1, routed)           1.417     2.710    Top_i/xdma_0/inst/Top_xdma_0_0_pcie2_to_pcie3_wrapper_i/pcie2_ip_i/inst/inst/gt_top_i/pipe_wrapper_i/pipe_clock_int.pipe_clock_i/refclk
    MMCME2_ADV_X0Y2      MMCME2_ADV (Prop_mmcme2_adv_CLKIN1_CLKOUT3)
                                                      0.073     2.783 r  Top_i/xdma_0/inst/Top_xdma_0_0_pcie2_to_pcie3_wrapper_i/pcie2_ip_i/inst/inst/gt_top_i/pipe_wrapper_i/pipe_clock_int.pipe_clock_i/mmcm_i/CLKOUT3
                         net (fo=1, routed)           1.488     4.271    Top_i/xdma_0/inst/Top_xdma_0_0_pcie2_to_pcie3_wrapper_i/pcie2_ip_i/inst/inst/gt_top_i/pipe_wrapper_i/pipe_clock_int.pipe_clock_i/userclk2
    BUFGCTRL_X0Y0        BUFG (Prop_bufg_I_O)         0.077     4.348 r  Top_i/xdma_0/inst/Top_xdma_0_0_pcie2_to_pcie3_wrapper_i/pcie2_ip_i/inst/inst/gt_top_i/pipe_wrapper_i/pipe_clock_int.pipe_clock_i/userclk2_i1.usrclk2_i1/O
                         net (fo=19707, routed)       1.532     5.879    Top_i/xdma_0_axi_periph/s00_couplers/auto_cc/inst/gen_clock_conv.gen_async_lite_conv.clock_conv_lite_fwd_aw/handshake/src_clk
    SLICE_X21Y230        FDRE                                         r  Top_i/xdma_0_axi_periph/s00_couplers/auto_cc/inst/gen_clock_conv.gen_async_lite_conv.clock_conv_lite_fwd_aw/handshake/src_hsdata_ff_reg[2]/C
  -------------------------------------------------------------------    -------------------
    SLICE_X21Y230        FDRE (Prop_fdre_C_Q)         0.304     6.183 r  Top_i/xdma_0_axi_periph/s00_couplers/auto_cc/inst/gen_clock_conv.gen_async_lite_conv.clock_conv_lite_fwd_aw/handshake/src_hsdata_ff_reg[2]/Q
                         net (fo=1, routed)           0.213     6.397    Top_i/xdma_0_axi_periph/s00_couplers/auto_cc/inst/gen_clock_conv.gen_async_lite_conv.clock_conv_lite_fwd_aw/handshake/src_hsdata_ff[2]
    SLICE_X21Y231        FDRE                                         r  Top_i/xdma_0_axi_periph/s00_couplers/auto_cc/inst/gen_clock_conv.gen_async_lite_conv.clock_conv_lite_fwd_aw/handshake/dest_hsdata_ff_reg[2]/D
  -------------------------------------------------------------------    -------------------

                         (clock clk_out1_Top_clk_wiz_1 rise edge)
                                                      0.000     0.000 r  
    IBUFDS_GTE2_X0Y2     IBUFDS_GTE2                  0.000     0.000 r  Top_i/util_ds_buf/U0/USE_IBUFDS_GTE2.GEN_IBUFDS_GTE2[0].IBUFDS_GTE2_I/O
                         net (fo=3, routed)           1.638     1.638    Top_i/clk_wiz/inst/clk_in1
    MMCME2_ADV_X0Y4      MMCME2_ADV (Prop_mmcme2_adv_CLKIN1_CLKOUT0)
                                                     -3.816    -2.178 r  Top_i/clk_wiz/inst/mmcm_adv_inst/CLKOUT0
                         net (fo=1, routed)           2.061    -0.117    Top_i/clk_wiz/inst/clk_out1_Top_clk_wiz_1
    BUFGCTRL_X0Y16       BUFG (Prop_bufg_I_O)         0.081    -0.036 r  Top_i/clk_wiz/inst/clkout1_buf/O
                         net (fo=116625, routed)      1.645     1.609    Top_i/xdma_0_axi_periph/s00_couplers/auto_cc/inst/gen_clock_conv.gen_async_lite_conv.clock_conv_lite_fwd_aw/handshake/dest_clk
    SLICE_X21Y231        FDRE                                         r  Top_i/xdma_0_axi_periph/s00_couplers/auto_cc/inst/gen_clock_conv.gen_async_lite_conv.clock_conv_lite_fwd_aw/handshake/dest_hsdata_ff_reg[2]/C
                         clock pessimism              0.000     1.609    
    SLICE_X21Y231        FDRE (Hold_fdre_C_D)         0.164     1.773    Top_i/xdma_0_axi_periph/s00_couplers/auto_cc/inst/gen_clock_conv.gen_async_lite_conv.clock_conv_lite_fwd_aw/handshake/dest_hsdata_ff_reg[2]
  -------------------------------------------------------------------
                         data arrival                           6.397    
                         clock arrival                          1.773    
  -------------------------------------------------------------------
                         relative delay                         4.624    



